<?xml version='1.0' encoding='UTF-8'?>
<osm version="0.6" generator="osmium/1.16.0">
  <bounds minlat="7.99" minlon="124.25" maxlat="8.006" maxlon="124.272"/>
  <node id="1030432527" version="5" timestamp="2020-10-05T11:26:24Z" uid="8793998" user="animalkingdom" changeset="91982295" lat="7.9937801" lon="124.2658652"/>
  <node id="1030434388" version="3" timestamp="2020-10-05T11:13:40Z" uid="8793998" user="animalkingdom" changeset="91981355" lat="7.9941168" lon="124.2654173"/>
  <node id="1030434879" version="6" timestamp="2020-10-05T11:38:43Z" uid="8793998" user="animalkingdom" changeset="91983231" lat="7.9964559" lon="124.265024"/>
  <node id="1156114976" version="4" timestamp="2022-05-24T07:40:28Z" uid="5653955" user="Timmy_Tesseract" changeset="121406855" lat="8.0021569" lon="124.2670119"/>
  <node id="1156114977" version="8" timestamp="2022-05-24T07:40:28Z" uid="5653955" user="Timmy_Tesseract" changeset="121406855" lat="8.0000304" lon="124.2685997"/>
  <node id="1171601904" version="5" timestamp="2022-05-24T07:40:28Z" uid="5653955" user="Timmy_Tesseract" changeset="121406855" lat="8.0027841" lon="124.2673206"/>
  <node id="1171601908" version="3" timestamp="2020-10-06T09:29:08Z" uid="10334783" user="GilpinFalls" changeset="92036486" lat="8.0025261" lon="124.2671138"/>
  <node id="1171601909" version="3" timestamp="2020-10-06T09:29:08Z" uid="10334783" user="GilpinFalls" changeset="92036486" lat="8.0022432" lon="124.2669207"/>
  <node id="1171601914" version="2" timestamp="2020-10-06T09:29:08Z" uid="10334783" user="GilpinFalls" changeset="92036486" lat="8.0024929" lon="124.2671688"/>
  <node id="1171601915" version="2" timestamp="2011-12-28T10:32:12Z" uid="1417" user="maning" changeset="10224084" lat="8.0024472" lon="124.2672574"/>
  <node id="1171601916" version="3" timestamp="2020-10-06T09:29:08Z" uid="10334783" user="GilpinFalls" changeset="92036486" lat="8.0025062" lon="124.2673713"/>
  <node id="1171601918" version="3" timestamp="2020-10-06T09:29:08Z" uid="10334783" user="GilpinFalls" changeset="92036486" lat="8.0026044" lon="124.2675698"/>
  <node id="1171601919" version="3" timestamp="2020-10-06T09:29:08Z" uid="10334783" user="GilpinFalls" changeset="92036486" lat="8.0026695" lon="124.2676596"/>
  <node id="1171601922" version="3" timestamp="2020-10-06T09:29:08Z" uid="10334783" user="GilpinFalls" changeset="92036486" lat="8.0027266" lon="124.2677347"/>
  <node id="1171601923" version="3" timestamp="2020-10-06T09:29:08Z" uid="10334783" user="GilpinFalls" changeset="92036486" lat="8.0027904" lon="124.2678085"/>
  <node id="1171601925" version="3" timestamp="2020-10-06T09:29:08Z" uid="10334783" user="GilpinFalls" changeset="92036486" lat="8.0028687" lon="124.2678823"/>
  <node id="1171601926" version="3" timestamp="2020-10-06T09:29:08Z" uid="10334783" user="GilpinFalls" changeset="92036486" lat="8.0029484" lon="124.2679681"/>
  <node id="1171601927" version="3" timestamp="2020-10-06T09:29:08Z" uid="10334783" user="GilpinFalls" changeset="92036486" lat="8.0029856" lon="124.2680137"/>
  <node id="1171601929" version="3" timestamp="2020-10-06T09:29:08Z" uid="10334783" user="GilpinFalls" changeset="92036486" lat="8.0030188" lon="124.2680606"/>
  <node id="1175042198" version="2" timestamp="2020-11-07T10:11:33Z" uid="10811350" user="Dunajec5" changeset="93701468" lat="8.0090979" lon="124.2629448"/>
  <node id="1175042199" version="3" timestamp="2020-10-06T10:12:38Z" uid="10334783" user="GilpinFalls" changeset="92039697" lat="8.0095062" lon="124.264158"/>
  <node id="1175042201" version="3" timestamp="2020-10-06T10:12:38Z" uid="10334783" user="GilpinFalls" changeset="92039697" lat="8.0097731" lon="124.2648406"/>
  <node id="1175042204" version="2" timestamp="2020-10-06T10:12:38Z" uid="10334783" user="GilpinFalls" changeset="92039697" lat="8.0099245" lon="124.2652376"/>
  <node id="1175042205" version="3" timestamp="2020-10-06T10:12:38Z" uid="10334783" user="GilpinFalls" changeset="92039697" lat="8.0103229" lon="124.2662595"/>
  <node id="1175042207" version="2" timestamp="2020-10-06T10:12:38Z" uid="10334783" user="GilpinFalls" changeset="92039697" lat="8.0105912" lon="124.2669851"/>
  <node id="1175042214" version="2" timestamp="2020-10-06T10:12:38Z" uid="10334783" user="GilpinFalls" changeset="92039697" lat="8.0115195" lon="124.2703593"/>
  <node id="1175042226" version="3" timestamp="2020-10-06T10:12:38Z" uid="10334783" user="GilpinFalls" changeset="92039697" lat="8.0121437" lon="124.2725077"/>
  <node id="1175042227" version="1" timestamp="2011-02-26T17:01:34Z" uid="329963" user="pacifier" changeset="7401697" lat="8.0123621" lon="124.2730192"/>
  <node id="1175042229" version="4" timestamp="2021-04-16T11:11:30Z" uid="9090156" user="Finisterre" changeset="103054645" lat="8.0125553" lon="124.2734552"/>
  <node id="1176856092" version="4" timestamp="2020-10-07T09:32:25Z" uid="10210169" user="MonteGeneroso" changeset="92099905" lat="7.9981342" lon="124.2591235"/>
  <node id="1176856102" version="3" timestamp="2025-07-03T07:44:25Z" uid="23055017" user="angeloiligan" changeset="168431484" lat="7.9974446" lon="124.2590326">
    <tag k="crossing:markings" v="lines"/>
    <tag k="road_marking:direction" v="forward"/>
  </node>
  <node id="1176856134" version="4" timestamp="2022-05-24T07:25:04Z" uid="5653955" user="Timmy_Tesseract" changeset="121405934" lat="7.9973889" lon="124.2580592"/>
  <node id="1176856258" version="4" timestamp="2022-05-24T07:25:04Z" uid="5653955" user="Timmy_Tesseract" changeset="121405934" lat="7.9970777" lon="124.2555039"/>
  <node id="1176856262" version="3" timestamp="2022-05-24T07:25:04Z" uid="5653955" user="Timmy_Tesseract" changeset="121405934" lat="7.9971502" lon="124.2554911"/>
  <node id="1176856263" version="3" timestamp="2020-10-07T10:33:08Z" uid="10210169" user="MonteGeneroso" changeset="92104655" lat="7.9974443" lon="124.2554556"/>
  <node id="1176856267" version="5" timestamp="2020-10-07T10:33:08Z" uid="10210169" user="MonteGeneroso" changeset="92104655" lat="7.9982557" lon="124.2554066"/>
  <node id="1176856271" version="4" timestamp="2020-10-07T10:33:08Z" uid="10210169" user="MonteGeneroso" changeset="92104655" lat="7.9982551" lon="124.2552316"/>
  <node id="1176856273" version="4" timestamp="2020-10-07T10:57:19Z" uid="10210169" user="MonteGeneroso" changeset="92106360" lat="7.9980482" lon="124.254901"/>
  <node id="1176856276" version="3" timestamp="2020-10-07T10:57:19Z" uid="10210169" user="MonteGeneroso" changeset="92106360" lat="7.9980545" lon="124.2548588"/>
  <node id="1176856279" version="3" timestamp="2020-10-07T10:57:19Z" uid="10210169" user="MonteGeneroso" changeset="92106360" lat="7.9980661" lon="124.2548115"/>
  <node id="1176856281" version="3" timestamp="2020-10-07T10:57:19Z" uid="10210169" user="MonteGeneroso" changeset="92106360" lat="7.998282" lon="124.2547713"/>
  <node id="1176856282" version="3" timestamp="2020-10-07T10:57:19Z" uid="10210169" user="MonteGeneroso" changeset="92106360" lat="7.9984931" lon="124.254782"/>
  <node id="1176856283" version="3" timestamp="2020-10-07T10:57:19Z" uid="10210169" user="MonteGeneroso" changeset="92106360" lat="7.9987129" lon="124.2547934"/>
  <node id="1176856286" version="4" timestamp="2020-10-07T10:57:19Z" uid="10210169" user="MonteGeneroso" changeset="92106360" lat="7.9989583" lon="124.2548105"/>
  <node id="1176856288" version="4" timestamp="2020-10-07T10:57:19Z" uid="10210169" user="MonteGeneroso" changeset="92106360" lat="7.9991701" lon="124.2548105"/>
  <node id="1176856290" version="5" timestamp="2020-10-07T10:57:19Z" uid="10210169" user="MonteGeneroso" changeset="92106360" lat="7.9993414" lon="124.2548112"/>
  <node id="1176856292" version="4" timestamp="2020-10-07T10:57:19Z" uid="10210169" user="MonteGeneroso" changeset="92106360" lat="7.9996303" lon="124.254384"/>
  <node id="1176856295" version="4" timestamp="2020-10-07T10:57:19Z" uid="10210169" user="MonteGeneroso" changeset="92106360" lat="7.999603" lon="124.2541105"/>
  <node id="1176856298" version="4" timestamp="2020-10-07T10:57:19Z" uid="10210169" user="MonteGeneroso" changeset="92106360" lat="7.9997571" lon="124.2541024"/>
  <node id="1176856301" version="7" timestamp="2022-05-24T07:25:04Z" uid="5653955" user="Timmy_Tesseract" changeset="121405934" lat="8.0004922" lon="124.2541125"/>
  <node id="1176856304" version="5" timestamp="2022-05-24T07:25:04Z" uid="5653955" user="Timmy_Tesseract" changeset="121405934" lat="8.0005758" lon="124.2542667"/>
  <node id="1176856308" version="3" timestamp="2020-11-07T09:46:36Z" uid="10811350" user="Dunajec5" changeset="93700605" lat="8.0011032" lon="124.2540975"/>
  <node id="1176856317" version="3" timestamp="2020-11-07T09:46:36Z" uid="10811350" user="Dunajec5" changeset="93700605" lat="8.0036198" lon="124.2530957"/>
  <node id="1176856320" version="3" timestamp="2020-11-07T09:46:36Z" uid="10811350" user="Dunajec5" changeset="93700605" lat="8.0041803" lon="124.2528517"/>
  <node id="1176856329" version="3" timestamp="2019-05-25T22:32:27Z" uid="5653955" user="Timmy_Tesseract" changeset="70620672" lat="8.0048324" lon="124.2525257"/>
  <node id="1176856340" version="3" timestamp="2020-11-07T10:11:33Z" uid="10811350" user="Dunajec5" changeset="93701468" lat="8.0066013" lon="124.2564928"/>
  <node id="1176856342" version="2" timestamp="2017-06-24T18:54:34Z" uid="349964" user="jmbangate" changeset="49800154" lat="8.0070794" lon="124.2576822"/>
  <node id="1176856345" version="3" timestamp="2020-11-07T10:11:33Z" uid="10811350" user="Dunajec5" changeset="93701468" lat="8.0078643" lon="124.259667"/>
  <node id="1176856346" version="3" timestamp="2020-11-07T10:11:33Z" uid="10811350" user="Dunajec5" changeset="93701468" lat="8.0082281" lon="124.2608365"/>
  <node id="1176856348" version="4" timestamp="2022-05-24T07:40:28Z" uid="5653955" user="Timmy_Tesseract" changeset="121406855" lat="8.0083556" lon="124.2611457"/>
  <node id="1176856349" version="3" timestamp="2020-11-07T10:11:33Z" uid="10811350" user="Dunajec5" changeset="93701468" lat="8.0088005" lon="124.2620609"/>
  <node id="1180895788" version="4" timestamp="2022-05-24T07:25:04Z" uid="5653955" user="Timmy_Tesseract" changeset="121405934" lat="7.9971794" lon="124.2630449"/>
  <node id="1180895852" version="5" timestamp="2022-05-24T07:25:04Z" uid="5653955" user="Timmy_Tesseract" changeset="121405934" lat="7.99785" lon="124.2630033"/>
  <node id="1180895932" version="4" timestamp="2022-04-09T05:45:19Z" uid="1041828" user="GOwin" changeset="119491577" lat="7.9977995" lon="124.2638938"/>
  <node id="1180896097" version="5" timestamp="2022-05-24T07:25:04Z" uid="5653955" user="Timmy_Tesseract" changeset="121405934" lat="7.9999776" lon="124.2596961"/>
  <node id="1180896278" version="5" timestamp="2020-10-06T09:29:08Z" uid="10334783" user="GilpinFalls" changeset="92036486" lat="8.0017096" lon="124.2697187"/>
  <node id="1180896461" version="2" timestamp="2017-10-29T13:42:47Z" uid="349964" user="jmbangate" changeset="53342341" lat="8.0008703" lon="124.2692217"/>
  <node id="1180896619" version="3" timestamp="2020-10-07T11:18:31Z" uid="10210169" user="MonteGeneroso" changeset="92107874" lat="7.9986946" lon="124.2540246"/>
  <node id="1180896776" version="7" timestamp="2022-05-24T07:25:04Z" uid="5653955" user="Timmy_Tesseract" changeset="121405934" lat="8.0011419" lon="124.2578643"/>
  <node id="1180896853" version="5" timestamp="2022-05-24T07:25:04Z" uid="5653955" user="Timmy_Tesseract" changeset="121405934" lat="7.9992259" lon="124.2618412"/>
  <node id="1180896934" version="5" timestamp="2022-05-24T07:25:04Z" uid="5653955" user="Timmy_Tesseract" changeset="121405934" lat="7.9995991" lon="124.2595151"/>
  <node id="1180897271" version="2" timestamp="2017-06-24T18:18:14Z" uid="349964" user="jmbangate" changeset="49799485" lat="8.0043366" lon="124.2663979"/>
  <node id="1180897378" version="4" timestamp="2022-05-24T07:25:04Z" uid="5653955" user="Timmy_Tesseract" changeset="121405934" lat="7.9973108" lon="124.2629859"/>
  <node id="1180897454" version="4" timestamp="2022-05-24T07:25:04Z" uid="5653955" user="Timmy_Tesseract" changeset="121405934" lat="7.9983992" lon="124.2631245"/>
  <node id="1180897531" version="4" timestamp="2022-04-09T05:45:19Z" uid="1041828" user="GOwin" changeset="119491577" lat="7.9978102" lon="124.2640199"/>
  <node id="1180898281" version="4" timestamp="2020-10-06T09:29:08Z" uid="10334783" user="GilpinFalls" changeset="92036486" lat="8.0007811" lon="124.2702414"/>
  <node id="1180898432" version="3" timestamp="2020-10-06T10:29:56Z" uid="10334783" user="GilpinFalls" changeset="92041039" lat="8.0023561" lon="124.2674243"/>
  <node id="1180898548" version="5" timestamp="2022-05-24T07:40:28Z" uid="5653955" user="Timmy_Tesseract" changeset="121406855" lat="8.0033222" lon="124.2653194"/>
  <node id="1180898644" version="3" timestamp="2020-10-07T11:18:31Z" uid="10210169" user="MonteGeneroso" changeset="92107874" lat="7.9982099" lon="124.2539576"/>
  <node id="1180898735" version="4" timestamp="2022-04-09T05:45:19Z" uid="1041828" user="GOwin" changeset="119491577" lat="7.9990585" lon="124.26312"/>
  <node id="1180898810" version="5" timestamp="2022-04-06T12:43:34Z" uid="5653955" user="Timmy_Tesseract" changeset="119385893" lat="8.000865" lon="124.2570775"/>
  <node id="1180899729" version="3" timestamp="2020-10-07T10:26:27Z" uid="10210169" user="MonteGeneroso" changeset="92104137" lat="7.9992418" lon="124.2563032"/>
  <node id="1180900093" version="3" timestamp="2022-04-09T05:45:19Z" uid="1041828" user="GOwin" changeset="119491577" lat="7.9982816" lon="124.2631145">
    <tag k="access" v="destination"/>
    <tag k="barrier" v="gate"/>
  </node>
  <node id="1180900277" version="4" timestamp="2022-04-09T05:45:19Z" uid="1041828" user="GOwin" changeset="119491577" lat="7.9978234" lon="124.2633587"/>
  <node id="1180901401" version="3" timestamp="2020-10-06T09:29:08Z" uid="10334783" user="GilpinFalls" changeset="92036486" lat="8.0025819" lon="124.2681907"/>
  <node id="1180902635" version="3" timestamp="2022-04-09T05:45:19Z" uid="1041828" user="GOwin" changeset="119491577" lat="7.9986594" lon="124.2631274"/>
  <node id="1180903832" version="4" timestamp="2022-05-24T07:25:04Z" uid="5653955" user="Timmy_Tesseract" changeset="121405934" lat="7.9993291" lon="124.2616966"/>
  <node id="1180904519" version="4" timestamp="2022-05-24T07:40:28Z" uid="5653955" user="Timmy_Tesseract" changeset="121406855" lat="8.0023846" lon="124.2660168"/>
  <node id="1180904767" version="3" timestamp="2020-10-07T10:33:08Z" uid="10210169" user="MonteGeneroso" changeset="92104655" lat="7.9980432" lon="124.2549473"/>
  <node id="1180905008" version="3" timestamp="2020-10-07T10:26:27Z" uid="10210169" user="MonteGeneroso" changeset="92104137" lat="7.9979377" lon="124.25611"/>
  <node id="1180906119" version="4" timestamp="2022-04-09T05:45:19Z" uid="1041828" user="GOwin" changeset="119491577" lat="7.9977863" lon="124.263639"/>
  <node id="1180909022" version="3" timestamp="2020-10-07T10:33:08Z" uid="10210169" user="MonteGeneroso" changeset="92104655" lat="7.9976163" lon="124.2547984"/>
  <node id="1180910622" version="1" timestamp="2011-03-01T17:06:20Z" uid="329963" user="pacifier" changeset="7430780" lat="7.9995873" lon="124.2613176"/>
  <node id="1180912159" version="3" timestamp="2022-05-24T07:25:04Z" uid="5653955" user="Timmy_Tesseract" changeset="121405934" lat="7.9964688" lon="124.2634593"/>
  <node id="1180914247" version="6" timestamp="2020-10-06T09:29:08Z" uid="10334783" user="GilpinFalls" changeset="92036486" lat="8.001007" lon="124.2701151"/>
  <node id="1180915013" version="3" timestamp="2020-10-07T10:33:08Z" uid="10210169" user="MonteGeneroso" changeset="92104655" lat="7.9976322" lon="124.2548025"/>
  <node id="1180915363" version="3" timestamp="2020-10-07T09:08:46Z" uid="10210169" user="MonteGeneroso" changeset="92098066" lat="7.9976428" lon="124.2629564"/>
  <node id="1180916804" version="6" timestamp="2022-05-24T07:25:04Z" uid="5653955" user="Timmy_Tesseract" changeset="121405934" lat="8.0006083" lon="124.2587627"/>
  <node id="1180917449" version="4" timestamp="2020-10-06T09:29:08Z" uid="10334783" user="GilpinFalls" changeset="92036486" lat="8.0029085" lon="124.2688934"/>
  <node id="1180917750" version="3" timestamp="2017-10-29T13:42:47Z" uid="349964" user="jmbangate" changeset="53342341" lat="8.001116" lon="124.2690746"/>
  <node id="1180918039" version="4" timestamp="2020-10-06T10:29:56Z" uid="10334783" user="GilpinFalls" changeset="92041039" lat="8.0023196" lon="124.2675148"/>
  <node id="1180918162" version="2" timestamp="2020-10-07T10:26:27Z" uid="10210169" user="MonteGeneroso" changeset="92104137" lat="8.0000001" lon="124.2565539"/>
  <node id="1180918358" version="3" timestamp="2020-10-06T09:29:08Z" uid="10334783" user="GilpinFalls" changeset="92036486" lat="8.0037784" lon="124.2654133"/>
  <node id="1180918512" version="5" timestamp="2020-10-07T10:26:27Z" uid="10210169" user="MonteGeneroso" changeset="92104137" lat="7.9962344" lon="124.2563836"/>
  <node id="1180918818" version="2" timestamp="2022-05-24T07:25:04Z" uid="5653955" user="Timmy_Tesseract" changeset="121405934" lat="7.9968837" lon="124.2632009"/>
  <node id="1180919114" version="5" timestamp="2022-05-24T07:25:04Z" uid="5653955" user="Timmy_Tesseract" changeset="121405934" lat="8.0003448" lon="124.2566914"/>
  <node id="1180920644" version="5" timestamp="2022-04-06T12:43:34Z" uid="5653955" user="Timmy_Tesseract" changeset="119385893" lat="7.9976714" lon="124.2539166"/>
  <node id="1180921050" version="3" timestamp="2022-05-24T07:25:04Z" uid="5653955" user="Timmy_Tesseract" changeset="121405934" lat="7.9968247" lon="124.2632407"/>
  <node id="1180921587" version="3" timestamp="2022-05-24T07:25:04Z" uid="5653955" user="Timmy_Tesseract" changeset="121405934" lat="7.9981605" lon="124.2630895"/>
  <node id="1180922969" version="7" timestamp="2022-05-24T07:25:04Z" uid="5653955" user="Timmy_Tesseract" changeset="121405934" lat="8.0011536" lon="124.2581225"/>
  <node id="1180924483" version="4" timestamp="2020-10-06T09:29:08Z" uid="10334783" user="GilpinFalls" changeset="92036486" lat="8.0006681" lon="124.2681693"/>
  <node id="1180925151" version="4" timestamp="2020-10-06T10:29:56Z" uid="10334783" user="GilpinFalls" changeset="92041039" lat="8.0023209" lon="124.2676818"/>
  <node id="1180926248" version="5" timestamp="2022-04-06T12:43:34Z" uid="5653955" user="Timmy_Tesseract" changeset="119385893" lat="7.9953081" lon="124.2565167"/>
  <node id="1180928987" version="3" timestamp="2022-05-24T07:40:28Z" uid="5653955" user="Timmy_Tesseract" changeset="121406855" lat="8.0022365" lon="124.266334"/>
  <node id="1180929327" version="3" timestamp="2020-10-07T10:33:08Z" uid="10210169" user="MonteGeneroso" changeset="92104655" lat="7.9976023" lon="124.2544679"/>
  <node id="1181122398" version="3" timestamp="2020-10-07T10:26:27Z" uid="10210169" user="MonteGeneroso" changeset="92104137" lat="7.9944787" lon="124.2538476"/>
  <node id="1181123230" version="3" timestamp="2013-07-15T09:55:47Z" uid="1417" user="maning" changeset="16959668" lat="7.9937099" lon="124.2533307"/>
  <node id="1181125304" version="3" timestamp="2020-10-05T11:38:43Z" uid="8793998" user="animalkingdom" changeset="91983231" lat="7.9963267" lon="124.2648621"/>
  <node id="1181126255" version="3" timestamp="2020-10-07T09:32:25Z" uid="10210169" user="MonteGeneroso" changeset="92099905" lat="7.9996628" lon="124.263867"/>
  <node id="1181126559" version="5" timestamp="2020-10-07T08:44:11Z" uid="10210169" user="MonteGeneroso" changeset="92096107" lat="7.9940856" lon="124.2540387"/>
  <node id="1181127943" version="4" timestamp="2020-10-07T09:32:25Z" uid="10210169" user="MonteGeneroso" changeset="92099905" lat="7.9921848" lon="124.2551609"/>
  <node id="1181128302" version="4" timestamp="2022-05-24T07:25:04Z" uid="5653955" user="Timmy_Tesseract" changeset="121405934" lat="8.0001216" lon="124.258707"/>
  <node id="1181129141" version="4" timestamp="2022-05-24T07:25:04Z" uid="5653955" user="Timmy_Tesseract" changeset="121405934" lat="8.0007747" lon="124.2509135"/>
  <node id="1181129542" version="2" timestamp="2020-10-07T09:32:25Z" uid="10210169" user="MonteGeneroso" changeset="92099905" lat="7.993397" lon="124.2563588"/>
  <node id="1181129881" version="4" timestamp="2020-11-07T09:46:36Z" uid="10811350" user="Dunajec5" changeset="93700605" lat="8.0023054" lon="124.2564295"/>
  <node id="1181130788" version="6" timestamp="2022-05-24T07:40:28Z" uid="5653955" user="Timmy_Tesseract" changeset="121406855" lat="8.0012259" lon="124.2677428"/>
  <node id="1181130994" version="6" timestamp="2017-06-04T09:01:21Z" uid="349964" user="jmbangate" changeset="49236898" lat="7.9934668" lon="124.2573864"/>
  <node id="1181131646" version="3" timestamp="2020-10-07T09:45:25Z" uid="10210169" user="MonteGeneroso" changeset="92100892" lat="7.9933757" lon="124.2531643"/>
  <node id="1181132244" version="7" timestamp="2020-10-08T07:20:19Z" uid="9625586" user="Candelaria16" changeset="92152668" lat="7.9956302" lon="124.2607369"/>
  <node id="1181132629" version="4" timestamp="2020-11-07T09:46:36Z" uid="10811350" user="Dunajec5" changeset="93700605" lat="8.0010604" lon="124.2639498"/>
  <node id="1181132873" version="3" timestamp="2017-06-24T18:06:38Z" uid="349964" user="jmbangate" changeset="49799290" lat="7.99448" lon="124.2624001"/>
  <node id="1181133906" version="4" timestamp="2020-10-07T10:26:27Z" uid="10210169" user="MonteGeneroso" changeset="92104137" lat="7.9944415" lon="124.2565385"/>
  <node id="1181134318" version="3" timestamp="2020-10-07T09:45:25Z" uid="10210169" user="MonteGeneroso" changeset="92100892" lat="7.9932868" lon="124.2551431"/>
  <node id="1181134768" version="3" timestamp="2020-10-07T10:33:08Z" uid="10210169" user="MonteGeneroso" changeset="92104655" lat="7.9945219" lon="124.2547582"/>
  <node id="1183455499" version="3" timestamp="2020-10-07T08:44:11Z" uid="10210169" user="MonteGeneroso" changeset="92096107" lat="7.9925517" lon="124.2537886"/>
  <node id="1183455526" version="4" timestamp="2020-10-07T08:44:11Z" uid="10210169" user="MonteGeneroso" changeset="92096107" lat="7.9939156" lon="124.2540226"/>
  <node id="1183455595" version="3" timestamp="2020-10-07T10:33:08Z" uid="10210169" user="MonteGeneroso" changeset="92104655" lat="7.9936367" lon="124.254665"/>
  <node id="1183455645" version="2" timestamp="2020-10-05T11:26:24Z" uid="8793998" user="animalkingdom" changeset="91982295" lat="8.0003434" lon="124.265127"/>
  <node id="1183455733" version="4" timestamp="2020-10-08T07:20:19Z" uid="9625586" user="Candelaria16" changeset="92152668" lat="7.9960367" lon="124.2595989"/>
  <node id="1183455851" version="5" timestamp="2022-05-24T07:25:04Z" uid="5653955" user="Timmy_Tesseract" changeset="121405934" lat="7.9977718" lon="124.2533721"/>
  <node id="1183459542" version="3" timestamp="2020-10-07T09:45:25Z" uid="10210169" user="MonteGeneroso" changeset="92100892" lat="7.9932941" lon="124.2536739"/>
  <node id="1183459562" version="5" timestamp="2020-10-07T09:08:46Z" uid="10210169" user="MonteGeneroso" changeset="92098066" lat="7.994984" lon="124.2614087"/>
  <node id="1183459569" version="3" timestamp="2020-10-07T10:26:27Z" uid="10210169" user="MonteGeneroso" changeset="92104137" lat="7.9945179" lon="124.2565419"/>
  <node id="1183459579" version="4" timestamp="2020-10-07T10:33:08Z" uid="10210169" user="MonteGeneroso" changeset="92104655" lat="7.9993056" lon="124.2555776"/>
  <node id="1183459590" version="4" timestamp="2022-04-06T12:43:34Z" uid="5653955" user="Timmy_Tesseract" changeset="119385893" lat="7.9995268" lon="124.2535873"/>
  <node id="1183459597" version="5" timestamp="2020-11-07T09:46:36Z" uid="10811350" user="Dunajec5" changeset="93700605" lat="8.0004384" lon="124.2550733"/>
  <node id="1183459599" version="3" timestamp="2020-10-07T09:45:25Z" uid="10210169" user="MonteGeneroso" changeset="92100892" lat="7.9925317" lon="124.2553282"/>
  <node id="1183459624" version="4" timestamp="2020-11-07T10:11:33Z" uid="10811350" user="Dunajec5" changeset="93701468" lat="8.0010412" lon="124.2630475"/>
  <node id="1183459634" version="3" timestamp="2020-10-07T09:45:25Z" uid="10210169" user="MonteGeneroso" changeset="92100892" lat="7.9906944" lon="124.2543465"/>
  <node id="1183459655" version="4" timestamp="2020-10-07T08:44:11Z" uid="10210169" user="MonteGeneroso" changeset="92096107" lat="7.9931002" lon="124.253914"/>
  <node id="1183459658" version="3" timestamp="2020-10-07T10:26:27Z" uid="10210169" user="MonteGeneroso" changeset="92104137" lat="7.9935159" lon="124.2519104"/>
  <node id="1183459662" version="4" timestamp="2019-05-25T22:32:27Z" uid="5653955" user="Timmy_Tesseract" changeset="70620672" lat="7.9952081" lon="124.2632417"/>
  <node id="1183459680" version="4" timestamp="2019-05-25T22:32:27Z" uid="5653955" user="Timmy_Tesseract" changeset="70620672" lat="7.9952953" lon="124.2619661"/>
  <node id="1183459686" version="3" timestamp="2020-10-07T10:57:19Z" uid="10210169" user="MonteGeneroso" changeset="92106360" lat="7.9987886" lon="124.2534142"/>
  <node id="1183459697" version="4" timestamp="2020-11-07T09:46:36Z" uid="10811350" user="Dunajec5" changeset="93700605" lat="8.0013238" lon="124.2566746"/>
  <node id="1183459709" version="3" timestamp="2013-07-12T04:11:24Z" uid="1417" user="maning" changeset="16921056" lat="7.9946945" lon="124.2584909"/>
  <node id="1183459732" version="4" timestamp="2020-10-06T09:29:08Z" uid="10334783" user="GilpinFalls" changeset="92036486" lat="8.0022872" lon="124.2693237"/>
  <node id="1183459754" version="4" timestamp="2020-10-07T09:45:25Z" uid="10210169" user="MonteGeneroso" changeset="92100892" lat="7.9932283" lon="124.2546583"/>
  <node id="1183459757" version="5" timestamp="2022-04-09T05:45:19Z" uid="1041828" user="GOwin" changeset="119491577" lat="7.9997624" lon="124.2659082"/>
  <node id="1183459767" version="3" timestamp="2022-05-24T07:25:04Z" uid="5653955" user="Timmy_Tesseract" changeset="121405934" lat="8.0010778" lon="124.2635324"/>
  <node id="1183459783" version="4" timestamp="2020-10-05T12:25:12Z" uid="8793998" user="animalkingdom" changeset="91986318" lat="8.0003229" lon="124.272284"/>
  <node id="1183459803" version="4" timestamp="2020-10-08T07:20:19Z" uid="9625586" user="Candelaria16" changeset="92152668" lat="7.9961629" lon="124.2593105"/>
  <node id="1183459820" version="3" timestamp="2020-10-07T08:44:11Z" uid="10210169" user="MonteGeneroso" changeset="92096107" lat="7.9918571" lon="124.253336"/>
  <node id="1183459821" version="4" timestamp="2020-10-07T09:45:25Z" uid="10210169" user="MonteGeneroso" changeset="92100892" lat="7.9932575" lon="124.2539375"/>
  <node id="1183459825" version="4" timestamp="2019-05-25T22:32:27Z" uid="5653955" user="Timmy_Tesseract" changeset="70620672" lat="7.9952287" lon="124.2623574"/>
  <node id="1183459833" version="7" timestamp="2026-05-22T19:41:40Z" uid="24046365" user="Ainie Mac" changeset="183039183" lat="7.9958604" lon="124.256481"/>
  <node id="1183459845" version="5" timestamp="2022-05-24T07:25:04Z" uid="5653955" user="Timmy_Tesseract" changeset="121405934" lat="7.9994981" lon="124.2658371"/>
  <node id="1183459851" version="3" timestamp="2022-05-24T07:25:04Z" uid="5653955" user="Timmy_Tesseract" changeset="121405934" lat="7.9993467" lon="124.2640065"/>
  <node id="1183459852" version="5" timestamp="2020-11-07T09:46:36Z" uid="10811350" user="Dunajec5" changeset="93700605" lat="8.000437" lon="124.2589371"/>
  <node id="1183459870" version="5" timestamp="2022-04-06T12:43:34Z" uid="5653955" user="Timmy_Tesseract" changeset="119385893" lat="8.0007026" lon="124.2569114"/>
  <node id="1183459907" version="3" timestamp="2020-10-07T09:45:25Z" uid="10210169" user="MonteGeneroso" changeset="92100892" lat="7.991375" lon="124.2547928"/>
  <node id="1183459910" version="3" timestamp="2020-10-07T10:26:27Z" uid="10210169" user="MonteGeneroso" changeset="92104137" lat="7.9937828" lon="124.2528408"/>
  <node id="1183459913" version="5" timestamp="2020-10-07T09:23:21Z" uid="10210169" user="MonteGeneroso" changeset="92099231" lat="7.9944163" lon="124.2617159"/>
  <node id="1183459926" version="2" timestamp="2020-10-07T10:26:27Z" uid="10210169" user="MonteGeneroso" changeset="92104137" lat="7.9946726" lon="124.2530262"/>
  <node id="1183459930" version="2" timestamp="2020-10-07T10:26:27Z" uid="10210169" user="MonteGeneroso" changeset="92104137" lat="8.0002166" lon="124.2494836"/>
  <node id="1183459934" version="4" timestamp="2020-11-07T09:46:36Z" uid="10811350" user="Dunajec5" changeset="93700605" lat="8.0007658" lon="124.2640152"/>
  <node id="1183459948" version="3" timestamp="2020-10-07T09:32:25Z" uid="10210169" user="MonteGeneroso" changeset="92099905" lat="7.9994158" lon="124.2641486"/>
  <node id="1183459950" version="3" timestamp="2022-05-24T07:25:04Z" uid="5653955" user="Timmy_Tesseract" changeset="121405934" lat="7.9999031" lon="124.2585792"/>
  <node id="1183459952" version="3" timestamp="2020-10-07T09:45:25Z" uid="10210169" user="MonteGeneroso" changeset="92100892" lat="7.9922356" lon="124.2546254"/>
  <node id="1183459963" version="4" timestamp="2020-11-07T09:46:36Z" uid="10811350" user="Dunajec5" changeset="93700605" lat="8.0019997" lon="124.2575906"/>
  <node id="1183459972" version="3" timestamp="2013-07-12T04:11:24Z" uid="1417" user="maning" changeset="16921056" lat="7.9953106" lon="124.2589322"/>
  <node id="1183459981" version="4" timestamp="2020-10-07T08:44:11Z" uid="10210169" user="MonteGeneroso" changeset="92096107" lat="7.9922123" lon="124.2535586"/>
  <node id="1183459984" version="3" timestamp="2020-10-07T10:26:27Z" uid="10210169" user="MonteGeneroso" changeset="92104137" lat="7.99381" lon="124.2525682"/>
  <node id="1183459998" version="3" timestamp="2019-05-25T22:32:28Z" uid="5653955" user="Timmy_Tesseract" changeset="70620672" lat="7.9955189" lon="124.2641307"/>
  <node id="1183460006" version="2" timestamp="2020-10-07T11:28:24Z" uid="10210169" user="MonteGeneroso" changeset="92108636" lat="7.9958845" lon="124.2554596"/>
  <node id="1183460007" version="6" timestamp="2022-04-06T12:43:34Z" uid="5653955" user="Timmy_Tesseract" changeset="119385893" lat="7.9946187" lon="124.2540776"/>
  <node id="1183460024" version="3" timestamp="2020-10-07T09:32:25Z" uid="10210169" user="MonteGeneroso" changeset="92099905" lat="8.0001024" lon="124.2636859"/>
  <node id="1183460026" version="2" timestamp="2020-10-07T11:18:31Z" uid="10210169" user="MonteGeneroso" changeset="92107874" lat="7.99797" lon="124.2525987"/>
  <node id="1183460064" version="2" timestamp="2020-10-07T10:26:27Z" uid="10210169" user="MonteGeneroso" changeset="92104137" lat="7.9947921" lon="124.2525078"/>
  <node id="1183460071" version="2" timestamp="2020-10-07T10:26:27Z" uid="10210169" user="MonteGeneroso" changeset="92104137" lat="7.9996807" lon="124.2483316"/>
  <node id="1183460075" version="3" timestamp="2020-11-07T09:46:36Z" uid="10811350" user="Dunajec5" changeset="93700605" lat="8.0008334" lon="124.2640272"/>
  <node id="1183460098" version="4" timestamp="2020-11-07T10:11:33Z" uid="10811350" user="Dunajec5" changeset="93701468" lat="8.004023" lon="124.2560389"/>
  <node id="1183460105" version="3" timestamp="2020-10-07T09:45:25Z" uid="10210169" user="MonteGeneroso" changeset="92100892" lat="7.9931918" lon="124.2556601"/>
  <node id="1183460126" version="6" timestamp="2022-04-06T12:43:34Z" uid="5653955" user="Timmy_Tesseract" changeset="119385893" lat="7.9951393" lon="124.2541066"/>
  <node id="1183460129" version="3" timestamp="2020-10-07T10:26:27Z" uid="10210169" user="MonteGeneroso" changeset="92104137" lat="7.9936782" lon="124.2519405"/>
  <node id="1183460132" version="4" timestamp="2019-05-25T22:32:28Z" uid="5653955" user="Timmy_Tesseract" changeset="70620672" lat="7.9953837" lon="124.2638759"/>
  <node id="1183460158" version="3" timestamp="2020-10-07T09:32:25Z" uid="10210169" user="MonteGeneroso" changeset="92099905" lat="8.0005406" lon="124.2638455"/>
  <node id="1183460191" version="2" timestamp="2020-09-07T03:08:45Z" uid="1041828" user="GOwin" changeset="90499085" lat="8.0018741" lon="124.2570513"/>
  <node id="1183460196" version="3" timestamp="2020-10-07T09:45:25Z" uid="10210169" user="MonteGeneroso" changeset="92100892" lat="7.9929534" lon="124.2547629"/>
  <node id="1183460229" version="4" timestamp="2020-10-05T11:38:43Z" uid="8793998" user="animalkingdom" changeset="91983231" lat="7.9957729" lon="124.2644329"/>
  <node id="1183460231" version="3" timestamp="2020-10-07T10:33:08Z" uid="10210169" user="MonteGeneroso" changeset="92104655" lat="7.9951739" lon="124.2547632"/>
  <node id="1183460233" version="2" timestamp="2020-10-05T11:26:24Z" uid="8793998" user="animalkingdom" changeset="91982295" lat="8.000194" lon="124.2650056"/>
  <node id="1183460234" version="3" timestamp="2022-05-24T07:25:04Z" uid="5653955" user="Timmy_Tesseract" changeset="121405934" lat="7.9982528" lon="124.2580529"/>
  <node id="1183460257" version="2" timestamp="2020-10-05T11:26:24Z" uid="8793998" user="animalkingdom" changeset="91982295" lat="7.9995658" lon="124.264441"/>
  <node id="1183460259" version="3" timestamp="2022-05-24T07:25:04Z" uid="5653955" user="Timmy_Tesseract" changeset="121405934" lat="7.9989919" lon="124.2581912"/>
  <node id="1183460268" version="5" timestamp="2020-11-07T10:11:33Z" uid="10811350" user="Dunajec5" changeset="93701468" lat="8.0027367" lon="124.2563333"/>
  <node id="1183460294" version="4" timestamp="2022-04-06T12:43:34Z" uid="5653955" user="Timmy_Tesseract" changeset="119385893" lat="7.9953954" lon="124.2526473"/>
  <node id="1183460296" version="3" timestamp="2020-10-07T09:45:25Z" uid="10210169" user="MonteGeneroso" changeset="92100892" lat="7.9933973" lon="124.2521457"/>
  <node id="1183460299" version="4" timestamp="2020-10-07T09:08:46Z" uid="10210169" user="MonteGeneroso" changeset="92098066" lat="7.9908185" lon="124.2589128"/>
  <node id="1183460311" version="5" timestamp="2022-04-06T12:43:34Z" uid="5653955" user="Timmy_Tesseract" changeset="119385893" lat="7.9952808" lon="124.2531482"/>
  <node id="1183460315" version="3" timestamp="2020-10-07T09:45:25Z" uid="10210169" user="MonteGeneroso" changeset="92100892" lat="7.9929587" lon="124.2517702"/>
  <node id="1183460321" version="2" timestamp="2020-10-08T07:20:19Z" uid="9625586" user="Candelaria16" changeset="92152668" lat="7.996286" lon="124.2591608"/>
  <node id="1183460329" version="2" timestamp="2020-10-07T09:32:25Z" uid="10210169" user="MonteGeneroso" changeset="92099905" lat="7.9998142" lon="124.263804"/>
  <node id="1183460347" version="4" timestamp="2020-11-07T09:46:36Z" uid="10811350" user="Dunajec5" changeset="93700605" lat="8.0013427" lon="124.2546755"/>
  <node id="1183460352" version="5" timestamp="2020-10-06T09:54:56Z" uid="10334783" user="GilpinFalls" changeset="92038358" lat="8.001534" lon="124.2718881"/>
  <node id="1183460357" version="4" timestamp="2020-10-07T09:32:25Z" uid="10210169" user="MonteGeneroso" changeset="92099905" lat="7.9916937" lon="124.2562781"/>
  <node id="1183460372" version="3" timestamp="2020-10-07T09:45:25Z" uid="10210169" user="MonteGeneroso" changeset="92100892" lat="7.9928658" lon="124.2554931"/>
  <node id="1183460380" version="4" timestamp="2022-05-24T07:25:04Z" uid="5653955" user="Timmy_Tesseract" changeset="121405934" lat="7.9937151" lon="124.2561496"/>
  <node id="1183460381" version="3" timestamp="2020-10-07T10:26:27Z" uid="10210169" user="MonteGeneroso" changeset="92104137" lat="7.9939807" lon="124.2536183"/>
  <node id="1183460391" version="6" timestamp="2020-10-07T09:08:46Z" uid="10210169" user="MonteGeneroso" changeset="92098066" lat="7.995401" lon="124.2615207"/>
  <node id="1183460398" version="4" timestamp="2022-05-24T07:25:04Z" uid="5653955" user="Timmy_Tesseract" changeset="121405934" lat="8.0004549" lon="124.2654502"/>
  <node id="1183460413" version="5" timestamp="2020-10-08T07:20:19Z" uid="9625586" user="Candelaria16" changeset="92152668" lat="7.9958095" lon="124.2601769"/>
  <node id="1183460418" version="2" timestamp="2020-10-07T09:32:25Z" uid="10210169" user="MonteGeneroso" changeset="92099905" lat="7.9994795" lon="124.2639609"/>
  <node id="1183460462" version="3" timestamp="2020-10-07T08:44:11Z" uid="10210169" user="MonteGeneroso" changeset="92096107" lat="7.9936155" lon="124.2539844"/>
  <node id="1183460464" version="3" timestamp="2020-10-07T09:45:25Z" uid="10210169" user="MonteGeneroso" changeset="92100892" lat="7.9933525" lon="124.2520706"/>
  <node id="1183460475" version="4" timestamp="2020-10-07T09:08:46Z" uid="10210169" user="MonteGeneroso" changeset="92098066" lat="7.994399" lon="124.2612532"/>
  <node id="1183460487" version="2" timestamp="2020-11-07T09:46:36Z" uid="10811350" user="Dunajec5" changeset="93700605" lat="8.0007771" lon="124.2510214"/>
  <node id="1183460492" version="3" timestamp="2020-10-07T09:32:25Z" uid="10210169" user="MonteGeneroso" changeset="92099905" lat="7.9999842" lon="124.2637289"/>
  <node id="1183460493" version="4" timestamp="2022-05-24T07:25:04Z" uid="5653955" user="Timmy_Tesseract" changeset="121405934" lat="7.999129" lon="124.253397"/>
  <node id="1183460522" version="3" timestamp="2020-10-07T09:45:25Z" uid="10210169" user="MonteGeneroso" changeset="92100892" lat="7.9926161" lon="124.2546905"/>
  <node id="1215650457" version="8" timestamp="2022-05-24T07:25:04Z" uid="5653955" user="Timmy_Tesseract" changeset="121405934" lat="7.992807" lon="124.2569188"/>
  <node id="1215650458" version="4" timestamp="2020-11-07T09:46:36Z" uid="10811350" user="Dunajec5" changeset="93700605" lat="8.0017741" lon="124.2565669"/>
  <node id="1246853575" version="3" timestamp="2020-11-07T10:45:09Z" uid="10811350" user="Dunajec5" changeset="93702432" lat="8.0025746" lon="124.2604115"/>
  <node id="1246856343" version="4" timestamp="2020-11-07T11:29:44Z" uid="10811350" user="Dunajec5" changeset="93703543" lat="8.0026285" lon="124.2603525"/>
  <node id="1246859863" version="6" timestamp="2022-04-06T12:43:34Z" uid="5653955" user="Timmy_Tesseract" changeset="119385893" lat="7.997296" lon="124.257154"/>
  <node id="1246861482" version="2" timestamp="2020-11-07T09:46:36Z" uid="10811350" user="Dunajec5" changeset="93700605" lat="8.0024905" lon="124.2604986"/>
  <node id="1246863948" version="2" timestamp="2020-11-07T09:46:36Z" uid="10811350" user="Dunajec5" changeset="93700605" lat="8.0023701" lon="124.2608274"/>
  <node id="1246865124" version="2" timestamp="2022-04-06T12:43:34Z" uid="5653955" user="Timmy_Tesseract" changeset="119385893" lat="8.000699" lon="124.2580166"/>
  <node id="1246865665" version="2" timestamp="2020-11-07T09:46:36Z" uid="10811350" user="Dunajec5" changeset="93700605" lat="8.0022501" lon="124.2612706"/>
  <node id="1246868839" version="2" timestamp="2020-11-07T09:46:36Z" uid="10811350" user="Dunajec5" changeset="93700605" lat="8.0023168" lon="124.2609099"/>
  <node id="1246869408" version="2" timestamp="2020-11-07T09:46:36Z" uid="10811350" user="Dunajec5" changeset="93700605" lat="8.0022622" lon="124.2610435"/>
  <node id="1246869703" version="2" timestamp="2020-11-07T09:46:36Z" uid="10811350" user="Dunajec5" changeset="93700605" lat="8.0022352" lon="124.2613177"/>
  <node id="1246872861" version="2" timestamp="2020-11-07T09:46:36Z" uid="10811350" user="Dunajec5" changeset="93700605" lat="8.0024006" lon="124.260681"/>
  <node id="1246872963" version="2" timestamp="2020-11-07T09:46:36Z" uid="10811350" user="Dunajec5" changeset="93700605" lat="8.0022598" lon="124.2611799"/>
  <node id="1246875197" version="4" timestamp="2022-04-06T12:43:34Z" uid="5653955" user="Timmy_Tesseract" changeset="119385893" lat="7.9992358" lon="124.2572946"/>
  <node id="1246875573" version="2" timestamp="2020-11-07T09:46:36Z" uid="10811350" user="Dunajec5" changeset="93700605" lat="8.0024521" lon="124.2605368"/>
  <node id="1246876358" version="2" timestamp="2020-11-07T09:46:36Z" uid="10811350" user="Dunajec5" changeset="93700605" lat="8.0023833" lon="124.2607875"/>
  <node id="1246876481" version="2" timestamp="2020-11-07T09:46:36Z" uid="10811350" user="Dunajec5" changeset="93700605" lat="8.0022772" lon="124.2609575"/>
  <node id="1246877171" version="2" timestamp="2020-11-07T09:46:36Z" uid="10811350" user="Dunajec5" changeset="93700605" lat="8.0024203" lon="124.2605918"/>
  <node id="1246878206" version="2" timestamp="2020-11-07T09:46:36Z" uid="10811350" user="Dunajec5" changeset="93700605" lat="8.0022669" lon="124.2609885"/>
  <node id="1487095003" version="3" timestamp="2020-10-07T08:44:11Z" uid="10210169" user="MonteGeneroso" changeset="92096107" lat="7.991717" lon="124.2613236"/>
  <node id="1487095005" version="2" timestamp="2020-10-07T09:08:46Z" uid="10210169" user="MonteGeneroso" changeset="92098066" lat="7.9914507" lon="124.2594387"/>
  <node id="1487095014" version="3" timestamp="2020-10-07T08:44:11Z" uid="10210169" user="MonteGeneroso" changeset="92096107" lat="7.9919162" lon="124.2610466"/>
  <node id="1487095016" version="3" timestamp="2020-10-07T08:44:11Z" uid="10210169" user="MonteGeneroso" changeset="92096107" lat="7.9920048" lon="124.2609316"/>
  <node id="1487095017" version="3" timestamp="2020-10-07T09:08:46Z" uid="10210169" user="MonteGeneroso" changeset="92098066" lat="7.9925822" lon="124.2587118"/>
  <node id="1487095018" version="3" timestamp="2020-10-07T09:08:46Z" uid="10210169" user="MonteGeneroso" changeset="92098066" lat="7.992544" lon="124.2587577"/>
  <node id="1487095019" version="3" timestamp="2020-10-07T09:08:46Z" uid="10210169" user="MonteGeneroso" changeset="92098066" lat="7.9925228" lon="124.2587845"/>
  <node id="1487095023" version="3" timestamp="2020-10-07T09:08:46Z" uid="10210169" user="MonteGeneroso" changeset="92098066" lat="7.9923485" lon="124.2604029"/>
  <node id="1487095025" version="3" timestamp="2020-10-07T09:08:46Z" uid="10210169" user="MonteGeneroso" changeset="92098066" lat="7.9923564" lon="124.2605075"/>
  <node id="1487095028" version="3" timestamp="2020-10-07T09:08:46Z" uid="10210169" user="MonteGeneroso" changeset="92098066" lat="7.9924969" lon="124.2590052"/>
  <node id="1487095037" version="3" timestamp="2020-10-07T09:08:46Z" uid="10210169" user="MonteGeneroso" changeset="92098066" lat="7.9924102" lon="124.2606376"/>
  <node id="1487095039" version="3" timestamp="2020-10-07T09:08:46Z" uid="10210169" user="MonteGeneroso" changeset="92098066" lat="7.9925391" lon="124.259043"/>
  <node id="1487095041" version="3" timestamp="2020-10-07T09:08:46Z" uid="10210169" user="MonteGeneroso" changeset="92098066" lat="7.9925371" lon="124.2607268"/>
  <node id="1487095043" version="3" timestamp="2020-10-07T09:08:46Z" uid="10210169" user="MonteGeneroso" changeset="92098066" lat="7.9929879" lon="124.2608488"/>
  <node id="1487095045" version="3" timestamp="2020-10-07T09:08:46Z" uid="10210169" user="MonteGeneroso" changeset="92098066" lat="7.9930404" lon="124.2594816"/>
  <node id="1487095046" version="3" timestamp="2020-10-07T09:23:21Z" uid="10210169" user="MonteGeneroso" changeset="92099231" lat="7.9930431" lon="124.2607147"/>
  <node id="1487095047" version="3" timestamp="2020-10-07T09:23:21Z" uid="10210169" user="MonteGeneroso" changeset="92099231" lat="7.9930995" lon="124.2605974"/>
  <node id="1487095055" version="3" timestamp="2020-10-07T09:23:21Z" uid="10210169" user="MonteGeneroso" changeset="92099231" lat="7.993134" lon="124.2605417"/>
  <node id="1487095057" version="2" timestamp="2020-10-07T09:23:21Z" uid="10210169" user="MonteGeneroso" changeset="92099231" lat="7.9932854" lon="124.2591946"/>
  <node id="1487095058" version="3" timestamp="2020-10-07T09:23:21Z" uid="10210169" user="MonteGeneroso" changeset="92099231" lat="7.9933405" lon="124.2604539"/>
  <node id="1487095059" version="3" timestamp="2020-10-07T09:23:21Z" uid="10210169" user="MonteGeneroso" changeset="92099231" lat="7.9936028" lon="124.2604981"/>
  <node id="1487095061" version="3" timestamp="2020-10-07T09:08:46Z" uid="10210169" user="MonteGeneroso" changeset="92098066" lat="7.9935225" lon="124.2610064"/>
  <node id="1487095062" version="3" timestamp="2020-10-07T09:23:21Z" uid="10210169" user="MonteGeneroso" changeset="92099231" lat="7.9937376" lon="124.260584"/>
  <node id="1487095063" version="3" timestamp="2020-10-07T09:08:46Z" uid="10210169" user="MonteGeneroso" changeset="92098066" lat="7.9937483" lon="124.2610728"/>
  <node id="1487095065" version="3" timestamp="2020-10-07T09:23:21Z" uid="10210169" user="MonteGeneroso" changeset="92099231" lat="7.9937848" lon="124.2607335"/>
  <node id="1487095075" version="3" timestamp="2020-10-07T09:08:46Z" uid="10210169" user="MonteGeneroso" changeset="92098066" lat="7.9938133" lon="124.2617092"/>
  <node id="1487095078" version="2" timestamp="2020-10-07T09:23:21Z" uid="10210169" user="MonteGeneroso" changeset="92099231" lat="7.9939083" lon="124.2584757"/>
  <node id="1487095080" version="3" timestamp="2020-10-07T09:23:21Z" uid="10210169" user="MonteGeneroso" changeset="92099231" lat="7.9942171" lon="124.258121"/>
  <node id="1487095084" version="2" timestamp="2020-10-07T09:23:21Z" uid="10210169" user="MonteGeneroso" changeset="92099231" lat="7.9940975" lon="124.25864"/>
  <node id="1487095085" version="3" timestamp="2020-10-07T09:08:46Z" uid="10210169" user="MonteGeneroso" changeset="92098066" lat="7.9942483" lon="124.2612129"/>
  <node id="1487095086" version="3" timestamp="2020-10-07T09:23:21Z" uid="10210169" user="MonteGeneroso" changeset="92099231" lat="7.9944873" lon="124.2603855"/>
  <node id="1487095088" version="2" timestamp="2020-10-07T09:23:21Z" uid="10210169" user="MonteGeneroso" changeset="92099231" lat="7.9945418" lon="124.2602138"/>
  <node id="1487095098" version="2" timestamp="2020-10-07T09:23:21Z" uid="10210169" user="MonteGeneroso" changeset="92099231" lat="7.9945511" lon="124.2576818"/>
  <node id="1487095100" version="2" timestamp="2020-10-07T09:23:21Z" uid="10210169" user="MonteGeneroso" changeset="92099231" lat="7.9946799" lon="124.2597646"/>
  <node id="1487095102" version="2" timestamp="2020-10-07T09:23:21Z" uid="10210169" user="MonteGeneroso" changeset="92099231" lat="7.9947742" lon="124.2595728"/>
  <node id="1487095105" version="3" timestamp="2020-10-07T09:23:21Z" uid="10210169" user="MonteGeneroso" changeset="92099231" lat="7.9948506" lon="124.2604713"/>
  <node id="1487095107" version="3" timestamp="2020-10-07T09:23:21Z" uid="10210169" user="MonteGeneroso" changeset="92099231" lat="7.9951706" lon="124.2597055"/>
  <node id="1487095108" version="3" timestamp="2020-10-07T09:23:21Z" uid="10210169" user="MonteGeneroso" changeset="92099231" lat="7.9953519" lon="124.2597639"/>
  <node id="1487095111" version="5" timestamp="2020-10-08T07:20:19Z" uid="9625586" user="Candelaria16" changeset="92152668" lat="7.9959088" lon="124.2599142"/>
  <node id="1487095121" version="3" timestamp="2020-10-08T07:20:19Z" uid="9625586" user="Candelaria16" changeset="92152668" lat="7.995699" lon="124.2591218"/>
  <node id="1487110811" version="2" timestamp="2020-10-07T09:32:25Z" uid="10210169" user="MonteGeneroso" changeset="92099905" lat="7.9916479" lon="124.2563266"/>
  <node id="1487110816" version="2" timestamp="2020-10-07T09:23:21Z" uid="10210169" user="MonteGeneroso" changeset="92099231" lat="7.9919441" lon="124.2557982"/>
  <node id="1487110819" version="2" timestamp="2020-10-07T09:32:25Z" uid="10210169" user="MonteGeneroso" changeset="92099905" lat="7.9920603" lon="124.2555897"/>
  <node id="1487110822" version="3" timestamp="2020-10-07T09:08:46Z" uid="10210169" user="MonteGeneroso" changeset="92098066" lat="7.9920882" lon="124.2578662"/>
  <node id="1487110828" version="5" timestamp="2023-09-30T20:07:57Z" uid="5653955" user="Timmy_Tesseract" changeset="141966461" lat="7.9951082" lon="124.2571203"/>
  <node id="1487110829" version="3" timestamp="2020-10-07T10:26:27Z" uid="10210169" user="MonteGeneroso" changeset="92104137" lat="7.9950983" lon="124.2569682"/>
  <node id="1487110836" version="3" timestamp="2020-10-07T10:26:27Z" uid="10210169" user="MonteGeneroso" changeset="92104137" lat="7.9958511" lon="124.2569599"/>
  <node id="1487110837" version="3" timestamp="2021-03-30T07:03:54Z" uid="12954244" user="Xiamara" changeset="101960874" lat="7.9958776" lon="124.2555659"/>
  <node id="1487110839" version="2" timestamp="2013-07-15T09:55:49Z" uid="1417" user="maning" changeset="16959668" lat="7.9962771" lon="124.2569624"/>
  <node id="1487110842" version="2" timestamp="2017-06-24T05:23:40Z" uid="349964" user="jmbangate" changeset="49786573" lat="7.9964406" lon="124.2554484"/>
  <node id="1487110843" version="2" timestamp="2013-07-15T09:55:49Z" uid="1417" user="maning" changeset="16959668" lat="7.9964892" lon="124.2570026"/>
  <node id="1487110845" version="2" timestamp="2017-06-24T05:23:40Z" uid="349964" user="jmbangate" changeset="49786573" lat="7.9966865" lon="124.2554393"/>
  <node id="1487110848" version="3" timestamp="2020-10-07T11:28:24Z" uid="10210169" user="MonteGeneroso" changeset="92108636" lat="7.99667" lon="124.2552356"/>
  <node id="1487110858" version="3" timestamp="2020-10-07T10:26:27Z" uid="10210169" user="MonteGeneroso" changeset="92104137" lat="7.9966986" lon="124.2570475"/>
  <node id="1487110859" version="3" timestamp="2020-10-07T11:28:24Z" uid="10210169" user="MonteGeneroso" changeset="92108636" lat="7.9968998" lon="124.2539093"/>
  <node id="1487110861" version="3" timestamp="2020-10-07T11:28:24Z" uid="10210169" user="MonteGeneroso" changeset="92108636" lat="7.9968832" lon="124.2539696"/>
  <node id="1487110862" version="4" timestamp="2022-05-24T07:25:04Z" uid="5653955" user="Timmy_Tesseract" changeset="121405934" lat="7.9968872" lon="124.2554631"/>
  <node id="1487110863" version="4" timestamp="2020-10-07T11:28:24Z" uid="10210169" user="MonteGeneroso" changeset="92108636" lat="7.9969277" lon="124.2538201"/>
  <node id="1487110865" version="3" timestamp="2020-10-07T11:28:24Z" uid="10210169" user="MonteGeneroso" changeset="92108636" lat="7.9969556" lon="124.2540682"/>
  <node id="1487110867" version="3" timestamp="2020-10-07T10:33:08Z" uid="10210169" user="MonteGeneroso" changeset="92104655" lat="7.9972862" lon="124.2539596"/>
  <node id="1487110868" version="5" timestamp="2022-05-24T07:25:04Z" uid="5653955" user="Timmy_Tesseract" changeset="121405934" lat="7.9969847" lon="124.2555488"/>
  <node id="1487110878" version="3" timestamp="2020-10-07T10:26:27Z" uid="10210169" user="MonteGeneroso" changeset="92104137" lat="7.9968885" lon="124.2571011"/>
  <node id="1487110882" version="3" timestamp="2020-10-07T10:33:08Z" uid="10210169" user="MonteGeneroso" changeset="92104655" lat="7.9976501" lon="124.2541078"/>
  <node id="1487110883" version="3" timestamp="2020-10-07T10:33:08Z" uid="10210169" user="MonteGeneroso" changeset="92104655" lat="7.9977531" lon="124.2554281"/>
  <node id="1487110884" version="3" timestamp="2020-10-07T10:26:27Z" uid="10210169" user="MonteGeneroso" changeset="92104137" lat="7.9977869" lon="124.2561094"/>
  <node id="1487110885" version="4" timestamp="2022-04-06T12:43:34Z" uid="5653955" user="Timmy_Tesseract" changeset="119385893" lat="7.9986785" lon="124.2572094"/>
  <node id="1487110899" version="5" timestamp="2022-05-24T07:25:04Z" uid="5653955" user="Timmy_Tesseract" changeset="121405934" lat="8.0003972" lon="124.2557837"/>
  <node id="1487110901" version="3" timestamp="2020-10-07T10:57:19Z" uid="10210169" user="MonteGeneroso" changeset="92106360" lat="8.000536" lon="124.2557674"/>
  <node id="1487110904" version="3" timestamp="2020-11-07T09:46:36Z" uid="10811350" user="Dunajec5" changeset="93700605" lat="8.0007165" lon="124.2557483"/>
  <node id="1487110906" version="3" timestamp="2020-11-07T09:46:36Z" uid="10811350" user="Dunajec5" changeset="93700605" lat="8.0010054" lon="124.2556851"/>
  <node id="1487110907" version="7" timestamp="2020-11-07T09:46:36Z" uid="10811350" user="Dunajec5" changeset="93700605" lat="8.0012357" lon="124.2566947"/>
  <node id="1487110910" version="3" timestamp="2020-11-07T09:46:36Z" uid="10811350" user="Dunajec5" changeset="93700605" lat="8.001231" lon="124.2556214"/>
  <node id="1487110911" version="5" timestamp="2020-11-07T11:29:44Z" uid="10811350" user="Dunajec5" changeset="93703543" lat="8.0015394" lon="124.2577635"/>
  <node id="1487110921" version="5" timestamp="2020-11-07T09:46:36Z" uid="10811350" user="Dunajec5" changeset="93700605" lat="8.0015941" lon="124.2555302"/>
  <node id="1564992466" version="3" timestamp="2020-10-07T10:26:27Z" uid="10210169" user="MonteGeneroso" changeset="92104137" lat="7.9970479" lon="124.2562401"/>
  <node id="1564992492" version="2" timestamp="2017-10-29T13:42:47Z" uid="349964" user="jmbangate" changeset="53342341" lat="8.000875" lon="124.2698099"/>
  <node id="1564992511" version="4" timestamp="2022-04-06T12:43:34Z" uid="5653955" user="Timmy_Tesseract" changeset="119385893" lat="8.0010732" lon="124.2583321"/>
  <node id="1564992515" version="2" timestamp="2020-10-06T09:29:08Z" uid="10334783" user="GilpinFalls" changeset="92036486" lat="8.0029139" lon="124.2679279"/>
  <node id="2381970961" version="3" timestamp="2022-05-24T07:25:04Z" uid="5653955" user="Timmy_Tesseract" changeset="121405934" lat="7.992966" lon="124.2567166"/>
  <node id="2381970962" version="3" timestamp="2022-05-24T07:25:04Z" uid="5653955" user="Timmy_Tesseract" changeset="121405934" lat="7.9930478" lon="124.2565767"/>
  <node id="2381970964" version="2" timestamp="2020-10-05T11:52:09Z" uid="8793998" user="animalkingdom" changeset="91984138" lat="7.9944203" lon="124.2677173"/>
  <node id="2381970965" version="3" timestamp="2020-10-05T11:52:09Z" uid="8793998" user="animalkingdom" changeset="91984138" lat="7.9945996" lon="124.268813"/>
  <node id="2381970966" version="2" timestamp="2020-10-08T07:20:19Z" uid="9625586" user="Candelaria16" changeset="92152668" lat="7.9964959" lon="124.2590167"/>
  <node id="2381970967" version="2" timestamp="2020-10-08T07:20:19Z" uid="9625586" user="Candelaria16" changeset="92152668" lat="7.996771" lon="124.2589905"/>
  <node id="2385158999" version="2" timestamp="2020-10-07T09:32:25Z" uid="10210169" user="MonteGeneroso" changeset="92099905" lat="7.9933014" lon="124.2563903"/>
  <node id="2385159002" version="3" timestamp="2020-10-07T10:26:27Z" uid="10210169" user="MonteGeneroso" changeset="92104137" lat="7.9934338" lon="124.2527808"/>
  <node id="2385159003" version="2" timestamp="2020-10-07T10:26:27Z" uid="10210169" user="MonteGeneroso" changeset="92104137" lat="7.9943001" lon="124.2564172"/>
  <node id="2385159004" version="2" timestamp="2019-05-25T22:32:32Z" uid="5653955" user="Timmy_Tesseract" changeset="70620672" lat="7.99753" lon="124.2683337"/>
  <node id="2385159006" version="3" timestamp="2020-10-05T11:13:40Z" uid="8793998" user="animalkingdom" changeset="91981355" lat="7.9982773" lon="124.2668379"/>
  <node id="2385159009" version="2" timestamp="2020-10-07T09:32:25Z" uid="10210169" user="MonteGeneroso" changeset="92099905" lat="8.0001223" lon="124.2593287"/>
  <node id="2385159010" version="4" timestamp="2022-05-24T07:25:04Z" uid="5653955" user="Timmy_Tesseract" changeset="121405934" lat="8.0004842" lon="124.2542759"/>
  <node id="4038578495" version="2" timestamp="2020-10-07T09:23:21Z" uid="10210169" user="MonteGeneroso" changeset="92099231" lat="7.9946441" lon="124.2603929"/>
  <node id="4038578496" version="1" timestamp="2016-03-03T15:42:42Z" uid="2993118" user="Hlums" changeset="37589890" lat="7.9945696" lon="124.260383"/>
  <node id="4038578497" version="1" timestamp="2016-03-03T15:42:42Z" uid="2993118" user="Hlums" changeset="37589890" lat="7.9956204" lon="124.2598138"/>
  <node id="4038578498" version="1" timestamp="2016-03-03T15:42:42Z" uid="2993118" user="Hlums" changeset="37589890" lat="7.9955353" lon="124.2598036"/>
  <node id="4038578499" version="1" timestamp="2016-03-03T15:42:42Z" uid="2993118" user="Hlums" changeset="37589890" lat="7.9954795" lon="124.2598049"/>
  <node id="4115520071" version="3" timestamp="2022-04-06T12:43:34Z" uid="5653955" user="Timmy_Tesseract" changeset="119385893" lat="8.0002654" lon="124.2577065"/>
  <node id="4115520072" version="2" timestamp="2020-11-07T09:46:36Z" uid="10811350" user="Dunajec5" changeset="93700605" lat="8.0014826" lon="124.2589067"/>
  <node id="4115520073" version="1" timestamp="2016-04-12T04:07:15Z" uid="1417" user="maning" changeset="38490013" lat="8.0017189" lon="124.2592192"/>
  <node id="4115520074" version="3" timestamp="2020-11-07T10:11:33Z" uid="10811350" user="Dunajec5" changeset="93701468" lat="8.001802" lon="124.2593077"/>
  <node id="4894892086" version="1" timestamp="2017-06-04T09:01:17Z" uid="349964" user="jmbangate" changeset="49236898" lat="7.99315" lon="124.2570931"/>
  <node id="4933304847" version="2" timestamp="2020-10-05T11:13:40Z" uid="8793998" user="animalkingdom" changeset="91981355" lat="7.995405" lon="124.2649238"/>
  <node id="4933305441" version="3" timestamp="2022-05-24T07:40:28Z" uid="5653955" user="Timmy_Tesseract" changeset="121406855" lat="8.0023116" lon="124.2661207"/>
  <node id="4933558479" version="2" timestamp="2020-10-07T10:57:19Z" uid="10210169" user="MonteGeneroso" changeset="92106360" lat="7.9996329" lon="124.2546288"/>
  <node id="4933563244" version="2" timestamp="2020-10-07T11:18:31Z" uid="10210169" user="MonteGeneroso" changeset="92107874" lat="7.9960126" lon="124.2534399"/>
  <node id="4933563253" version="2" timestamp="2020-10-07T10:33:08Z" uid="10210169" user="MonteGeneroso" changeset="92104655" lat="7.9982471" lon="124.2551478"/>
  <node id="4933563254" version="2" timestamp="2020-10-07T10:33:08Z" uid="10210169" user="MonteGeneroso" changeset="92104655" lat="7.9978945" lon="124.2548635"/>
  <node id="4933569078" version="3" timestamp="2022-04-06T12:43:34Z" uid="5653955" user="Timmy_Tesseract" changeset="119385893" lat="7.9976346" lon="124.2533153"/>
  <node id="4933579975" version="2" timestamp="2020-10-07T09:08:46Z" uid="10210169" user="MonteGeneroso" changeset="92098066" lat="7.9926367" lon="124.257079"/>
  <node id="4933603223" version="2" timestamp="2020-10-07T11:18:31Z" uid="10210169" user="MonteGeneroso" changeset="92107874" lat="7.9955013" lon="124.253232"/>
  <node id="4933614923" version="3" timestamp="2021-03-30T07:03:54Z" uid="12954244" user="Xiamara" changeset="101960874" lat="7.9958577" lon="124.2558604"/>
  <node id="4933614924" version="3" timestamp="2022-05-24T07:25:04Z" uid="5653955" user="Timmy_Tesseract" changeset="121405934" lat="7.9969814" lon="124.2559015"/>
  <node id="4933614983" version="4" timestamp="2020-11-07T09:46:36Z" uid="10811350" user="Dunajec5" changeset="93700605" lat="8.0012604" lon="124.2566891"/>
  <node id="4933614984" version="2" timestamp="2020-11-07T09:46:36Z" uid="10811350" user="Dunajec5" changeset="93700605" lat="8.0014778" lon="124.2549942"/>
  <node id="4933614993" version="2" timestamp="2020-10-07T10:57:19Z" uid="10210169" user="MonteGeneroso" changeset="92106360" lat="8.0000347" lon="124.2540997"/>
  <node id="4933626507" version="2" timestamp="2020-11-07T09:46:36Z" uid="10811350" user="Dunajec5" changeset="93700605" lat="8.0009845" lon="124.2640131"/>
  <node id="4933628099" version="2" timestamp="2022-05-24T07:25:04Z" uid="5653955" user="Timmy_Tesseract" changeset="121405934" lat="7.9979213" lon="124.2580489"/>
  <node id="4933628102" version="3" timestamp="2020-11-07T09:46:36Z" uid="10811350" user="Dunajec5" changeset="93700605" lat="8.0008407" lon="124.2585629"/>
  <node id="4933674145" version="2" timestamp="2020-10-07T09:45:25Z" uid="10210169" user="MonteGeneroso" changeset="92100892" lat="7.9912003" lon="124.254431"/>
  <node id="4933674146" version="2" timestamp="2020-10-07T09:45:25Z" uid="10210169" user="MonteGeneroso" changeset="92100892" lat="7.9932496" lon="124.2554837"/>
  <node id="4933683783" version="3" timestamp="2022-04-06T12:43:34Z" uid="5653955" user="Timmy_Tesseract" changeset="119385893" lat="7.9951604" lon="124.2538336"/>
  <node id="4933683784" version="2" timestamp="2020-10-07T10:26:27Z" uid="10210169" user="MonteGeneroso" changeset="92104137" lat="7.9945411" lon="124.2539629"/>
  <node id="4934254078" version="3" timestamp="2026-07-16T04:46:54Z" uid="24304747" user="SOMAWD" changeset="185823026" lat="7.9959107" lon="124.260509"/>
  <node id="4934367777" version="2" timestamp="2020-10-07T09:23:21Z" uid="10210169" user="MonteGeneroso" changeset="92099231" lat="7.9932801" lon="124.2604586"/>
  <node id="4934398700" version="2" timestamp="2020-10-06T09:29:08Z" uid="10334783" user="GilpinFalls" changeset="92036486" lat="8.0041051" lon="124.2659377"/>
  <node id="4934410730" version="2" timestamp="2020-10-07T09:23:21Z" uid="10210169" user="MonteGeneroso" changeset="92099231" lat="7.9944502" lon="124.2620511"/>
  <node id="4934430096" version="2" timestamp="2020-10-06T10:12:38Z" uid="10334783" user="GilpinFalls" changeset="92039697" lat="8.0125348" lon="124.2733989"/>
  <node id="4934430097" version="2" timestamp="2020-10-06T10:12:38Z" uid="10334783" user="GilpinFalls" changeset="92039697" lat="8.0117187" lon="124.2712498"/>
  <node id="4934430098" version="2" timestamp="2020-10-06T10:12:38Z" uid="10334783" user="GilpinFalls" changeset="92039697" lat="8.0111503" lon="124.2686923"/>
  <node id="4934430099" version="1" timestamp="2017-06-24T18:54:32Z" uid="349964" user="jmbangate" changeset="49800154" lat="8.0076812" lon="124.2591688"/>
  <node id="5196029799" version="2" timestamp="2020-10-07T11:35:22Z" uid="10210169" user="MonteGeneroso" changeset="92109186" lat="7.9908896" lon="124.2583437"/>
  <node id="5196029800" version="2" timestamp="2020-10-07T09:08:46Z" uid="10210169" user="MonteGeneroso" changeset="92098066" lat="7.9911658" lon="124.2585884"/>
  <node id="5196029801" version="2" timestamp="2020-10-07T09:08:46Z" uid="10210169" user="MonteGeneroso" changeset="92098066" lat="7.9914288" lon="124.2588519"/>
  <node id="5196029802" version="3" timestamp="2020-10-07T09:08:46Z" uid="10210169" user="MonteGeneroso" changeset="92098066" lat="7.9917571" lon="124.2591644"/>
  <node id="5196029803" version="2" timestamp="2020-10-07T09:08:46Z" uid="10210169" user="MonteGeneroso" changeset="92098066" lat="7.991971" lon="124.2593843"/>
  <node id="5196029804" version="2" timestamp="2020-10-07T09:08:46Z" uid="10210169" user="MonteGeneroso" changeset="92098066" lat="7.9922104" lon="124.2595795"/>
  <node id="5196029805" version="2" timestamp="2020-10-07T09:08:46Z" uid="10210169" user="MonteGeneroso" changeset="92098066" lat="7.992626" lon="124.259961"/>
  <node id="5196029806" version="2" timestamp="2020-10-07T09:08:46Z" uid="10210169" user="MonteGeneroso" changeset="92098066" lat="7.9918597" lon="124.258007"/>
  <node id="5196029807" version="2" timestamp="2020-10-07T09:08:46Z" uid="10210169" user="MonteGeneroso" changeset="92098066" lat="7.9915032" lon="124.258235"/>
  <node id="5196154908" version="2" timestamp="2020-10-07T09:45:25Z" uid="10210169" user="MonteGeneroso" changeset="92100892" lat="7.9908975" lon="124.2543773"/>
  <node id="5196155763" version="2" timestamp="2020-10-07T10:26:27Z" uid="10210169" user="MonteGeneroso" changeset="92104137" lat="7.9931334" lon="124.2542278"/>
  <node id="5198210755" version="1" timestamp="2017-10-29T13:42:41Z" uid="349964" user="jmbangate" changeset="53342341" lat="8.0011666" lon="124.2690322"/>
  <node id="5198210756" version="1" timestamp="2017-10-29T13:42:41Z" uid="349964" user="jmbangate" changeset="53342341" lat="8.0012497" lon="124.2690139"/>
  <node id="5414791426" version="1" timestamp="2018-02-15T17:51:49Z" uid="1606607" user="gott3rfunk3n83" changeset="56392226" lat="8.0040613" lon="124.2606845"/>
  <node id="5414791427" version="1" timestamp="2018-02-15T17:51:49Z" uid="1606607" user="gott3rfunk3n83" changeset="56392226" lat="8.0042764" lon="124.260706"/>
  <node id="5414791428" version="1" timestamp="2018-02-15T17:51:49Z" uid="1606607" user="gott3rfunk3n83" changeset="56392226" lat="8.0044411" lon="124.2607596"/>
  <node id="5414791429" version="1" timestamp="2018-02-15T17:51:49Z" uid="1606607" user="gott3rfunk3n83" changeset="56392226" lat="8.0045866" lon="124.260815"/>
  <node id="5414791430" version="2" timestamp="2020-11-07T10:11:33Z" uid="10811350" user="Dunajec5" changeset="93701468" lat="8.0044212" lon="124.2613886"/>
  <node id="5414791431" version="1" timestamp="2018-02-15T17:51:49Z" uid="1606607" user="gott3rfunk3n83" changeset="56392226" lat="8.0044942" lon="124.2611378"/>
  <node id="5414791432" version="2" timestamp="2020-11-07T10:11:33Z" uid="10811350" user="Dunajec5" changeset="93701468" lat="8.0047692" lon="124.2601334"/>
  <node id="5414791433" version="2" timestamp="2020-11-07T10:11:33Z" uid="10811350" user="Dunajec5" changeset="93701468" lat="8.0047639" lon="124.2600596"/>
  <node id="5414791434" version="2" timestamp="2020-11-07T10:11:33Z" uid="10811350" user="Dunajec5" changeset="93701468" lat="8.004724" lon="124.2599993"/>
  <node id="5414791435" version="1" timestamp="2018-02-15T17:51:49Z" uid="1606607" user="gott3rfunk3n83" changeset="56392226" lat="8.0043402" lon="124.2597994"/>
  <node id="5414791436" version="1" timestamp="2018-02-15T17:51:49Z" uid="1606607" user="gott3rfunk3n83" changeset="56392226" lat="8.0039843" lon="124.2596358"/>
  <node id="5414791437" version="2" timestamp="2020-11-07T09:46:36Z" uid="10811350" user="Dunajec5" changeset="93700605" lat="8.0036682" lon="124.2595688"/>
  <node id="5414791438" version="3" timestamp="2020-11-07T10:11:33Z" uid="10811350" user="Dunajec5" changeset="93701468" lat="8.0031529" lon="124.2595312"/>
  <node id="5414791439" version="4" timestamp="2020-11-07T12:10:18Z" uid="10811350" user="Dunajec5" changeset="93704875" lat="8.0019066" lon="124.2593529"/>
  <node id="5414791440" version="2" timestamp="2020-11-07T10:11:33Z" uid="10811350" user="Dunajec5" changeset="93701468" lat="8.0021011" lon="124.2593985"/>
  <node id="5414791441" version="2" timestamp="2020-11-07T10:11:33Z" uid="10811350" user="Dunajec5" changeset="93701468" lat="8.0022751" lon="124.2594387"/>
  <node id="5414791442" version="4" timestamp="2022-04-06T12:43:34Z" uid="5653955" user="Timmy_Tesseract" changeset="119385893" lat="8.0025144" lon="124.2594736"/>
  <node id="5414791443" version="2" timestamp="2020-11-07T09:46:36Z" uid="10811350" user="Dunajec5" changeset="93700605" lat="8.0027664" lon="124.2594963"/>
  <node id="5414791444" version="2" timestamp="2020-11-07T09:46:36Z" uid="10811350" user="Dunajec5" changeset="93700605" lat="8.0027518" lon="124.2596734"/>
  <node id="5414791445" version="2" timestamp="2020-11-07T09:46:36Z" uid="10811350" user="Dunajec5" changeset="93700605" lat="8.002704" lon="124.2600355"/>
  <node id="5414791446" version="2" timestamp="2020-11-07T09:46:36Z" uid="10811350" user="Dunajec5" changeset="93700605" lat="8.0026722" lon="124.2602125"/>
  <node id="5414791447" version="1" timestamp="2018-02-15T17:51:50Z" uid="1606607" user="gott3rfunk3n83" changeset="56392226" lat="8.0040719" lon="124.2679989"/>
  <node id="5414791449" version="2" timestamp="2020-10-06T09:29:08Z" uid="10334783" user="GilpinFalls" changeset="92036486" lat="8.0038163" lon="124.2676777"/>
  <node id="5414791450" version="2" timestamp="2020-10-06T09:29:08Z" uid="10334783" user="GilpinFalls" changeset="92036486" lat="8.003704" lon="124.2675322"/>
  <node id="5414791451" version="2" timestamp="2020-10-06T09:29:08Z" uid="10334783" user="GilpinFalls" changeset="92036486" lat="8.0035175" lon="124.2673009"/>
  <node id="5414791452" version="2" timestamp="2020-10-06T09:29:08Z" uid="10334783" user="GilpinFalls" changeset="92036486" lat="8.0034086" lon="124.2671721"/>
  <node id="5414791453" version="2" timestamp="2020-10-06T09:29:08Z" uid="10334783" user="GilpinFalls" changeset="92036486" lat="8.003303" lon="124.2670675"/>
  <node id="5414791454" version="2" timestamp="2020-10-06T09:29:08Z" uid="10334783" user="GilpinFalls" changeset="92036486" lat="8.0031283" lon="124.2669334"/>
  <node id="5414791455" version="2" timestamp="2020-10-06T09:29:08Z" uid="10334783" user="GilpinFalls" changeset="92036486" lat="8.0029457" lon="124.2668221"/>
  <node id="5414791456" version="2" timestamp="2020-10-06T09:29:08Z" uid="10334783" user="GilpinFalls" changeset="92036486" lat="8.0029165" lon="124.2668188"/>
  <node id="5414791457" version="2" timestamp="2020-10-06T09:29:08Z" uid="10334783" user="GilpinFalls" changeset="92036486" lat="8.0028827" lon="124.2668248"/>
  <node id="5414791458" version="2" timestamp="2020-10-06T09:29:08Z" uid="10334783" user="GilpinFalls" changeset="92036486" lat="8.0028408" lon="124.266857"/>
  <node id="5414791459" version="2" timestamp="2020-10-06T09:29:08Z" uid="10334783" user="GilpinFalls" changeset="92036486" lat="8.0026894" lon="124.2669918"/>
  <node id="5414791460" version="2" timestamp="2020-10-06T09:29:08Z" uid="10334783" user="GilpinFalls" changeset="92036486" lat="8.0025586" lon="124.2671386"/>
  <node id="5414791465" version="2" timestamp="2020-10-06T09:29:08Z" uid="10334783" user="GilpinFalls" changeset="92036486" lat="8.004623" lon="124.2669643"/>
  <node id="5414791466" version="1" timestamp="2018-02-15T17:51:50Z" uid="1606607" user="gott3rfunk3n83" changeset="56392226" lat="8.0045885" lon="124.2670052"/>
  <node id="5414791467" version="2" timestamp="2020-10-06T09:29:08Z" uid="10334783" user="GilpinFalls" changeset="92036486" lat="8.0045108" lon="124.2670615"/>
  <node id="5414791468" version="2" timestamp="2020-10-06T09:29:08Z" uid="10334783" user="GilpinFalls" changeset="92036486" lat="8.004372" lon="124.2671138"/>
  <node id="5414791469" version="2" timestamp="2020-10-06T09:29:08Z" uid="10334783" user="GilpinFalls" changeset="92036486" lat="8.0043103" lon="124.2671205"/>
  <node id="5414791470" version="2" timestamp="2020-10-06T09:29:08Z" uid="10334783" user="GilpinFalls" changeset="92036486" lat="8.0042439" lon="124.2671306"/>
  <node id="5414791471" version="2" timestamp="2020-10-06T09:29:08Z" uid="10334783" user="GilpinFalls" changeset="92036486" lat="8.0041941" lon="124.2671433"/>
  <node id="5414791472" version="2" timestamp="2020-10-06T09:29:08Z" uid="10334783" user="GilpinFalls" changeset="92036486" lat="8.0041303" lon="124.2671628"/>
  <node id="5437771183" version="3" timestamp="2022-05-24T07:25:04Z" uid="5653955" user="Timmy_Tesseract" changeset="121405934" lat="7.998615" lon="124.2666378"/>
  <node id="5509774787" version="2" timestamp="2020-10-07T10:26:27Z" uid="10210169" user="MonteGeneroso" changeset="92104137" lat="7.9950969" lon="124.2565352"/>
  <node id="5509774810" version="2" timestamp="2020-10-07T10:26:27Z" uid="10210169" user="MonteGeneroso" changeset="92104137" lat="7.9941035" lon="124.2572111"/>
  <node id="5509774811" version="2" timestamp="2020-10-07T10:26:27Z" uid="10210169" user="MonteGeneroso" changeset="92104137" lat="7.9940318" lon="124.2572848"/>
  <node id="5509774812" version="2" timestamp="2020-10-07T10:26:27Z" uid="10210169" user="MonteGeneroso" changeset="92104137" lat="7.9939388" lon="124.2574404"/>
  <node id="5509774813" version="2" timestamp="2020-10-07T10:26:27Z" uid="10210169" user="MonteGeneroso" changeset="92104137" lat="7.993803" lon="124.2577365"/>
  <node id="5753168917" version="2" timestamp="2020-10-08T10:03:19Z" uid="10210169" user="MonteGeneroso" changeset="92165989" lat="7.9870846" lon="124.2374687"/>
  <node id="5753168918" version="2" timestamp="2020-10-08T10:03:19Z" uid="10210169" user="MonteGeneroso" changeset="92165989" lat="7.9878483" lon="124.2382036"/>
  <node id="5753168919" version="2" timestamp="2020-10-08T10:03:19Z" uid="10210169" user="MonteGeneroso" changeset="92165989" lat="7.9887885" lon="124.2391317"/>
  <node id="5753168920" version="2" timestamp="2020-10-08T10:03:19Z" uid="10210169" user="MonteGeneroso" changeset="92165989" lat="7.9897713" lon="124.2401053"/>
  <node id="5753169021" version="2" timestamp="2020-10-08T10:03:19Z" uid="10210169" user="MonteGeneroso" changeset="92165989" lat="7.9907355" lon="124.2410414"/>
  <node id="5753169022" version="2" timestamp="2020-10-08T10:03:19Z" uid="10210169" user="MonteGeneroso" changeset="92165989" lat="7.9915457" lon="124.2418393"/>
  <node id="5753169023" version="3" timestamp="2020-10-08T10:03:19Z" uid="10210169" user="MonteGeneroso" changeset="92165989" lat="7.9924434" lon="124.2427164"/>
  <node id="5753169024" version="2" timestamp="2020-10-08T10:03:19Z" uid="10210169" user="MonteGeneroso" changeset="92165989" lat="7.9933459" lon="124.2427285"/>
  <node id="5753169025" version="2" timestamp="2020-10-08T10:03:19Z" uid="10210169" user="MonteGeneroso" changeset="92165989" lat="7.9937861" lon="124.2427741"/>
  <node id="5753169026" version="2" timestamp="2020-10-08T10:03:19Z" uid="10210169" user="MonteGeneroso" changeset="92165989" lat="7.9943851" lon="124.2428371"/>
  <node id="5753169027" version="2" timestamp="2020-10-08T10:03:19Z" uid="10210169" user="MonteGeneroso" changeset="92165989" lat="7.9959701" lon="124.2434406"/>
  <node id="5753169028" version="2" timestamp="2020-10-08T10:03:19Z" uid="10210169" user="MonteGeneroso" changeset="92165989" lat="7.9971202" lon="124.2444632"/>
  <node id="5753169029" version="2" timestamp="2020-10-08T10:03:19Z" uid="10210169" user="MonteGeneroso" changeset="92165989" lat="7.9975007" lon="124.2448407"/>
  <node id="5753169030" version="2" timestamp="2020-10-08T10:03:19Z" uid="10210169" user="MonteGeneroso" changeset="92165989" lat="7.9983274" lon="124.2456977"/>
  <node id="5753169031" version="2" timestamp="2020-10-08T10:03:19Z" uid="10210169" user="MonteGeneroso" changeset="92165989" lat="7.9985778" lon="124.2460216"/>
  <node id="5753169032" version="2" timestamp="2020-10-07T10:26:27Z" uid="10210169" user="MonteGeneroso" changeset="92104137" lat="7.9986575" lon="124.2461644"/>
  <node id="5753169033" version="2" timestamp="2020-10-07T10:26:27Z" uid="10210169" user="MonteGeneroso" changeset="92104137" lat="7.998854" lon="124.2466566"/>
  <node id="5753169034" version="2" timestamp="2020-10-07T10:26:27Z" uid="10210169" user="MonteGeneroso" changeset="92104137" lat="7.999014" lon="124.2471039"/>
  <node id="5753169035" version="2" timestamp="2020-10-07T10:26:27Z" uid="10210169" user="MonteGeneroso" changeset="92104137" lat="7.9991296" lon="124.2473493"/>
  <node id="5753169036" version="2" timestamp="2020-10-07T10:26:27Z" uid="10210169" user="MonteGeneroso" changeset="92104137" lat="7.9993056" lon="124.2476128"/>
  <node id="5753169037" version="1" timestamp="2018-07-11T05:40:21Z" uid="1606607" user="gott3rfunk3n83" changeset="60596581" lat="8.0034032" lon="124.250708"/>
  <node id="5753169038" version="3" timestamp="2020-11-07T10:11:33Z" uid="10811350" user="Dunajec5" changeset="93701468" lat="8.0005041" lon="124.2501414"/>
  <node id="5753169039" version="2" timestamp="2020-11-07T10:11:33Z" uid="10811350" user="Dunajec5" changeset="93701468" lat="8.0008076" lon="124.2500174"/>
  <node id="5753169040" version="1" timestamp="2018-07-11T05:40:21Z" uid="1606607" user="gott3rfunk3n83" changeset="60596581" lat="8.0014477" lon="124.2497519"/>
  <node id="5753169041" version="2" timestamp="2020-11-07T10:11:33Z" uid="10811350" user="Dunajec5" changeset="93701468" lat="8.0016721" lon="124.2496741"/>
  <node id="5753169042" version="2" timestamp="2020-11-07T10:11:33Z" uid="10811350" user="Dunajec5" changeset="93701468" lat="8.0020653" lon="124.2496942"/>
  <node id="5753169043" version="2" timestamp="2020-11-07T10:11:33Z" uid="10811350" user="Dunajec5" changeset="93701468" lat="8.0024477" lon="124.2498941"/>
  <node id="5753169044" version="1" timestamp="2018-07-11T05:40:21Z" uid="1606607" user="gott3rfunk3n83" changeset="60596581" lat="8.0030945" lon="124.250417"/>
  <node id="5753169045" version="1" timestamp="2018-07-11T05:40:21Z" uid="1606607" user="gott3rfunk3n83" changeset="60596581" lat="8.0037319" lon="124.2510179"/>
  <node id="5753169046" version="1" timestamp="2018-07-11T05:40:21Z" uid="1606607" user="gott3rfunk3n83" changeset="60596581" lat="8.0041463" lon="124.2514631"/>
  <node id="5753169047" version="2" timestamp="2020-11-07T10:11:33Z" uid="10811350" user="Dunajec5" changeset="93701468" lat="8.004546" lon="124.2520304"/>
  <node id="6501184695" version="2" timestamp="2020-10-05T11:26:24Z" uid="8793998" user="animalkingdom" changeset="91982295" lat="7.9931593" lon="124.2643967"/>
  <node id="6501184696" version="2" timestamp="2020-10-05T11:26:24Z" uid="8793998" user="animalkingdom" changeset="91982295" lat="7.9934966" lon="124.2652644"/>
  <node id="6501184697" version="2" timestamp="2020-10-05T11:52:09Z" uid="8793998" user="animalkingdom" changeset="91984138" lat="7.9950657" lon="124.2731374"/>
  <node id="6501184698" version="2" timestamp="2020-10-05T11:52:09Z" uid="8793998" user="animalkingdom" changeset="91984138" lat="7.9951361" lon="124.272491"/>
  <node id="6501184699" version="2" timestamp="2020-10-05T11:52:09Z" uid="8793998" user="animalkingdom" changeset="91984138" lat="7.9951421" lon="124.2722388"/>
  <node id="6501184700" version="2" timestamp="2020-10-05T11:52:09Z" uid="8793998" user="animalkingdom" changeset="91984138" lat="7.9948512" lon="124.2706154"/>
  <node id="6501184701" version="2" timestamp="2020-10-05T11:52:09Z" uid="8793998" user="animalkingdom" changeset="91984138" lat="7.994658" lon="124.2696197"/>
  <node id="6501184702" version="2" timestamp="2020-10-05T11:52:09Z" uid="8793998" user="animalkingdom" changeset="91984138" lat="7.9946274" lon="124.2691536"/>
  <node id="6501184718" version="2" timestamp="2020-10-08T07:20:19Z" uid="9625586" user="Candelaria16" changeset="92152668" lat="7.9966188" lon="124.2589921"/>
  <node id="6501184719" version="2" timestamp="2020-10-08T07:20:19Z" uid="9625586" user="Candelaria16" changeset="92152668" lat="7.996338" lon="124.2591168"/>
  <node id="6501184720" version="2" timestamp="2020-10-08T07:20:19Z" uid="9625586" user="Candelaria16" changeset="92152668" lat="7.9962251" lon="124.2592174"/>
  <node id="6501184721" version="2" timestamp="2020-10-08T07:20:19Z" uid="9625586" user="Candelaria16" changeset="92152668" lat="7.9963957" lon="124.2590672"/>
  <node id="6501184722" version="1" timestamp="2019-05-25T22:31:51Z" uid="5653955" user="Timmy_Tesseract" changeset="70620672" lat="7.995255" lon="124.2621611"/>
  <node id="6501184723" version="1" timestamp="2019-05-25T22:31:51Z" uid="5653955" user="Timmy_Tesseract" changeset="70620672" lat="7.9952271" lon="124.2633869"/>
  <node id="6501184724" version="1" timestamp="2019-05-25T22:31:51Z" uid="5653955" user="Timmy_Tesseract" changeset="70620672" lat="7.9952164" lon="124.2633171"/>
  <node id="6501184725" version="1" timestamp="2019-05-25T22:31:51Z" uid="5653955" user="Timmy_Tesseract" changeset="70620672" lat="7.9952032" lon="124.2630664"/>
  <node id="6501184726" version="1" timestamp="2019-05-25T22:31:51Z" uid="5653955" user="Timmy_Tesseract" changeset="70620672" lat="7.9952908" lon="124.2636444"/>
  <node id="6501184727" version="1" timestamp="2019-05-25T22:31:52Z" uid="5653955" user="Timmy_Tesseract" changeset="70620672" lat="7.9952417" lon="124.263458"/>
  <node id="6501184728" version="1" timestamp="2019-05-25T22:31:52Z" uid="5653955" user="Timmy_Tesseract" changeset="70620672" lat="7.9954489" lon="124.2640145"/>
  <node id="6501184729" version="2" timestamp="2020-10-05T11:38:43Z" uid="8793998" user="animalkingdom" changeset="91983231" lat="7.9956783" lon="124.2643421"/>
  <node id="6501184730" version="2" timestamp="2020-10-05T11:38:43Z" uid="8793998" user="animalkingdom" changeset="91983231" lat="7.9956112" lon="124.2642603"/>
  <node id="6501184731" version="2" timestamp="2020-10-05T11:38:43Z" uid="8793998" user="animalkingdom" changeset="91983231" lat="7.9961009" lon="124.2646864"/>
  <node id="6501184732" version="2" timestamp="2020-10-05T11:38:43Z" uid="8793998" user="animalkingdom" changeset="91983231" lat="7.9962178" lon="124.2647803"/>
  <node id="6501184733" version="3" timestamp="2022-05-24T07:25:04Z" uid="5653955" user="Timmy_Tesseract" changeset="121405934" lat="7.9995366" lon="124.2614449"/>
  <node id="6501184734" version="3" timestamp="2022-04-09T05:45:19Z" uid="1041828" user="GOwin" changeset="119491577" lat="7.9990492" lon="124.2623689"/>
  <node id="6501184735" version="4" timestamp="2022-05-24T07:25:04Z" uid="5653955" user="Timmy_Tesseract" changeset="121405934" lat="7.9990904" lon="124.2621315"/>
  <node id="6501184736" version="2" timestamp="2020-11-07T10:11:33Z" uid="10811350" user="Dunajec5" changeset="93701468" lat="8.0054597" lon="124.2538207"/>
  <node id="6501184737" version="1" timestamp="2019-05-25T22:31:52Z" uid="5653955" user="Timmy_Tesseract" changeset="70620672" lat="8.0062305" lon="124.2557084"/>
  <node id="6501184738" version="2" timestamp="2020-11-07T09:46:36Z" uid="10811350" user="Dunajec5" changeset="93700605" lat="8.0057021" lon="124.2559364"/>
  <node id="6501184739" version="2" timestamp="2020-11-07T09:46:36Z" uid="10811350" user="Dunajec5" changeset="93700605" lat="8.0056523" lon="124.2559391"/>
  <node id="6501184740" version="2" timestamp="2020-11-07T09:46:36Z" uid="10811350" user="Dunajec5" changeset="93700605" lat="8.0056125" lon="124.2559317"/>
  <node id="6501184741" version="1" timestamp="2019-05-25T22:31:52Z" uid="5653955" user="Timmy_Tesseract" changeset="70620672" lat="8.0055912" lon="124.2559156"/>
  <node id="6501184742" version="2" timestamp="2020-11-07T09:46:36Z" uid="10811350" user="Dunajec5" changeset="93700605" lat="8.0055454" lon="124.2558284"/>
  <node id="6501184743" version="2" timestamp="2020-11-07T09:46:36Z" uid="10811350" user="Dunajec5" changeset="93700605" lat="8.0055055" lon="124.2557415"/>
  <node id="6501184744" version="2" timestamp="2020-11-07T09:46:36Z" uid="10811350" user="Dunajec5" changeset="93700605" lat="8.0054437" lon="124.2557238"/>
  <node id="6501184745" version="1" timestamp="2019-05-25T22:31:52Z" uid="5653955" user="Timmy_Tesseract" changeset="70620672" lat="8.005384" lon="124.2557359"/>
  <node id="6501184750" version="3" timestamp="2022-05-24T07:25:04Z" uid="5653955" user="Timmy_Tesseract" changeset="121405934" lat="7.9984642" lon="124.2666267">
    <tag k="access" v="yes"/>
    <tag k="barrier" v="lift_gate"/>
  </node>
  <node id="6501184756" version="2" timestamp="2022-05-24T07:25:04Z" uid="5653955" user="Timmy_Tesseract" changeset="121405934" lat="7.9985456" lon="124.2667683"/>
  <node id="6501184757" version="3" timestamp="2022-05-24T07:25:04Z" uid="5653955" user="Timmy_Tesseract" changeset="121405934" lat="7.9985575" lon="124.2666367">
    <tag k="barrier" v="lift_gate"/>
    <tag k="fixme" v="survey access restrictions"/>
    <tag k="psv" v="permit"/>
  </node>
  <node id="6501184758" version="2" timestamp="2020-10-05T11:26:24Z" uid="8793998" user="animalkingdom" changeset="91982295" lat="7.9982082" lon="124.2669157"/>
  <node id="6501184759" version="2" timestamp="2020-10-05T11:26:24Z" uid="8793998" user="animalkingdom" changeset="91982295" lat="7.9981754" lon="124.2669613"/>
  <node id="6501184761" version="3" timestamp="2022-05-24T07:25:04Z" uid="5653955" user="Timmy_Tesseract" changeset="121405934" lat="7.9983833" lon="124.2669884"/>
  <node id="6894757758" version="2" timestamp="2020-11-07T09:46:36Z" uid="10811350" user="Dunajec5" changeset="93700605" lat="8.003169" lon="124.2532757"/>
  <node id="6894757759" version="2" timestamp="2020-11-07T09:46:36Z" uid="10811350" user="Dunajec5" changeset="93700605" lat="8.0034608" lon="124.2538147"/>
  <node id="6894757760" version="2" timestamp="2020-11-07T09:46:36Z" uid="10811350" user="Dunajec5" changeset="93700605" lat="8.0036574" lon="124.2541774"/>
  <node id="6894757762" version="1" timestamp="2019-10-18T06:41:36Z" uid="10045145" user="GrabPHEjelyn" changeset="75873618" lat="8.0032032" lon="124.2543766"/>
  <node id="6894757763" version="2" timestamp="2020-11-07T09:46:36Z" uid="10811350" user="Dunajec5" changeset="93700605" lat="8.0027821" lon="124.2545657"/>
  <node id="6894757764" version="2" timestamp="2020-11-07T09:46:36Z" uid="10811350" user="Dunajec5" changeset="93700605" lat="8.0028659" lon="124.2547668"/>
  <node id="6894757765" version="2" timestamp="2020-11-07T09:46:36Z" uid="10811350" user="Dunajec5" changeset="93700605" lat="8.0032204" lon="124.2554575"/>
  <node id="6894757766" version="2" timestamp="2020-11-07T09:46:36Z" uid="10811350" user="Dunajec5" changeset="93700605" lat="8.0033944" lon="124.2559175"/>
  <node id="6894757767" version="3" timestamp="2020-11-07T09:46:36Z" uid="10811350" user="Dunajec5" changeset="93700605" lat="8.0034538" lon="124.256148"/>
  <node id="6894757768" version="2" timestamp="2020-11-07T09:46:36Z" uid="10811350" user="Dunajec5" changeset="93700605" lat="8.0024137" lon="124.2535953"/>
  <node id="6894757769" version="2" timestamp="2020-11-07T09:46:36Z" uid="10811350" user="Dunajec5" changeset="93700605" lat="8.0025272" lon="124.2536766"/>
  <node id="6894757770" version="2" timestamp="2020-11-07T09:46:36Z" uid="10811350" user="Dunajec5" changeset="93700605" lat="8.0026547" lon="124.2536523"/>
  <node id="6894757771" version="2" timestamp="2020-11-07T09:46:36Z" uid="10811350" user="Dunajec5" changeset="93700605" lat="8.0028339" lon="124.2536175"/>
  <node id="6894757772" version="1" timestamp="2019-10-18T06:41:36Z" uid="10045145" user="GrabPHEjelyn" changeset="75873618" lat="8.0029854" lon="124.2536041"/>
  <node id="6894757773" version="2" timestamp="2020-11-07T09:46:36Z" uid="10811350" user="Dunajec5" changeset="93700605" lat="8.0031009" lon="124.2536061"/>
  <node id="6894757774" version="2" timestamp="2020-11-07T09:46:36Z" uid="10811350" user="Dunajec5" changeset="93700605" lat="8.0031686" lon="124.2536497"/>
  <node id="6894757775" version="2" timestamp="2020-11-07T09:46:36Z" uid="10811350" user="Dunajec5" changeset="93700605" lat="8.0034708" lon="124.2542411"/>
  <node id="6894757777" version="4" timestamp="2020-11-07T09:46:36Z" uid="10811350" user="Dunajec5" changeset="93700605" lat="8.0040336" lon="124.2577326"/>
  <node id="6894757778" version="2" timestamp="2019-11-07T23:26:28Z" uid="10044733" user="GrabPHJerome" changeset="76780632" lat="8.0048698" lon="124.2573297"/>
  <node id="6894757779" version="3" timestamp="2020-11-07T12:10:18Z" uid="10811350" user="Dunajec5" changeset="93704875" lat="8.0045046" lon="124.2575"/>
  <node id="6894757780" version="4" timestamp="2020-11-07T09:46:36Z" uid="10811350" user="Dunajec5" changeset="93700605" lat="8.003737" lon="124.2578862"/>
  <node id="6894757781" version="4" timestamp="2020-11-07T09:46:36Z" uid="10811350" user="Dunajec5" changeset="93700605" lat="8.0032997" lon="124.2580995"/>
  <node id="6894757782" version="5" timestamp="2020-11-07T10:11:33Z" uid="10811350" user="Dunajec5" changeset="93701468" lat="8.0029262" lon="124.2581879"/>
  <node id="6894757783" version="4" timestamp="2020-11-07T09:46:36Z" uid="10811350" user="Dunajec5" changeset="93700605" lat="8.0028054" lon="124.2582102"/>
  <node id="6894757784" version="4" timestamp="2020-11-07T09:46:36Z" uid="10811350" user="Dunajec5" changeset="93700605" lat="8.0026825" lon="124.258261"/>
  <node id="6894779885" version="3" timestamp="2020-09-07T03:08:45Z" uid="1041828" user="GOwin" changeset="90499085" lat="8.002465" lon="124.2583095"/>
  <node id="6894779886" version="5" timestamp="2020-11-07T12:10:18Z" uid="10811350" user="Dunajec5" changeset="93704875" lat="8.0036955" lon="124.2570106"/>
  <node id="6894779887" version="3" timestamp="2020-11-07T09:46:36Z" uid="10811350" user="Dunajec5" changeset="93700605" lat="8.0032908" lon="124.2571621"/>
  <node id="6894779888" version="3" timestamp="2020-11-07T09:46:36Z" uid="10811350" user="Dunajec5" changeset="93700605" lat="8.0025126" lon="124.2574115"/>
  <node id="6894779889" version="2" timestamp="2020-09-07T03:08:45Z" uid="1041828" user="GOwin" changeset="90499085" lat="8.0023917" lon="124.2569649"/>
  <node id="6894779890" version="2" timestamp="2020-10-07T10:33:08Z" uid="10210169" user="MonteGeneroso" changeset="92104655" lat="7.9965717" lon="124.2536551"/>
  <node id="6894779893" version="3" timestamp="2022-04-06T12:43:34Z" uid="5653955" user="Timmy_Tesseract" changeset="119385893" lat="7.9966495" lon="124.2529137"/>
  <node id="6894779895" version="3" timestamp="2022-04-06T12:43:34Z" uid="5653955" user="Timmy_Tesseract" changeset="119385893" lat="7.9963099" lon="124.2525761"/>
  <node id="6894779897" version="2" timestamp="2020-10-07T11:18:31Z" uid="10210169" user="MonteGeneroso" changeset="92107874" lat="7.9963984" lon="124.2520331"/>
  <node id="6894779898" version="2" timestamp="2020-10-07T11:18:31Z" uid="10210169" user="MonteGeneroso" changeset="92107874" lat="7.9964462" lon="124.2517662"/>
  <node id="6894779900" version="2" timestamp="2020-10-07T11:18:31Z" uid="10210169" user="MonteGeneroso" changeset="92107874" lat="7.9964848" lon="124.2515865"/>
  <node id="6894779901" version="1" timestamp="2019-10-18T06:41:36Z" uid="10045145" user="GrabPHEjelyn" changeset="75873618" lat="7.9921165" lon="124.2587982"/>
  <node id="6894779903" version="2" timestamp="2020-10-07T09:08:46Z" uid="10210169" user="MonteGeneroso" changeset="92098066" lat="7.9915065" lon="124.2593951"/>
  <node id="6894779904" version="2" timestamp="2020-10-07T09:08:46Z" uid="10210169" user="MonteGeneroso" changeset="92098066" lat="7.9912907" lon="124.2595567"/>
  <node id="6894852303" version="2" timestamp="2020-10-07T10:57:19Z" uid="10210169" user="MonteGeneroso" changeset="92106360" lat="7.9990426" lon="124.2527224"/>
  <node id="6894852304" version="3" timestamp="2020-10-07T10:57:19Z" uid="10210169" user="MonteGeneroso" changeset="92106360" lat="7.9986654" lon="124.2531154"/>
  <node id="6894852305" version="2" timestamp="2020-10-07T10:57:19Z" uid="10210169" user="MonteGeneroso" changeset="92106360" lat="7.9988434" lon="124.2533715"/>
  <node id="6894852306" version="2" timestamp="2020-10-07T10:57:19Z" uid="10210169" user="MonteGeneroso" changeset="92106360" lat="7.998611" lon="124.2530121"/>
  <node id="6894852307" version="2" timestamp="2020-10-07T10:57:19Z" uid="10210169" user="MonteGeneroso" changeset="92106360" lat="7.9985353" lon="124.2528914"/>
  <node id="6894852308" version="2" timestamp="2020-10-07T09:23:21Z" uid="10210169" user="MonteGeneroso" changeset="92099231" lat="7.9915151" lon="124.2555582"/>
  <node id="6894852309" version="2" timestamp="2020-10-07T09:23:21Z" uid="10210169" user="MonteGeneroso" changeset="92099231" lat="7.9908889" lon="124.2552202"/>
  <node id="6894852310" version="2" timestamp="2020-10-07T09:23:21Z" uid="10210169" user="MonteGeneroso" changeset="92099231" lat="7.9907701" lon="124.2551297"/>
  <node id="6894852311" version="1" timestamp="2019-10-18T06:56:56Z" uid="10045145" user="GrabPHEjelyn" changeset="75874328" lat="7.9902705" lon="124.2547896"/>
  <node id="6894852312" version="2" timestamp="2020-10-07T09:23:21Z" uid="10210169" user="MonteGeneroso" changeset="92099231" lat="7.9894021" lon="124.2541755"/>
  <node id="6894852313" version="2" timestamp="2020-10-07T09:23:21Z" uid="10210169" user="MonteGeneroso" changeset="92099231" lat="7.9887726" lon="124.2537524"/>
  <node id="6894852314" version="2" timestamp="2020-10-07T09:23:21Z" uid="10210169" user="MonteGeneroso" changeset="92099231" lat="7.9882173" lon="124.2534405"/>
  <node id="7882495372" version="3" timestamp="2022-05-24T07:25:04Z" uid="5653955" user="Timmy_Tesseract" changeset="121405934" lat="8.0009856" lon="124.2600234"/>
  <node id="7882495373" version="3" timestamp="2022-05-24T07:25:04Z" uid="5653955" user="Timmy_Tesseract" changeset="121405934" lat="8.0000931" lon="124.2599865"/>
  <node id="7882495375" version="3" timestamp="2022-05-24T07:25:04Z" uid="5653955" user="Timmy_Tesseract" changeset="121405934" lat="8.0000682" lon="124.2601916"/>
  <node id="7882495376" version="2" timestamp="2020-10-07T09:32:25Z" uid="10210169" user="MonteGeneroso" changeset="92099905" lat="8.0000669" lon="124.2602403"/>
  <node id="7882495377" version="3" timestamp="2022-05-24T07:25:04Z" uid="5653955" user="Timmy_Tesseract" changeset="121405934" lat="8.0000751" lon="124.2602883"/>
  <node id="7882495379" version="3" timestamp="2022-05-24T07:25:04Z" uid="5653955" user="Timmy_Tesseract" changeset="121405934" lat="8.0000954" lon="124.2603248"/>
  <node id="7882495381" version="3" timestamp="2022-05-24T07:25:04Z" uid="5653955" user="Timmy_Tesseract" changeset="121405934" lat="8.0001917" lon="124.2603724"/>
  <node id="7882495383" version="3" timestamp="2022-05-24T07:25:04Z" uid="5653955" user="Timmy_Tesseract" changeset="121405934" lat="8.0002478" lon="124.2603788"/>
  <node id="7882495384" version="3" timestamp="2022-05-24T07:25:04Z" uid="5653955" user="Timmy_Tesseract" changeset="121405934" lat="8.0002876" lon="124.2603701"/>
  <node id="7882523485" version="2" timestamp="2020-10-07T09:32:25Z" uid="10210169" user="MonteGeneroso" changeset="92099905" lat="8.0003238" lon="124.2603365"/>
  <node id="7882523486" version="2" timestamp="2020-10-07T09:32:25Z" uid="10210169" user="MonteGeneroso" changeset="92099905" lat="8.0003697" lon="124.2602504"/>
  <node id="7882523488" version="3" timestamp="2022-05-24T07:25:04Z" uid="5653955" user="Timmy_Tesseract" changeset="121405934" lat="8.0001303" lon="124.2603523"/>
  <node id="7882523490" version="3" timestamp="2022-05-24T07:25:04Z" uid="5653955" user="Timmy_Tesseract" changeset="121405934" lat="8.0004174" lon="124.2600682"/>
  <node id="7882523491" version="3" timestamp="2022-05-24T07:25:04Z" uid="5653955" user="Timmy_Tesseract" changeset="121405934" lat="7.9999184" lon="124.2599424"/>
  <node id="7882523492" version="4" timestamp="2022-05-24T07:25:04Z" uid="5653955" user="Timmy_Tesseract" changeset="121405934" lat="8.0009215" lon="124.2602091"/>
  <node id="7882523493" version="2" timestamp="2020-11-07T09:46:36Z" uid="10811350" user="Dunajec5" changeset="93700605" lat="8.001283" lon="124.2585958"/>
  <node id="7882523494" version="3" timestamp="2020-11-07T10:11:33Z" uid="10811350" user="Dunajec5" changeset="93701468" lat="8.0025009" lon="124.2583592"/>
  <node id="7882523495" version="1" timestamp="2020-09-07T03:08:45Z" uid="1041828" user="GOwin" changeset="90499085" lat="8.0026741" lon="124.2587212"/>
  <node id="7882523496" version="2" timestamp="2020-11-07T09:46:36Z" uid="10811350" user="Dunajec5" changeset="93700605" lat="8.0023933" lon="124.2582162"/>
  <node id="7882523497" version="2" timestamp="2020-11-07T09:46:36Z" uid="10811350" user="Dunajec5" changeset="93700605" lat="8.0023454" lon="124.2581746"/>
  <node id="7882523498" version="2" timestamp="2020-11-07T09:46:36Z" uid="10811350" user="Dunajec5" changeset="93700605" lat="8.0022279" lon="124.2580801"/>
  <node id="7882523499" version="2" timestamp="2020-11-07T09:46:36Z" uid="10811350" user="Dunajec5" changeset="93700605" lat="8.0021323" lon="124.2579655"/>
  <node id="7882523500" version="1" timestamp="2020-09-07T03:08:45Z" uid="1041828" user="GOwin" changeset="90499085" lat="8.0020586" lon="124.2578025"/>
  <node id="7976854493" version="2" timestamp="2022-05-24T07:25:04Z" uid="5653955" user="Timmy_Tesseract" changeset="121405934" lat="7.998513" lon="124.2671272"/>
  <node id="7976932684" version="1" timestamp="2020-10-05T11:26:24Z" uid="8793998" user="animalkingdom" changeset="91982295" lat="7.992725" lon="124.2650324"/>
  <node id="7976934580" version="1" timestamp="2020-10-05T11:38:43Z" uid="8793998" user="animalkingdom" changeset="91983231" lat="7.9931327" lon="124.2682913"/>
  <node id="7976934581" version="1" timestamp="2020-10-05T11:38:43Z" uid="8793998" user="animalkingdom" changeset="91983231" lat="7.9930045" lon="124.2682672"/>
  <node id="7976934582" version="1" timestamp="2020-10-05T11:38:43Z" uid="8793998" user="animalkingdom" changeset="91983231" lat="7.9928525" lon="124.2682303"/>
  <node id="7976934583" version="1" timestamp="2020-10-05T11:38:43Z" uid="8793998" user="animalkingdom" changeset="91983231" lat="7.9927761" lon="124.2682035"/>
  <node id="7976934584" version="1" timestamp="2020-10-05T11:38:43Z" uid="8793998" user="animalkingdom" changeset="91983231" lat="7.9927247" lon="124.268176"/>
  <node id="7976935785" version="1" timestamp="2020-10-05T11:26:24Z" uid="8793998" user="animalkingdom" changeset="91982295" lat="7.9933064" lon="124.2648178"/>
  <node id="7976935786" version="1" timestamp="2020-10-05T11:26:24Z" uid="8793998" user="animalkingdom" changeset="91982295" lat="7.9937204" lon="124.2657258"/>
  <node id="7976935787" version="1" timestamp="2020-10-05T11:26:24Z" uid="8793998" user="animalkingdom" changeset="91982295" lat="7.9934216" lon="124.2651008"/>
  <node id="7976935788" version="1" timestamp="2020-10-05T11:26:24Z" uid="8793998" user="animalkingdom" changeset="91982295" lat="7.9933226" lon="124.2648641"/>
  <node id="7976935789" version="1" timestamp="2020-10-05T11:26:24Z" uid="8793998" user="animalkingdom" changeset="91982295" lat="7.990699" lon="124.2647716"/>
  <node id="7976935790" version="1" timestamp="2020-10-05T11:26:24Z" uid="8793998" user="animalkingdom" changeset="91982295" lat="7.9904314" lon="124.2647434"/>
  <node id="7976935791" version="1" timestamp="2020-10-05T11:26:24Z" uid="8793998" user="animalkingdom" changeset="91982295" lat="7.9901319" lon="124.2647186"/>
  <node id="7976935792" version="1" timestamp="2020-10-05T11:26:24Z" uid="8793998" user="animalkingdom" changeset="91982295" lat="7.9902302" lon="124.2647286"/>
  <node id="7976935793" version="1" timestamp="2020-10-05T11:26:24Z" uid="8793998" user="animalkingdom" changeset="91982295" lat="7.9899868" lon="124.2646877"/>
  <node id="7976935794" version="1" timestamp="2020-10-05T11:26:24Z" uid="8793998" user="animalkingdom" changeset="91982295" lat="7.9900476" lon="124.2647085"/>
  <node id="7976935795" version="1" timestamp="2020-10-05T11:26:24Z" uid="8793998" user="animalkingdom" changeset="91982295" lat="7.9899154" lon="124.2646535"/>
  <node id="7976935796" version="1" timestamp="2020-10-05T11:26:24Z" uid="8793998" user="animalkingdom" changeset="91982295" lat="7.989769" lon="124.2645701"/>
  <node id="7976935797" version="1" timestamp="2020-10-05T11:26:24Z" uid="8793998" user="animalkingdom" changeset="91982295" lat="7.9897215" lon="124.2645359"/>
  <node id="7976935798" version="1" timestamp="2020-10-05T11:26:24Z" uid="8793998" user="animalkingdom" changeset="91982295" lat="7.9897033" lon="124.2645084"/>
  <node id="7976935799" version="1" timestamp="2020-10-05T11:26:24Z" uid="8793998" user="animalkingdom" changeset="91982295" lat="7.989684" lon="124.2644621"/>
  <node id="7976935800" version="1" timestamp="2020-10-05T11:26:24Z" uid="8793998" user="animalkingdom" changeset="91982295" lat="7.9896707" lon="124.2644252"/>
  <node id="7976935801" version="1" timestamp="2020-10-05T11:26:24Z" uid="8793998" user="animalkingdom" changeset="91982295" lat="7.9909719" lon="124.2647924"/>
  <node id="7976935802" version="1" timestamp="2020-10-05T11:26:24Z" uid="8793998" user="animalkingdom" changeset="91982295" lat="7.9907212" lon="124.2664791"/>
  <node id="7976935803" version="1" timestamp="2020-10-05T11:26:24Z" uid="8793998" user="animalkingdom" changeset="91982295" lat="7.9907608" lon="124.2664892"/>
  <node id="7976935804" version="1" timestamp="2020-10-05T11:26:24Z" uid="8793998" user="animalkingdom" changeset="91982295" lat="7.9907813" lon="124.2664885"/>
  <node id="7976935805" version="1" timestamp="2020-10-05T11:26:24Z" uid="8793998" user="animalkingdom" changeset="91982295" lat="7.9907953" lon="124.2664845"/>
  <node id="7976935806" version="1" timestamp="2020-10-05T11:26:24Z" uid="8793998" user="animalkingdom" changeset="91982295" lat="7.9908069" lon="124.2664711"/>
  <node id="7976935807" version="1" timestamp="2020-10-05T11:26:24Z" uid="8793998" user="animalkingdom" changeset="91982295" lat="7.9908125" lon="124.2664614"/>
  <node id="7976935808" version="1" timestamp="2020-10-05T11:26:24Z" uid="8793998" user="animalkingdom" changeset="91982295" lat="7.9908218" lon="124.2664376"/>
  <node id="7976935809" version="1" timestamp="2020-10-05T11:26:24Z" uid="8793998" user="animalkingdom" changeset="91982295" lat="7.9908298" lon="124.2664158"/>
  <node id="7976935810" version="1" timestamp="2020-10-05T11:26:24Z" uid="8793998" user="animalkingdom" changeset="91982295" lat="7.9908384" lon="124.2663755"/>
  <node id="7976935811" version="1" timestamp="2020-10-05T11:26:24Z" uid="8793998" user="animalkingdom" changeset="91982295" lat="7.9908431" lon="124.2663326"/>
  <node id="7976935812" version="1" timestamp="2020-10-05T11:26:24Z" uid="8793998" user="animalkingdom" changeset="91982295" lat="7.9908517" lon="124.2662562"/>
  <node id="7976935813" version="1" timestamp="2020-10-05T11:26:24Z" uid="8793998" user="animalkingdom" changeset="91982295" lat="7.9908584" lon="124.2661911"/>
  <node id="7976935814" version="1" timestamp="2020-10-05T11:26:24Z" uid="8793998" user="animalkingdom" changeset="91982295" lat="7.9904216" lon="124.2663864"/>
  <node id="7976935815" version="1" timestamp="2020-10-05T11:26:24Z" uid="8793998" user="animalkingdom" changeset="91982295" lat="7.990871" lon="124.266112"/>
  <node id="7976935816" version="1" timestamp="2020-10-05T11:26:24Z" uid="8793998" user="animalkingdom" changeset="91982295" lat="7.9898645" lon="124.2664941"/>
  <node id="7976935817" version="1" timestamp="2020-10-05T11:26:24Z" uid="8793998" user="animalkingdom" changeset="91982295" lat="7.9899104" lon="124.2665217"/>
  <node id="7976935818" version="1" timestamp="2020-10-05T11:26:24Z" uid="8793998" user="animalkingdom" changeset="91982295" lat="7.9898718" lon="124.266502"/>
  <node id="7976935819" version="1" timestamp="2020-10-05T11:26:24Z" uid="8793998" user="animalkingdom" changeset="91982295" lat="7.9898617" lon="124.2664826"/>
  <node id="7976935820" version="1" timestamp="2020-10-05T11:26:24Z" uid="8793998" user="animalkingdom" changeset="91982295" lat="7.9898626" lon="124.2664688"/>
  <node id="7976935821" version="1" timestamp="2020-10-05T11:26:24Z" uid="8793998" user="animalkingdom" changeset="91982295" lat="7.9898676" lon="124.266449"/>
  <node id="7976935822" version="1" timestamp="2020-10-05T11:26:24Z" uid="8793998" user="animalkingdom" changeset="91982295" lat="7.9898736" lon="124.2664349"/>
  <node id="7976935823" version="1" timestamp="2020-10-05T11:26:24Z" uid="8793998" user="animalkingdom" changeset="91982295" lat="7.9898786" lon="124.2664208"/>
  <node id="7976935824" version="1" timestamp="2020-10-05T11:26:24Z" uid="8793998" user="animalkingdom" changeset="91982295" lat="7.9898845" lon="124.266404"/>
  <node id="7976935825" version="1" timestamp="2020-10-05T11:26:24Z" uid="8793998" user="animalkingdom" changeset="91982295" lat="7.9898935" lon="124.2663836"/>
  <node id="7976935826" version="1" timestamp="2020-10-05T11:26:24Z" uid="8793998" user="animalkingdom" changeset="91982295" lat="7.9899048" lon="124.2663604"/>
  <node id="7976935827" version="1" timestamp="2020-10-05T11:26:24Z" uid="8793998" user="animalkingdom" changeset="91982295" lat="7.9899187" lon="124.2663276"/>
  <node id="7976935828" version="1" timestamp="2020-10-05T11:26:24Z" uid="8793998" user="animalkingdom" changeset="91982295" lat="7.9899639" lon="124.2662233"/>
  <node id="7976935829" version="1" timestamp="2020-10-05T11:26:24Z" uid="8793998" user="animalkingdom" changeset="91982295" lat="7.990031" lon="124.2660738"/>
  <node id="7976935830" version="1" timestamp="2020-10-05T11:26:24Z" uid="8793998" user="animalkingdom" changeset="91982295" lat="7.9903198" lon="124.2666793"/>
  <node id="7976935831" version="1" timestamp="2020-10-05T11:26:24Z" uid="8793998" user="animalkingdom" changeset="91982295" lat="7.9902176" lon="124.2656775"/>
  <node id="7976935832" version="1" timestamp="2020-10-05T11:26:24Z" uid="8793998" user="animalkingdom" changeset="91982295" lat="7.9900089" lon="124.2681461"/>
  <node id="7976935833" version="1" timestamp="2020-10-05T11:26:24Z" uid="8793998" user="animalkingdom" changeset="91982295" lat="7.9900277" lon="124.268003"/>
  <node id="7976935834" version="1" timestamp="2020-10-05T11:26:24Z" uid="8793998" user="animalkingdom" changeset="91982295" lat="7.9901113" lon="124.2674947"/>
  <node id="7976935835" version="1" timestamp="2020-10-05T11:26:24Z" uid="8793998" user="animalkingdom" changeset="91982295" lat="7.9901605" lon="124.2672653"/>
  <node id="7976935836" version="1" timestamp="2020-10-05T11:26:24Z" uid="8793998" user="animalkingdom" changeset="91982295" lat="7.990268" lon="124.2668456"/>
  <node id="7976935837" version="1" timestamp="2020-10-05T11:26:24Z" uid="8793998" user="animalkingdom" changeset="91982295" lat="7.9906479" lon="124.2657351"/>
  <node id="7976935838" version="1" timestamp="2020-10-05T11:26:24Z" uid="8793998" user="animalkingdom" changeset="91982295" lat="7.9909148" lon="124.2649667"/>
  <node id="7976935839" version="1" timestamp="2020-10-05T11:26:24Z" uid="8793998" user="animalkingdom" changeset="91982295" lat="7.9911408" lon="124.2642875"/>
  <node id="7976935840" version="2" timestamp="2020-10-07T08:44:11Z" uid="10210169" user="MonteGeneroso" changeset="92096107" lat="7.9893815" lon="124.2641506"/>
  <node id="7976935841" version="1" timestamp="2020-10-05T11:26:24Z" uid="8793998" user="animalkingdom" changeset="91982295" lat="7.9895329" lon="124.2642801"/>
  <node id="7976935842" version="1" timestamp="2020-10-05T11:26:24Z" uid="8793998" user="animalkingdom" changeset="91982295" lat="7.9895748" lon="124.2643223"/>
  <node id="7976935843" version="1" timestamp="2020-10-05T11:26:24Z" uid="8793998" user="animalkingdom" changeset="91982295" lat="7.9896186" lon="124.2643498"/>
  <node id="7976935844" version="1" timestamp="2020-10-05T11:26:24Z" uid="8793998" user="animalkingdom" changeset="91982295" lat="7.9896498" lon="124.2643645"/>
  <node id="7976935845" version="1" timestamp="2020-10-05T11:26:24Z" uid="8793998" user="animalkingdom" changeset="91982295" lat="7.989687" lon="124.2643786"/>
  <node id="7976935846" version="1" timestamp="2020-10-05T11:26:24Z" uid="8793998" user="animalkingdom" changeset="91982295" lat="7.9897766" lon="124.2643833"/>
  <node id="7976935847" version="1" timestamp="2020-10-05T11:26:24Z" uid="8793998" user="animalkingdom" changeset="91982295" lat="7.9898796" lon="124.264378"/>
  <node id="7976935848" version="1" timestamp="2020-10-05T11:26:24Z" uid="8793998" user="animalkingdom" changeset="91982295" lat="7.9899114" lon="124.2643746"/>
  <node id="7976935849" version="1" timestamp="2020-10-05T11:26:24Z" uid="8793998" user="animalkingdom" changeset="91982295" lat="7.9899506" lon="124.2643619"/>
  <node id="7976935850" version="1" timestamp="2020-10-05T11:26:24Z" uid="8793998" user="animalkingdom" changeset="91982295" lat="7.9899679" lon="124.2643511"/>
  <node id="7976935851" version="1" timestamp="2020-10-05T11:26:24Z" uid="8793998" user="animalkingdom" changeset="91982295" lat="7.9899845" lon="124.2643317"/>
  <node id="7976935852" version="1" timestamp="2020-10-05T11:26:24Z" uid="8793998" user="animalkingdom" changeset="91982295" lat="7.9899971" lon="124.2643176"/>
  <node id="7976935853" version="1" timestamp="2020-10-05T11:26:24Z" uid="8793998" user="animalkingdom" changeset="91982295" lat="7.9900084" lon="124.2642982"/>
  <node id="7976935854" version="1" timestamp="2020-10-05T11:26:24Z" uid="8793998" user="animalkingdom" changeset="91982295" lat="7.9900874" lon="124.2641721"/>
  <node id="7976935855" version="1" timestamp="2020-10-05T11:26:24Z" uid="8793998" user="animalkingdom" changeset="91982295" lat="7.9901299" lon="124.2641057"/>
  <node id="7976935856" version="2" timestamp="2020-10-07T08:44:11Z" uid="10210169" user="MonteGeneroso" changeset="92096107" lat="7.990199" lon="124.2640722"/>
  <node id="7976935857" version="2" timestamp="2020-10-07T08:44:11Z" uid="10210169" user="MonteGeneroso" changeset="92096107" lat="7.9902408" lon="124.2640554"/>
  <node id="7976935858" version="2" timestamp="2020-10-07T08:44:11Z" uid="10210169" user="MonteGeneroso" changeset="92096107" lat="7.990267" lon="124.2640517"/>
  <node id="7976935859" version="2" timestamp="2020-10-07T08:44:11Z" uid="10210169" user="MonteGeneroso" changeset="92096107" lat="7.9902853" lon="124.2640511"/>
  <node id="7976935860" version="2" timestamp="2020-10-07T08:44:11Z" uid="10210169" user="MonteGeneroso" changeset="92096107" lat="7.9903942" lon="124.2640769"/>
  <node id="7976935861" version="1" timestamp="2020-10-05T11:26:24Z" uid="8793998" user="animalkingdom" changeset="91982295" lat="7.9912399" lon="124.2643156"/>
  <node id="7976935862" version="1" timestamp="2020-10-05T11:26:24Z" uid="8793998" user="animalkingdom" changeset="91982295" lat="7.9912578" lon="124.2643213"/>
  <node id="7976935863" version="1" timestamp="2020-10-05T11:26:24Z" uid="8793998" user="animalkingdom" changeset="91982295" lat="7.991276" lon="124.2643216"/>
  <node id="7976935864" version="1" timestamp="2020-10-05T11:26:24Z" uid="8793998" user="animalkingdom" changeset="91982295" lat="7.9912867" lon="124.2643189"/>
  <node id="7976935865" version="1" timestamp="2020-10-05T11:26:24Z" uid="8793998" user="animalkingdom" changeset="91982295" lat="7.9912973" lon="124.2643008"/>
  <node id="7976935866" version="1" timestamp="2020-10-05T11:26:24Z" uid="8793998" user="animalkingdom" changeset="91982295" lat="7.9913139" lon="124.2642579"/>
  <node id="7976935867" version="1" timestamp="2020-10-05T11:26:24Z" uid="8793998" user="animalkingdom" changeset="91982295" lat="7.9914394" lon="124.2639475"/>
  <node id="7976935868" version="1" timestamp="2020-10-05T11:26:24Z" uid="8793998" user="animalkingdom" changeset="91982295" lat="7.9889951" lon="124.2649519"/>
  <node id="7976935869" version="1" timestamp="2020-10-05T11:26:24Z" uid="8793998" user="animalkingdom" changeset="91982295" lat="7.988847" lon="124.2651954"/>
  <node id="7976935870" version="1" timestamp="2020-10-05T11:26:24Z" uid="8793998" user="animalkingdom" changeset="91982295" lat="7.9888231" lon="124.2652182"/>
  <node id="7976935871" version="1" timestamp="2020-10-05T11:26:24Z" uid="8793998" user="animalkingdom" changeset="91982295" lat="7.9888005" lon="124.2652302"/>
  <node id="7976935872" version="1" timestamp="2020-10-05T11:26:24Z" uid="8793998" user="animalkingdom" changeset="91982295" lat="7.9887706" lon="124.2652302"/>
  <node id="7976935873" version="1" timestamp="2020-10-05T11:26:24Z" uid="8793998" user="animalkingdom" changeset="91982295" lat="7.9887401" lon="124.2652228"/>
  <node id="7976935874" version="1" timestamp="2020-10-05T11:26:24Z" uid="8793998" user="animalkingdom" changeset="91982295" lat="7.988683" lon="124.2652"/>
  <node id="7976935875" version="1" timestamp="2020-10-05T11:26:24Z" uid="8793998" user="animalkingdom" changeset="91982295" lat="7.9886278" lon="124.2651756"/>
  <node id="7976935876" version="1" timestamp="2020-10-05T11:26:24Z" uid="8793998" user="animalkingdom" changeset="91982295" lat="7.9885249" lon="124.2651528"/>
  <node id="7976935877" version="1" timestamp="2020-10-05T11:26:24Z" uid="8793998" user="animalkingdom" changeset="91982295" lat="7.9884778" lon="124.2651474"/>
  <node id="7976935878" version="1" timestamp="2020-10-05T11:26:24Z" uid="8793998" user="animalkingdom" changeset="91982295" lat="7.9884602" lon="124.2651498"/>
  <node id="7976935879" version="1" timestamp="2020-10-05T11:26:24Z" uid="8793998" user="animalkingdom" changeset="91982295" lat="7.9884333" lon="124.2651565"/>
  <node id="7976935880" version="1" timestamp="2020-10-05T11:26:24Z" uid="8793998" user="animalkingdom" changeset="91982295" lat="7.9884127" lon="124.2651662"/>
  <node id="7976935881" version="1" timestamp="2020-10-05T11:26:24Z" uid="8793998" user="animalkingdom" changeset="91982295" lat="7.9883881" lon="124.2651833"/>
  <node id="7976935882" version="1" timestamp="2020-10-05T11:26:24Z" uid="8793998" user="animalkingdom" changeset="91982295" lat="7.9883626" lon="124.2652104"/>
  <node id="7976935883" version="1" timestamp="2020-10-05T11:26:24Z" uid="8793998" user="animalkingdom" changeset="91982295" lat="7.98834" lon="124.2652359"/>
  <node id="7976935884" version="1" timestamp="2020-10-05T11:26:24Z" uid="8793998" user="animalkingdom" changeset="91982295" lat="7.9882839" lon="124.2653087"/>
  <node id="7976935885" version="1" timestamp="2020-10-05T11:26:24Z" uid="8793998" user="animalkingdom" changeset="91982295" lat="7.9882082" lon="124.2654039"/>
  <node id="7976935886" version="1" timestamp="2020-10-05T11:26:24Z" uid="8793998" user="animalkingdom" changeset="91982295" lat="7.98792" lon="124.2657687"/>
  <node id="7976935887" version="1" timestamp="2020-10-05T11:26:24Z" uid="8793998" user="animalkingdom" changeset="91982295" lat="7.9877208" lon="124.2660939"/>
  <node id="7976935888" version="1" timestamp="2020-10-05T11:26:24Z" uid="8793998" user="animalkingdom" changeset="91982295" lat="7.9876318" lon="124.2662501"/>
  <node id="7976935889" version="1" timestamp="2020-10-05T11:26:24Z" uid="8793998" user="animalkingdom" changeset="91982295" lat="7.9875999" lon="124.2663279"/>
  <node id="7976935890" version="1" timestamp="2020-10-05T11:26:24Z" uid="8793998" user="animalkingdom" changeset="91982295" lat="7.9875601" lon="124.266405"/>
  <node id="7976935891" version="1" timestamp="2020-10-05T11:26:24Z" uid="8793998" user="animalkingdom" changeset="91982295" lat="7.9874125" lon="124.2666142"/>
  <node id="7976935892" version="1" timestamp="2020-10-05T11:26:24Z" uid="8793998" user="animalkingdom" changeset="91982295" lat="7.989102" lon="124.2647823"/>
  <node id="7976935893" version="1" timestamp="2020-10-05T11:26:24Z" uid="8793998" user="animalkingdom" changeset="91982295" lat="7.9891657" lon="124.2646636"/>
  <node id="7976935894" version="1" timestamp="2020-10-05T11:26:24Z" uid="8793998" user="animalkingdom" changeset="91982295" lat="7.9891837" lon="124.264622"/>
  <node id="7976935895" version="1" timestamp="2020-10-05T11:26:24Z" uid="8793998" user="animalkingdom" changeset="91982295" lat="7.9891936" lon="124.2645858"/>
  <node id="7976935896" version="1" timestamp="2020-10-05T11:26:24Z" uid="8793998" user="animalkingdom" changeset="91982295" lat="7.9892029" lon="124.2645469"/>
  <node id="7976935897" version="1" timestamp="2020-10-05T11:26:24Z" uid="8793998" user="animalkingdom" changeset="91982295" lat="7.9892281" lon="124.2644799"/>
  <node id="7976935898" version="1" timestamp="2020-10-05T11:26:24Z" uid="8793998" user="animalkingdom" changeset="91982295" lat="7.9893105" lon="124.2642921"/>
  <node id="7976935899" version="2" timestamp="2020-10-07T08:44:11Z" uid="10210169" user="MonteGeneroso" changeset="92096107" lat="7.9897043" lon="124.263417"/>
  <node id="7976935900" version="1" timestamp="2020-10-05T11:26:24Z" uid="8793998" user="animalkingdom" changeset="91982295" lat="7.9970631" lon="124.2694366"/>
  <node id="7976935901" version="1" timestamp="2020-10-05T11:26:24Z" uid="8793998" user="animalkingdom" changeset="91982295" lat="7.9970591" lon="124.2693387"/>
  <node id="7976935902" version="1" timestamp="2020-10-05T11:26:24Z" uid="8793998" user="animalkingdom" changeset="91982295" lat="7.9970678" lon="124.2692509"/>
  <node id="7976935903" version="1" timestamp="2020-10-05T11:26:24Z" uid="8793998" user="animalkingdom" changeset="91982295" lat="7.9970797" lon="124.2691992"/>
  <node id="7976935904" version="1" timestamp="2020-10-05T11:26:24Z" uid="8793998" user="animalkingdom" changeset="91982295" lat="7.9972583" lon="124.2687607"/>
  <node id="7976935905" version="1" timestamp="2020-10-05T11:26:24Z" uid="8793998" user="animalkingdom" changeset="91982295" lat="7.9971063" lon="124.2682685"/>
  <node id="7976935906" version="1" timestamp="2020-10-05T11:26:24Z" uid="8793998" user="animalkingdom" changeset="91982295" lat="7.9965319" lon="124.267952"/>
  <node id="7976935907" version="1" timestamp="2020-10-05T11:26:24Z" uid="8793998" user="animalkingdom" changeset="91982295" lat="7.9965432" lon="124.2679627"/>
  <node id="7976935908" version="1" timestamp="2020-10-05T11:26:24Z" uid="8793998" user="animalkingdom" changeset="91982295" lat="7.9965253" lon="124.2679346"/>
  <node id="7976935909" version="1" timestamp="2020-10-05T11:26:24Z" uid="8793998" user="animalkingdom" changeset="91982295" lat="7.9965239" lon="124.2679198"/>
  <node id="7976935910" version="1" timestamp="2020-10-05T11:26:24Z" uid="8793998" user="animalkingdom" changeset="91982295" lat="7.9965246" lon="124.2678963"/>
  <node id="7976935911" version="1" timestamp="2020-10-05T11:26:24Z" uid="8793998" user="animalkingdom" changeset="91982295" lat="7.9965286" lon="124.2678809"/>
  <node id="7976935912" version="1" timestamp="2020-10-05T11:26:24Z" uid="8793998" user="animalkingdom" changeset="91982295" lat="7.9965419" lon="124.2678581"/>
  <node id="7976935913" version="1" timestamp="2020-10-05T11:26:24Z" uid="8793998" user="animalkingdom" changeset="91982295" lat="7.9965605" lon="124.2678373"/>
  <node id="7976935914" version="1" timestamp="2020-10-05T11:26:24Z" uid="8793998" user="animalkingdom" changeset="91982295" lat="7.9966003" lon="124.2677978"/>
  <node id="7976935915" version="1" timestamp="2020-10-05T11:26:24Z" uid="8793998" user="animalkingdom" changeset="91982295" lat="7.9966773" lon="124.267722"/>
  <node id="7976935916" version="1" timestamp="2020-10-05T11:26:24Z" uid="8793998" user="animalkingdom" changeset="91982295" lat="7.9967304" lon="124.2676623"/>
  <node id="7976935917" version="1" timestamp="2020-10-05T11:26:24Z" uid="8793998" user="animalkingdom" changeset="91982295" lat="7.9967537" lon="124.2676174"/>
  <node id="7976935918" version="1" timestamp="2020-10-05T11:26:24Z" uid="8793998" user="animalkingdom" changeset="91982295" lat="7.996765" lon="124.2675772"/>
  <node id="7976935919" version="1" timestamp="2020-10-05T11:26:24Z" uid="8793998" user="animalkingdom" changeset="91982295" lat="7.9967862" lon="124.2675"/>
  <node id="7976935920" version="1" timestamp="2020-10-05T11:26:24Z" uid="8793998" user="animalkingdom" changeset="91982295" lat="7.9968334" lon="124.2673971"/>
  <node id="7976935921" version="1" timestamp="2020-10-05T11:26:24Z" uid="8793998" user="animalkingdom" changeset="91982295" lat="7.9968427" lon="124.2673834"/>
  <node id="7976935922" version="1" timestamp="2020-10-05T11:26:24Z" uid="8793998" user="animalkingdom" changeset="91982295" lat="7.9968506" lon="124.2673646"/>
  <node id="7976935923" version="1" timestamp="2020-10-05T11:26:24Z" uid="8793998" user="animalkingdom" changeset="91982295" lat="7.996851" lon="124.2673373"/>
  <node id="7976935924" version="1" timestamp="2020-10-05T11:26:24Z" uid="8793998" user="animalkingdom" changeset="91982295" lat="7.9968407" lon="124.2673096"/>
  <node id="7976935925" version="1" timestamp="2020-10-05T11:26:24Z" uid="8793998" user="animalkingdom" changeset="91982295" lat="7.9973779" lon="124.2683993"/>
  <node id="7976935926" version="1" timestamp="2020-10-05T11:26:24Z" uid="8793998" user="animalkingdom" changeset="91982295" lat="7.9974124" lon="124.2684046"/>
  <node id="7976935927" version="1" timestamp="2020-10-05T11:26:24Z" uid="8793998" user="animalkingdom" changeset="91982295" lat="7.9974416" lon="124.268406"/>
  <node id="7976935928" version="1" timestamp="2020-10-05T11:26:24Z" uid="8793998" user="animalkingdom" changeset="91982295" lat="7.9974762" lon="124.2683972"/>
  <node id="7976935929" version="1" timestamp="2020-10-05T11:26:24Z" uid="8793998" user="animalkingdom" changeset="91982295" lat="7.9975276" lon="124.2683929"/>
  <node id="7976935930" version="3" timestamp="2020-10-05T13:25:03Z" uid="8793998" user="animalkingdom" changeset="91989821" lat="7.9979579" lon="124.2685354"/>
  <node id="7976935931" version="1" timestamp="2020-10-05T11:26:24Z" uid="8793998" user="animalkingdom" changeset="91982295" lat="7.9976272" lon="124.2684539"/>
  <node id="7976935932" version="1" timestamp="2020-10-05T11:26:24Z" uid="8793998" user="animalkingdom" changeset="91982295" lat="7.9975349" lon="124.2684009"/>
  <node id="7976935933" version="1" timestamp="2020-10-05T11:26:24Z" uid="8793998" user="animalkingdom" changeset="91982295" lat="7.9975225" lon="124.2683837"/>
  <node id="7976935934" version="1" timestamp="2020-10-05T11:26:24Z" uid="8793998" user="animalkingdom" changeset="91982295" lat="7.9975206" lon="124.2683775"/>
  <node id="7976935935" version="1" timestamp="2020-10-05T11:26:24Z" uid="8793998" user="animalkingdom" changeset="91982295" lat="7.9975203" lon="124.2683697"/>
  <node id="7976935936" version="1" timestamp="2020-10-05T11:26:24Z" uid="8793998" user="animalkingdom" changeset="91982295" lat="7.9975233" lon="124.2683563"/>
  <node id="7976935938" version="2" timestamp="2022-05-24T07:25:04Z" uid="5653955" user="Timmy_Tesseract" changeset="121405934" lat="8.0000946" lon="124.2654896"/>
  <node id="7976935939" version="2" timestamp="2022-04-09T05:45:19Z" uid="1041828" user="GOwin" changeset="119491577" lat="8.0000512" lon="124.2659749"/>
  <node id="7976935941" version="1" timestamp="2020-10-05T11:26:24Z" uid="8793998" user="animalkingdom" changeset="91982295" lat="7.999771" lon="124.2646951"/>
  <node id="7976935942" version="1" timestamp="2020-10-05T11:26:24Z" uid="8793998" user="animalkingdom" changeset="91982295" lat="8.0003806" lon="124.2651679"/>
  <node id="7976935943" version="1" timestamp="2020-10-05T11:26:24Z" uid="8793998" user="animalkingdom" changeset="91982295" lat="8.0002948" lon="124.265078"/>
  <node id="7976935944" version="1" timestamp="2020-10-05T11:26:24Z" uid="8793998" user="animalkingdom" changeset="91982295" lat="8.0005393" lon="124.2645858"/>
  <node id="7976935948" version="3" timestamp="2022-05-24T07:25:04Z" uid="5653955" user="Timmy_Tesseract" changeset="121405934" lat="8.0004364" lon="124.2655457"/>
  <node id="7976935949" version="2" timestamp="2022-04-09T05:45:19Z" uid="1041828" user="GOwin" changeset="119491577" lat="8.0003528" lon="124.2658907"/>
  <node id="7976935950" version="2" timestamp="2022-04-09T05:45:19Z" uid="1041828" user="GOwin" changeset="119491577" lat="8.0003255" lon="124.2659249"/>
  <node id="7976935951" version="1" timestamp="2020-10-05T11:26:24Z" uid="8793998" user="animalkingdom" changeset="91982295" lat="8.0002823" lon="124.2659524"/>
  <node id="7976935952" version="1" timestamp="2020-10-05T11:26:24Z" uid="8793998" user="animalkingdom" changeset="91982295" lat="8.0002365" lon="124.2659759"/>
  <node id="7976935953" version="1" timestamp="2020-10-05T11:26:24Z" uid="8793998" user="animalkingdom" changeset="91982295" lat="8.0001914" lon="124.2659906"/>
  <node id="7976935954" version="1" timestamp="2020-10-05T11:26:24Z" uid="8793998" user="animalkingdom" changeset="91982295" lat="8.0001489" lon="124.265994"/>
  <node id="7976935956" version="2" timestamp="2022-04-09T05:45:19Z" uid="1041828" user="GOwin" changeset="119491577" lat="8.000372" lon="124.2658451"/>
  <node id="7976935957" version="3" timestamp="2022-05-24T07:25:04Z" uid="5653955" user="Timmy_Tesseract" changeset="121405934" lat="8.0003965" lon="124.265762"/>
  <node id="7976935958" version="3" timestamp="2022-05-24T07:25:04Z" uid="5653955" user="Timmy_Tesseract" changeset="121405934" lat="8.0004437" lon="124.2653161"/>
  <node id="7976935959" version="1" timestamp="2020-10-05T11:26:24Z" uid="8793998" user="animalkingdom" changeset="91982295" lat="8.0004158" lon="124.2652135"/>
  <node id="7976935960" version="1" timestamp="2020-10-05T11:26:24Z" uid="8793998" user="animalkingdom" changeset="91982295" lat="7.9998786" lon="124.264795"/>
  <node id="7976935961" version="1" timestamp="2020-10-05T11:26:24Z" uid="8793998" user="animalkingdom" changeset="91982295" lat="7.9996601" lon="124.2645603"/>
  <node id="7976935962" version="1" timestamp="2020-10-05T11:26:24Z" uid="8793998" user="animalkingdom" changeset="91982295" lat="7.9981916" lon="124.2669361"/>
  <node id="7976977585" version="1" timestamp="2020-10-05T11:38:43Z" uid="8793998" user="animalkingdom" changeset="91983231" lat="7.9926553" lon="124.2681284"/>
  <node id="7976977586" version="1" timestamp="2020-10-05T11:38:43Z" uid="8793998" user="animalkingdom" changeset="91983231" lat="7.9925287" lon="124.2680419"/>
  <node id="7976977587" version="1" timestamp="2020-10-05T11:38:43Z" uid="8793998" user="animalkingdom" changeset="91983231" lat="7.9924408" lon="124.2682906"/>
  <node id="7976977588" version="1" timestamp="2020-10-05T11:38:43Z" uid="8793998" user="animalkingdom" changeset="91983231" lat="7.9924853" lon="124.2681733"/>
  <node id="7976977589" version="1" timestamp="2020-10-05T11:38:43Z" uid="8793998" user="animalkingdom" changeset="91983231" lat="7.9925238" lon="124.2680687"/>
  <node id="7976977590" version="1" timestamp="2020-10-05T11:38:43Z" uid="8793998" user="animalkingdom" changeset="91983231" lat="7.9925497" lon="124.2679292"/>
  <node id="7976977591" version="1" timestamp="2020-10-05T11:38:43Z" uid="8793998" user="animalkingdom" changeset="91983231" lat="7.9925742" lon="124.267718"/>
  <node id="7976977592" version="1" timestamp="2020-10-05T11:38:43Z" uid="8793998" user="animalkingdom" changeset="91983231" lat="7.9925782" lon="124.2676207"/>
  <node id="7976977593" version="1" timestamp="2020-10-05T11:38:43Z" uid="8793998" user="animalkingdom" changeset="91983231" lat="7.9925762" lon="124.267551"/>
  <node id="7976977594" version="1" timestamp="2020-10-05T11:38:43Z" uid="8793998" user="animalkingdom" changeset="91983231" lat="7.9925676" lon="124.2674967"/>
  <node id="7976977595" version="1" timestamp="2020-10-05T11:38:43Z" uid="8793998" user="animalkingdom" changeset="91983231" lat="7.9925557" lon="124.2674477"/>
  <node id="7976977596" version="1" timestamp="2020-10-05T11:38:43Z" uid="8793998" user="animalkingdom" changeset="91983231" lat="7.9925084" lon="124.2673036"/>
  <node id="7976977597" version="1" timestamp="2020-10-05T11:38:43Z" uid="8793998" user="animalkingdom" changeset="91983231" lat="7.9977637" lon="124.2693642"/>
  <node id="7976977598" version="1" timestamp="2020-10-05T11:38:43Z" uid="8793998" user="animalkingdom" changeset="91983231" lat="7.9979748" lon="124.2686702"/>
  <node id="7976977599" version="2" timestamp="2020-10-05T13:25:03Z" uid="8793998" user="animalkingdom" changeset="91989821" lat="7.9979961" lon="124.2686034"/>
  <node id="7976977600" version="1" timestamp="2020-10-05T11:38:43Z" uid="8793998" user="animalkingdom" changeset="91983231" lat="7.9979954" lon="124.2685588"/>
  <node id="7976977601" version="1" timestamp="2020-10-05T11:38:43Z" uid="8793998" user="animalkingdom" changeset="91983231" lat="7.9979848" lon="124.2685448"/>
  <node id="7976977602" version="1" timestamp="2020-10-05T11:38:43Z" uid="8793998" user="animalkingdom" changeset="91983231" lat="7.9994198" lon="124.2668121"/>
  <node id="7976977603" version="1" timestamp="2020-10-05T11:38:43Z" uid="8793998" user="animalkingdom" changeset="91983231" lat="7.9995247" lon="124.2667074"/>
  <node id="7976977604" version="1" timestamp="2020-10-05T11:38:43Z" uid="8793998" user="animalkingdom" changeset="91983231" lat="7.9996256" lon="124.2665908"/>
  <node id="7976977605" version="1" timestamp="2020-10-05T11:38:43Z" uid="8793998" user="animalkingdom" changeset="91983231" lat="7.9996694" lon="124.2665197"/>
  <node id="7976977606" version="1" timestamp="2020-10-05T11:38:43Z" uid="8793998" user="animalkingdom" changeset="91983231" lat="7.9996933" lon="124.2664406"/>
  <node id="7976977607" version="1" timestamp="2020-10-05T11:38:43Z" uid="8793998" user="animalkingdom" changeset="91983231" lat="7.9997026" lon="124.2663681"/>
  <node id="7976977608" version="1" timestamp="2020-10-05T11:38:43Z" uid="8793998" user="animalkingdom" changeset="91983231" lat="7.999704" lon="124.2662796"/>
  <node id="7976977609" version="1" timestamp="2020-10-05T11:38:43Z" uid="8793998" user="animalkingdom" changeset="91983231" lat="7.9997186" lon="124.2660959"/>
  <node id="7976977610" version="1" timestamp="2020-10-05T11:38:43Z" uid="8793998" user="animalkingdom" changeset="91983231" lat="7.9963154" lon="124.2651203"/>
  <node id="7976977611" version="1" timestamp="2020-10-05T11:38:43Z" uid="8793998" user="animalkingdom" changeset="91983231" lat="7.9929104" lon="124.2657619"/>
  <node id="7976977612" version="1" timestamp="2020-10-05T11:38:43Z" uid="8793998" user="animalkingdom" changeset="91983231" lat="7.9928206" lon="124.2656694"/>
  <node id="7976977613" version="1" timestamp="2020-10-05T11:38:43Z" uid="8793998" user="animalkingdom" changeset="91983231" lat="7.9926845" lon="124.2654649"/>
  <node id="7976977614" version="1" timestamp="2020-10-05T11:38:43Z" uid="8793998" user="animalkingdom" changeset="91983231" lat="7.9925895" lon="124.2652698"/>
  <node id="7976977615" version="1" timestamp="2020-10-05T11:38:43Z" uid="8793998" user="animalkingdom" changeset="91983231" lat="7.9924786" lon="124.2649218"/>
  <node id="7976977616" version="1" timestamp="2020-10-05T11:38:43Z" uid="8793998" user="animalkingdom" changeset="91983231" lat="7.9925225" lon="124.2650539"/>
  <node id="7976977617" version="1" timestamp="2020-10-05T11:38:43Z" uid="8793998" user="animalkingdom" changeset="91983231" lat="7.9926141" lon="124.2650156"/>
  <node id="7976977618" version="1" timestamp="2020-10-05T11:38:43Z" uid="8793998" user="animalkingdom" changeset="91983231" lat="7.9926612" lon="124.2649969"/>
  <node id="7976977619" version="1" timestamp="2020-10-05T11:38:43Z" uid="8793998" user="animalkingdom" changeset="91983231" lat="7.9926911" lon="124.2649962"/>
  <node id="7976977620" version="1" timestamp="2020-10-05T11:38:43Z" uid="8793998" user="animalkingdom" changeset="91983231" lat="7.9927044" lon="124.2650016"/>
  <node id="7976977621" version="1" timestamp="2020-10-05T11:38:43Z" uid="8793998" user="animalkingdom" changeset="91983231" lat="7.9933073" lon="124.2664409"/>
  <node id="7976977622" version="1" timestamp="2020-10-05T11:38:43Z" uid="8793998" user="animalkingdom" changeset="91983231" lat="7.9931035" lon="124.2662283"/>
  <node id="7976977623" version="1" timestamp="2020-10-05T11:38:43Z" uid="8793998" user="animalkingdom" changeset="91983231" lat="7.993051" lon="124.2661626"/>
  <node id="7976977624" version="1" timestamp="2020-10-05T11:38:43Z" uid="8793998" user="animalkingdom" changeset="91983231" lat="7.9930344" lon="124.2661301"/>
  <node id="7976977625" version="1" timestamp="2020-10-05T11:38:43Z" uid="8793998" user="animalkingdom" changeset="91983231" lat="7.9929972" lon="124.2660389"/>
  <node id="7976977626" version="1" timestamp="2020-10-05T11:38:43Z" uid="8793998" user="animalkingdom" changeset="91983231" lat="7.9929401" lon="124.26588"/>
  <node id="7976977627" version="1" timestamp="2020-10-05T11:38:43Z" uid="8793998" user="animalkingdom" changeset="91983231" lat="7.9928485" lon="124.2655165"/>
  <node id="7976977628" version="1" timestamp="2020-10-05T11:38:43Z" uid="8793998" user="animalkingdom" changeset="91983231" lat="7.9965365" lon="124.2657881"/>
  <node id="7976977629" version="1" timestamp="2020-10-05T11:38:43Z" uid="8793998" user="animalkingdom" changeset="91983231" lat="7.9965485" lon="124.2657164"/>
  <node id="7976977630" version="1" timestamp="2020-10-05T11:38:43Z" uid="8793998" user="animalkingdom" changeset="91983231" lat="7.9964489" lon="124.265992"/>
  <node id="7976977631" version="1" timestamp="2020-10-05T11:38:43Z" uid="8793998" user="animalkingdom" changeset="91983231" lat="7.996518" lon="124.2658525"/>
  <node id="7976977632" version="1" timestamp="2020-10-05T11:38:43Z" uid="8793998" user="animalkingdom" changeset="91983231" lat="7.9965465" lon="124.2657372"/>
  <node id="7976977633" version="1" timestamp="2020-10-05T11:38:43Z" uid="8793998" user="animalkingdom" changeset="91983231" lat="7.9965443" lon="124.265687"/>
  <node id="7976977634" version="1" timestamp="2020-10-05T11:38:43Z" uid="8793998" user="animalkingdom" changeset="91983231" lat="7.9965392" lon="124.2656627"/>
  <node id="7976977635" version="1" timestamp="2020-10-05T11:38:43Z" uid="8793998" user="animalkingdom" changeset="91983231" lat="7.9965266" lon="124.2656393"/>
  <node id="7976977636" version="1" timestamp="2020-10-05T11:38:43Z" uid="8793998" user="animalkingdom" changeset="91983231" lat="7.9965133" lon="124.2656292"/>
  <node id="7976977637" version="1" timestamp="2020-10-05T11:38:43Z" uid="8793998" user="animalkingdom" changeset="91983231" lat="7.9964861" lon="124.2656158"/>
  <node id="7976977638" version="1" timestamp="2020-10-05T11:38:43Z" uid="8793998" user="animalkingdom" changeset="91983231" lat="7.9960066" lon="124.2657351"/>
  <node id="7976977639" version="1" timestamp="2020-10-05T11:38:43Z" uid="8793998" user="animalkingdom" changeset="91983231" lat="7.9961461" lon="124.2655058"/>
  <node id="7976977640" version="1" timestamp="2020-10-05T11:38:43Z" uid="8793998" user="animalkingdom" changeset="91983231" lat="7.996361" lon="124.2650033"/>
  <node id="7976977641" version="1" timestamp="2020-10-05T11:38:43Z" uid="8793998" user="animalkingdom" changeset="91983231" lat="7.9964034" lon="124.2649369"/>
  <node id="7976977642" version="1" timestamp="2020-10-05T11:38:43Z" uid="8793998" user="animalkingdom" changeset="91983231" lat="7.996415" lon="124.2649573"/>
  <node id="7976977643" version="1" timestamp="2020-10-05T11:38:43Z" uid="8793998" user="animalkingdom" changeset="91983231" lat="7.9963861" lon="124.2649151"/>
  <node id="7976977644" version="1" timestamp="2020-10-05T11:38:43Z" uid="8793998" user="animalkingdom" changeset="91983231" lat="7.9962862" lon="124.2648259"/>
  <node id="7976977645" version="1" timestamp="2020-10-05T11:38:43Z" uid="8793998" user="animalkingdom" changeset="91983231" lat="7.9959429" lon="124.264565"/>
  <node id="7976977646" version="1" timestamp="2020-10-05T11:38:43Z" uid="8793998" user="animalkingdom" changeset="91983231" lat="7.9955737" lon="124.2642076"/>
  <node id="7976977647" version="1" timestamp="2020-10-05T11:38:43Z" uid="8793998" user="animalkingdom" changeset="91983231" lat="7.9951793" lon="124.2649374"/>
  <node id="7976977648" version="1" timestamp="2020-10-05T11:38:43Z" uid="8793998" user="animalkingdom" changeset="91983231" lat="7.9950385" lon="124.2645228"/>
  <node id="7976977649" version="1" timestamp="2020-10-05T11:38:43Z" uid="8793998" user="animalkingdom" changeset="91983231" lat="7.9948911" lon="124.2640427"/>
  <node id="7976977650" version="1" timestamp="2020-10-05T11:38:43Z" uid="8793998" user="animalkingdom" changeset="91983231" lat="7.9940497" lon="124.2652832"/>
  <node id="7976977651" version="1" timestamp="2020-10-05T11:38:43Z" uid="8793998" user="animalkingdom" changeset="91983231" lat="7.9939621" lon="124.2650716"/>
  <node id="7976977652" version="1" timestamp="2020-10-05T11:38:43Z" uid="8793998" user="animalkingdom" changeset="91983231" lat="7.9939448" lon="124.265014"/>
  <node id="7976977653" version="1" timestamp="2020-10-05T11:38:43Z" uid="8793998" user="animalkingdom" changeset="91983231" lat="7.9939325" lon="124.2649922"/>
  <node id="7976977654" version="1" timestamp="2020-10-05T11:38:43Z" uid="8793998" user="animalkingdom" changeset="91983231" lat="7.9939129" lon="124.2649687"/>
  <node id="7976977655" version="1" timestamp="2020-10-05T11:38:43Z" uid="8793998" user="animalkingdom" changeset="91983231" lat="7.9938851" lon="124.2649412"/>
  <node id="7976977656" version="1" timestamp="2020-10-05T11:38:43Z" uid="8793998" user="animalkingdom" changeset="91983231" lat="7.9938598" lon="124.2649171"/>
  <node id="7976977657" version="1" timestamp="2020-10-05T11:38:43Z" uid="8793998" user="animalkingdom" changeset="91983231" lat="7.9938366" lon="124.2648926"/>
  <node id="7976977658" version="1" timestamp="2020-10-05T11:38:43Z" uid="8793998" user="animalkingdom" changeset="91983231" lat="7.9938233" lon="124.2648742"/>
  <node id="7976977659" version="1" timestamp="2020-10-05T11:38:43Z" uid="8793998" user="animalkingdom" changeset="91983231" lat="7.9938163" lon="124.264854"/>
  <node id="7976977660" version="1" timestamp="2020-10-05T11:38:43Z" uid="8793998" user="animalkingdom" changeset="91983231" lat="7.9938137" lon="124.2648356"/>
  <node id="7976977661" version="1" timestamp="2020-10-05T11:38:43Z" uid="8793998" user="animalkingdom" changeset="91983231" lat="7.993814" lon="124.2648021"/>
  <node id="7976977662" version="1" timestamp="2020-10-05T11:38:43Z" uid="8793998" user="animalkingdom" changeset="91983231" lat="7.9938133" lon="124.2647669"/>
  <node id="7976977663" version="1" timestamp="2020-10-05T11:38:43Z" uid="8793998" user="animalkingdom" changeset="91983231" lat="7.9938094" lon="124.2647159"/>
  <node id="7976977664" version="1" timestamp="2020-10-05T11:38:43Z" uid="8793998" user="animalkingdom" changeset="91983231" lat="7.9938027" lon="124.2646636"/>
  <node id="7976977665" version="1" timestamp="2020-10-05T11:38:43Z" uid="8793998" user="animalkingdom" changeset="91983231" lat="7.9937941" lon="124.264614"/>
  <node id="7976977666" version="1" timestamp="2020-10-05T11:38:43Z" uid="8793998" user="animalkingdom" changeset="91983231" lat="7.9937343" lon="124.2643283"/>
  <node id="7976977667" version="2" timestamp="2020-10-07T09:08:46Z" uid="10210169" user="MonteGeneroso" changeset="92098066" lat="7.9934859" lon="124.2640292"/>
  <node id="7976977668" version="1" timestamp="2020-10-05T11:38:43Z" uid="8793998" user="animalkingdom" changeset="91983231" lat="7.9933434" lon="124.2640972"/>
  <node id="7976977669" version="1" timestamp="2020-10-05T11:38:43Z" uid="8793998" user="animalkingdom" changeset="91983231" lat="7.9932722" lon="124.264154"/>
  <node id="7976977670" version="1" timestamp="2020-10-05T11:38:43Z" uid="8793998" user="animalkingdom" changeset="91983231" lat="7.9932184" lon="124.2641969"/>
  <node id="7976977671" version="1" timestamp="2020-10-05T11:38:43Z" uid="8793998" user="animalkingdom" changeset="91983231" lat="7.9931599" lon="124.2642546"/>
  <node id="7976977672" version="1" timestamp="2020-10-05T11:38:43Z" uid="8793998" user="animalkingdom" changeset="91983231" lat="7.993125" lon="124.2643151"/>
  <node id="7976977673" version="2" timestamp="2020-10-07T09:08:46Z" uid="10210169" user="MonteGeneroso" changeset="92098066" lat="7.9931022" lon="124.2637691"/>
  <node id="7976977674" version="1" timestamp="2020-10-05T11:38:43Z" uid="8793998" user="animalkingdom" changeset="91983231" lat="7.9930955" lon="124.2640655"/>
  <node id="7976977675" version="1" timestamp="2020-10-05T11:38:43Z" uid="8793998" user="animalkingdom" changeset="91983231" lat="7.9930922" lon="124.2641875"/>
  <node id="7976977676" version="1" timestamp="2020-10-05T11:38:43Z" uid="8793998" user="animalkingdom" changeset="91983231" lat="7.9930968" lon="124.2642479"/>
  <node id="7976977677" version="1" timestamp="2020-10-05T11:38:43Z" uid="8793998" user="animalkingdom" changeset="91983231" lat="7.9931075" lon="124.2642854"/>
  <node id="7976977678" version="1" timestamp="2020-10-05T11:38:43Z" uid="8793998" user="animalkingdom" changeset="91983231" lat="7.9931447" lon="124.2643484"/>
  <node id="7977011308" version="1" timestamp="2020-10-05T11:52:09Z" uid="8793998" user="animalkingdom" changeset="91984138" lat="7.9950488" lon="124.2733474"/>
  <node id="7977011322" version="1" timestamp="2020-10-05T11:52:09Z" uid="8793998" user="animalkingdom" changeset="91984138" lat="7.9951391" lon="124.272364"/>
  <node id="7977011323" version="1" timestamp="2020-10-05T11:52:09Z" uid="8793998" user="animalkingdom" changeset="91984138" lat="7.995073" lon="124.2743377"/>
  <node id="7977011324" version="1" timestamp="2020-10-05T11:52:09Z" uid="8793998" user="animalkingdom" changeset="91984138" lat="7.9950451" lon="124.2741546"/>
  <node id="7977011325" version="1" timestamp="2020-10-05T11:52:09Z" uid="8793998" user="animalkingdom" changeset="91984138" lat="7.9950272" lon="124.2739508"/>
  <node id="7977011326" version="1" timestamp="2020-10-05T11:52:09Z" uid="8793998" user="animalkingdom" changeset="91984138" lat="7.9950206" lon="124.2737536"/>
  <node id="7977011327" version="1" timestamp="2020-10-05T11:52:09Z" uid="8793998" user="animalkingdom" changeset="91984138" lat="7.9950232" lon="124.2736014"/>
  <node id="7977011328" version="1" timestamp="2020-10-05T11:52:09Z" uid="8793998" user="animalkingdom" changeset="91984138" lat="7.9950438" lon="124.2734103"/>
  <node id="7977011329" version="1" timestamp="2020-10-05T11:52:09Z" uid="8793998" user="animalkingdom" changeset="91984138" lat="7.9951149" lon="124.2745985"/>
  <node id="7977011330" version="1" timestamp="2020-10-05T11:52:09Z" uid="8793998" user="animalkingdom" changeset="91984138" lat="7.9952018" lon="124.2750961"/>
  <node id="7977011331" version="1" timestamp="2020-10-05T11:52:09Z" uid="8793998" user="animalkingdom" changeset="91984138" lat="7.9952882" lon="124.2756097"/>
  <node id="7977011332" version="1" timestamp="2020-10-05T11:52:09Z" uid="8793998" user="animalkingdom" changeset="91984138" lat="7.9954064" lon="124.2762052"/>
  <node id="7977011333" version="1" timestamp="2020-10-05T11:52:09Z" uid="8793998" user="animalkingdom" changeset="91984138" lat="7.9955352" lon="124.2768542"/>
  <node id="7977011334" version="1" timestamp="2020-10-05T11:52:09Z" uid="8793998" user="animalkingdom" changeset="91984138" lat="7.9956653" lon="124.2776602"/>
  <node id="7977011335" version="1" timestamp="2020-10-05T11:52:09Z" uid="8793998" user="animalkingdom" changeset="91984138" lat="7.9958732" lon="124.2788686"/>
  <node id="7977011336" version="1" timestamp="2020-10-05T11:52:09Z" uid="8793998" user="animalkingdom" changeset="91984138" lat="7.9958274" lon="124.2785615"/>
  <node id="7977011337" version="2" timestamp="2020-10-05T12:39:34Z" uid="8793998" user="animalkingdom" changeset="91987219" lat="7.9959057" lon="124.2792065"/>
  <node id="7977011338" version="1" timestamp="2020-10-05T11:52:09Z" uid="8793998" user="animalkingdom" changeset="91984138" lat="7.9958984" lon="124.2790557"/>
  <node id="7977011339" version="1" timestamp="2020-10-05T11:52:09Z" uid="8793998" user="animalkingdom" changeset="91984138" lat="7.9959024" lon="124.2793038"/>
  <node id="7977011340" version="1" timestamp="2020-10-05T11:52:09Z" uid="8793998" user="animalkingdom" changeset="91984138" lat="7.9954706" lon="124.2703779"/>
  <node id="7977011341" version="1" timestamp="2020-10-05T11:52:09Z" uid="8793998" user="animalkingdom" changeset="91984138" lat="7.9956368" lon="124.2702775"/>
  <node id="7977011342" version="1" timestamp="2020-10-05T11:52:09Z" uid="8793998" user="animalkingdom" changeset="91984138" lat="7.9955896" lon="124.2703036"/>
  <node id="7977011343" version="1" timestamp="2020-10-05T11:52:09Z" uid="8793998" user="animalkingdom" changeset="91984138" lat="7.9955352" lon="124.2703378"/>
  <node id="7977011344" version="1" timestamp="2020-10-05T11:52:09Z" uid="8793998" user="animalkingdom" changeset="91984138" lat="7.9954907" lon="124.2703687"/>
  <node id="7977011345" version="1" timestamp="2020-10-05T11:52:09Z" uid="8793998" user="animalkingdom" changeset="91984138" lat="7.9954429" lon="124.2703854"/>
  <node id="7977011346" version="1" timestamp="2020-10-05T11:52:09Z" uid="8793998" user="animalkingdom" changeset="91984138" lat="7.9953771" lon="124.2703941"/>
  <node id="7977011347" version="1" timestamp="2020-10-05T11:52:09Z" uid="8793998" user="animalkingdom" changeset="91984138" lat="7.9948251" lon="124.2704842"/>
  <node id="7977011348" version="1" timestamp="2020-10-05T11:52:09Z" uid="8793998" user="animalkingdom" changeset="91984138" lat="7.9952921" lon="124.2701018"/>
  <node id="7977011349" version="1" timestamp="2020-10-05T11:52:09Z" uid="8793998" user="animalkingdom" changeset="91984138" lat="7.9947625" lon="124.2701899"/>
  <node id="7977011350" version="1" timestamp="2020-10-05T11:52:09Z" uid="8793998" user="animalkingdom" changeset="91984138" lat="7.9950365" lon="124.2715151"/>
  <node id="7977011351" version="1" timestamp="2020-10-05T11:52:09Z" uid="8793998" user="animalkingdom" changeset="91984138" lat="7.9949668" lon="124.2714778"/>
  <node id="7977011352" version="1" timestamp="2020-10-05T11:52:09Z" uid="8793998" user="animalkingdom" changeset="91984138" lat="7.9948864" lon="124.2714342"/>
  <node id="7977011353" version="1" timestamp="2020-10-05T11:52:09Z" uid="8793998" user="animalkingdom" changeset="91984138" lat="7.99482" lon="124.2713973"/>
  <node id="7977011354" version="1" timestamp="2020-10-05T11:52:09Z" uid="8793998" user="animalkingdom" changeset="91984138" lat="7.9947636" lon="124.2713745"/>
  <node id="7977011355" version="1" timestamp="2020-10-05T11:52:09Z" uid="8793998" user="animalkingdom" changeset="91984138" lat="7.9947138" lon="124.2713658"/>
  <node id="7977011356" version="1" timestamp="2020-10-05T11:52:09Z" uid="8793998" user="animalkingdom" changeset="91984138" lat="7.994652" lon="124.2713705"/>
  <node id="7977011357" version="1" timestamp="2020-10-05T11:52:09Z" uid="8793998" user="animalkingdom" changeset="91984138" lat="7.9946029" lon="124.2713624"/>
  <node id="7977011358" version="1" timestamp="2020-10-05T11:52:09Z" uid="8793998" user="animalkingdom" changeset="91984138" lat="7.994561" lon="124.271347"/>
  <node id="7977011359" version="1" timestamp="2020-10-05T11:52:09Z" uid="8793998" user="animalkingdom" changeset="91984138" lat="7.9945278" lon="124.2713054"/>
  <node id="7977011360" version="1" timestamp="2020-10-05T11:52:09Z" uid="8793998" user="animalkingdom" changeset="91984138" lat="7.9945185" lon="124.2712659"/>
  <node id="7977011361" version="1" timestamp="2020-10-05T11:52:09Z" uid="8793998" user="animalkingdom" changeset="91984138" lat="7.9945166" lon="124.2712176"/>
  <node id="7977011362" version="1" timestamp="2020-10-05T11:52:09Z" uid="8793998" user="animalkingdom" changeset="91984138" lat="7.9945185" lon="124.2711666"/>
  <node id="7977011363" version="1" timestamp="2020-10-05T11:52:09Z" uid="8793998" user="animalkingdom" changeset="91984138" lat="7.9945225" lon="124.2711056"/>
  <node id="7977011364" version="1" timestamp="2020-10-05T11:52:09Z" uid="8793998" user="animalkingdom" changeset="91984138" lat="7.9945219" lon="124.2710647"/>
  <node id="7977011365" version="1" timestamp="2020-10-05T11:52:09Z" uid="8793998" user="animalkingdom" changeset="91984138" lat="7.9945106" lon="124.2709956"/>
  <node id="7977011366" version="1" timestamp="2020-10-05T11:52:09Z" uid="8793998" user="animalkingdom" changeset="91984138" lat="7.9944707" lon="124.2708267"/>
  <node id="7977011367" version="1" timestamp="2020-10-05T11:52:09Z" uid="8793998" user="animalkingdom" changeset="91984138" lat="7.9944083" lon="124.2705906"/>
  <node id="7977011368" version="1" timestamp="2020-10-05T11:52:09Z" uid="8793998" user="animalkingdom" changeset="91984138" lat="7.9943811" lon="124.2704558"/>
  <node id="7977011369" version="1" timestamp="2020-10-05T11:52:09Z" uid="8793998" user="animalkingdom" changeset="91984138" lat="7.9943685" lon="124.2703781"/>
  <node id="7977011370" version="1" timestamp="2020-10-05T11:52:09Z" uid="8793998" user="animalkingdom" changeset="91984138" lat="7.9943731" lon="124.2703237"/>
  <node id="7977011371" version="1" timestamp="2020-10-05T11:52:09Z" uid="8793998" user="animalkingdom" changeset="91984138" lat="7.994407" lon="124.2702614"/>
  <node id="7977011372" version="1" timestamp="2020-10-05T11:52:09Z" uid="8793998" user="animalkingdom" changeset="91984138" lat="7.9944853" lon="124.2702158"/>
  <node id="7977011373" version="1" timestamp="2020-10-05T11:52:09Z" uid="8793998" user="animalkingdom" changeset="91984138" lat="7.9945624" lon="124.270191"/>
  <node id="7977011374" version="1" timestamp="2020-10-05T11:52:09Z" uid="8793998" user="animalkingdom" changeset="91984138" lat="7.9946261" lon="124.2701762"/>
  <node id="7977011375" version="1" timestamp="2020-10-05T11:52:09Z" uid="8793998" user="animalkingdom" changeset="91984138" lat="7.9946846" lon="124.2701635"/>
  <node id="7977011376" version="1" timestamp="2020-10-05T11:52:09Z" uid="8793998" user="animalkingdom" changeset="91984138" lat="7.994753" lon="124.2701474"/>
  <node id="7977011377" version="1" timestamp="2020-10-05T11:52:09Z" uid="8793998" user="animalkingdom" changeset="91984138" lat="7.993899" lon="124.2679641"/>
  <node id="7977011378" version="1" timestamp="2020-10-05T11:52:09Z" uid="8793998" user="animalkingdom" changeset="91984138" lat="7.9938957" lon="124.2678756"/>
  <node id="7977011379" version="1" timestamp="2020-10-05T11:52:09Z" uid="8793998" user="animalkingdom" changeset="91984138" lat="7.9938944" lon="124.2676053"/>
  <node id="7977011380" version="1" timestamp="2020-10-05T11:52:09Z" uid="8793998" user="animalkingdom" changeset="91984138" lat="7.9938904" lon="124.2675225"/>
  <node id="7977011381" version="1" timestamp="2020-10-05T11:52:09Z" uid="8793998" user="animalkingdom" changeset="91984138" lat="7.9938927" lon="124.267492"/>
  <node id="7977011382" version="1" timestamp="2020-10-05T11:52:09Z" uid="8793998" user="animalkingdom" changeset="91984138" lat="7.9938983" lon="124.2674725"/>
  <node id="7977011383" version="1" timestamp="2020-10-05T11:52:09Z" uid="8793998" user="animalkingdom" changeset="91984138" lat="7.9939103" lon="124.2674612"/>
  <node id="7977011384" version="1" timestamp="2020-10-05T11:52:09Z" uid="8793998" user="animalkingdom" changeset="91984138" lat="7.9939259" lon="124.2674541"/>
  <node id="7977011385" version="1" timestamp="2020-10-05T11:52:09Z" uid="8793998" user="animalkingdom" changeset="91984138" lat="7.9939465" lon="124.2674511"/>
  <node id="7977011386" version="1" timestamp="2020-10-05T11:52:09Z" uid="8793998" user="animalkingdom" changeset="91984138" lat="7.9939707" lon="124.2674511"/>
  <node id="7977011387" version="1" timestamp="2020-10-05T11:52:09Z" uid="8793998" user="animalkingdom" changeset="91984138" lat="7.9940484" lon="124.2674457"/>
  <node id="7977011388" version="1" timestamp="2020-10-05T11:52:09Z" uid="8793998" user="animalkingdom" changeset="91984138" lat="7.9951042" lon="124.2728329"/>
  <node id="7977011389" version="1" timestamp="2020-10-05T11:52:09Z" uid="8793998" user="animalkingdom" changeset="91984138" lat="7.9951447" lon="124.2721778"/>
  <node id="7977011390" version="1" timestamp="2020-10-05T11:52:09Z" uid="8793998" user="animalkingdom" changeset="91984138" lat="7.9951401" lon="124.2721101"/>
  <node id="7977011391" version="1" timestamp="2020-10-05T11:52:09Z" uid="8793998" user="animalkingdom" changeset="91984138" lat="7.9950923" lon="124.2718197"/>
  <node id="7977011392" version="1" timestamp="2020-10-05T11:52:09Z" uid="8793998" user="animalkingdom" changeset="91984138" lat="7.9949973" lon="124.2713007"/>
  <node id="7977011393" version="1" timestamp="2020-10-05T11:52:09Z" uid="8793998" user="animalkingdom" changeset="91984138" lat="7.9948008" lon="124.270362"/>
  <node id="7977011394" version="1" timestamp="2020-10-05T11:52:09Z" uid="8793998" user="animalkingdom" changeset="91984138" lat="7.9947257" lon="124.2699992"/>
  <node id="7977011395" version="1" timestamp="2020-10-05T11:52:09Z" uid="8793998" user="animalkingdom" changeset="91984138" lat="7.9946846" lon="124.2698041"/>
  <node id="7977011396" version="1" timestamp="2020-10-05T11:52:09Z" uid="8793998" user="animalkingdom" changeset="91984138" lat="7.9946494" lon="124.2695399"/>
  <node id="7977011397" version="1" timestamp="2020-10-05T11:52:09Z" uid="8793998" user="animalkingdom" changeset="91984138" lat="7.9946354" lon="124.269393"/>
  <node id="7977011398" version="1" timestamp="2020-10-05T11:52:09Z" uid="8793998" user="animalkingdom" changeset="91984138" lat="7.9946182" lon="124.2690155"/>
  <node id="7977011399" version="1" timestamp="2020-10-05T11:52:09Z" uid="8793998" user="animalkingdom" changeset="91984138" lat="7.994575" lon="124.2686923"/>
  <node id="7977011400" version="1" timestamp="2020-10-05T11:52:09Z" uid="8793998" user="animalkingdom" changeset="91984138" lat="7.9945159" lon="124.2683476"/>
  <node id="7977011401" version="1" timestamp="2020-10-05T11:52:09Z" uid="8793998" user="animalkingdom" changeset="91984138" lat="7.9944329" lon="124.267787"/>
  <node id="7977011402" version="1" timestamp="2020-10-05T11:52:09Z" uid="8793998" user="animalkingdom" changeset="91984138" lat="7.9944515" lon="124.2679057"/>
  <node id="7977011403" version="1" timestamp="2020-10-05T11:52:09Z" uid="8793998" user="animalkingdom" changeset="91984138" lat="7.9943851" lon="124.267602"/>
  <node id="7977011404" version="1" timestamp="2020-10-05T11:52:09Z" uid="8793998" user="animalkingdom" changeset="91984138" lat="7.99432" lon="124.2674182"/>
  <node id="7977011405" version="1" timestamp="2020-10-05T11:52:09Z" uid="8793998" user="animalkingdom" changeset="91984138" lat="7.994162" lon="124.2669556"/>
  <node id="7977011406" version="1" timestamp="2020-10-05T11:52:09Z" uid="8793998" user="animalkingdom" changeset="91984138" lat="7.9939063" lon="124.2662468"/>
  <node id="7977101716" version="1" timestamp="2020-10-05T12:25:12Z" uid="8793998" user="animalkingdom" changeset="91986318" lat="8.0000931" lon="124.2721081"/>
  <node id="7977101717" version="1" timestamp="2020-10-05T12:25:12Z" uid="8793998" user="animalkingdom" changeset="91986318" lat="8.0001449" lon="124.2722663"/>
  <node id="7977101718" version="1" timestamp="2020-10-05T12:25:12Z" uid="8793998" user="animalkingdom" changeset="91986318" lat="8.0001675" lon="124.2722911"/>
  <node id="7977101719" version="1" timestamp="2020-10-05T12:25:12Z" uid="8793998" user="animalkingdom" changeset="91986318" lat="8.0001914" lon="124.2722992"/>
  <node id="7977101720" version="1" timestamp="2020-10-05T12:25:12Z" uid="8793998" user="animalkingdom" changeset="91986318" lat="8.0002339" lon="124.2723019"/>
  <node id="7977101721" version="1" timestamp="2020-10-05T12:25:12Z" uid="8793998" user="animalkingdom" changeset="91986318" lat="8.0002677" lon="124.2722992"/>
  <node id="7977101722" version="1" timestamp="2020-10-05T12:25:12Z" uid="8793998" user="animalkingdom" changeset="91986318" lat="8.0007863" lon="124.2721463"/>
  <node id="7977134215" version="1" timestamp="2020-10-05T12:39:34Z" uid="8793998" user="animalkingdom" changeset="91987219" lat="7.9959041" lon="124.2791311"/>
  <node id="7977219972" version="1" timestamp="2020-10-05T13:25:03Z" uid="8793998" user="animalkingdom" changeset="91989821" lat="7.9979997" lon="124.2685796"/>
  <node id="7977242529" version="1" timestamp="2020-10-05T13:39:49Z" uid="8793998" user="animalkingdom" changeset="91990479" lat="8.0001973" lon="124.2695861"/>
  <node id="7977242530" version="1" timestamp="2020-10-05T13:39:49Z" uid="8793998" user="animalkingdom" changeset="91990479" lat="8.0000327" lon="124.2696485"/>
  <node id="7977242531" version="1" timestamp="2020-10-05T13:39:49Z" uid="8793998" user="animalkingdom" changeset="91990479" lat="8.0004234" lon="124.2694697"/>
  <node id="7977242532" version="1" timestamp="2020-10-05T13:39:49Z" uid="8793998" user="animalkingdom" changeset="91990479" lat="8.0001203" lon="124.269617"/>
  <node id="7977242533" version="1" timestamp="2020-10-05T13:39:49Z" uid="8793998" user="animalkingdom" changeset="91990479" lat="7.9999536" lon="124.2696673"/>
  <node id="7977242534" version="1" timestamp="2020-10-05T13:39:49Z" uid="8793998" user="animalkingdom" changeset="91990479" lat="7.9998142" lon="124.2696874"/>
  <node id="7977242535" version="1" timestamp="2020-10-05T13:39:49Z" uid="8793998" user="animalkingdom" changeset="91990479" lat="7.9996708" lon="124.2697236"/>
  <node id="7977242536" version="1" timestamp="2020-10-05T13:39:49Z" uid="8793998" user="animalkingdom" changeset="91990479" lat="7.99902" lon="124.269914"/>
  <node id="7977242569" version="1" timestamp="2020-10-05T13:39:49Z" uid="8793998" user="animalkingdom" changeset="91990479" lat="7.9917222" lon="124.2676004"/>
  <node id="7977242570" version="1" timestamp="2020-10-05T13:39:49Z" uid="8793998" user="animalkingdom" changeset="91990479" lat="7.9916233" lon="124.2673793"/>
  <node id="7977242571" version="1" timestamp="2020-10-05T13:39:49Z" uid="8793998" user="animalkingdom" changeset="91990479" lat="7.9915616" lon="124.2672412"/>
  <node id="7977242572" version="1" timestamp="2020-10-05T13:39:49Z" uid="8793998" user="animalkingdom" changeset="91990479" lat="7.9913677" lon="124.2668268"/>
  <node id="7977370923" version="1" timestamp="2020-10-05T13:45:53Z" uid="8793998" user="animalkingdom" changeset="91990765" lat="7.9953765" lon="124.265479"/>
  <node id="7977370924" version="1" timestamp="2020-10-05T13:45:53Z" uid="8793998" user="animalkingdom" changeset="91990765" lat="7.9953456" lon="124.2654522"/>
  <node id="7977370925" version="1" timestamp="2020-10-05T13:45:53Z" uid="8793998" user="animalkingdom" changeset="91990765" lat="7.9955684" lon="124.2654964"/>
  <node id="7977370926" version="1" timestamp="2020-10-05T13:45:53Z" uid="8793998" user="animalkingdom" changeset="91990765" lat="7.9953971" lon="124.265483"/>
  <node id="7977370927" version="1" timestamp="2020-10-05T13:45:53Z" uid="8793998" user="animalkingdom" changeset="91990765" lat="7.9953572" lon="124.2654683"/>
  <node id="7977370928" version="1" timestamp="2020-10-05T13:45:53Z" uid="8793998" user="animalkingdom" changeset="91990765" lat="7.9953373" lon="124.2654294"/>
  <node id="7977370929" version="1" timestamp="2020-10-05T13:45:53Z" uid="8793998" user="animalkingdom" changeset="91990765" lat="7.9953293" lon="124.2652939"/>
  <node id="7977370930" version="1" timestamp="2020-10-05T13:45:53Z" uid="8793998" user="animalkingdom" changeset="91990765" lat="7.9953346" lon="124.2652094"/>
  <node id="7977370931" version="1" timestamp="2020-10-05T13:45:53Z" uid="8793998" user="animalkingdom" changeset="91990765" lat="7.9953599" lon="124.2651021"/>
  <node id="7980666428" version="1" timestamp="2020-10-06T09:29:08Z" uid="10334783" user="GilpinFalls" changeset="92036486" lat="8.0012963" lon="124.2699784"/>
  <node id="7980666429" version="1" timestamp="2020-10-06T09:29:08Z" uid="10334783" user="GilpinFalls" changeset="92036486" lat="8.0014304" lon="124.2699033"/>
  <node id="7980666430" version="1" timestamp="2020-10-06T09:29:08Z" uid="10334783" user="GilpinFalls" changeset="92036486" lat="8.0029371" lon="124.2688586"/>
  <node id="7980666431" version="1" timestamp="2020-10-06T09:29:08Z" uid="10334783" user="GilpinFalls" changeset="92036486" lat="8.002951" lon="124.2688163"/>
  <node id="7980666432" version="1" timestamp="2020-10-06T09:29:08Z" uid="10334783" user="GilpinFalls" changeset="92036486" lat="8.0032459" lon="124.2686024"/>
  <node id="7980666433" version="1" timestamp="2020-10-06T09:29:08Z" uid="10334783" user="GilpinFalls" changeset="92036486" lat="8.0029429" lon="124.2687812"/>
  <node id="7980666434" version="2" timestamp="2020-10-06T10:29:56Z" uid="10334783" user="GilpinFalls" changeset="92041039" lat="8.0023435" lon="124.2677549"/>
  <node id="7980666435" version="1" timestamp="2020-10-06T09:29:08Z" uid="10334783" user="GilpinFalls" changeset="92036486" lat="8.003044" lon="124.2681156"/>
  <node id="7980666436" version="1" timestamp="2020-10-06T09:29:08Z" uid="10334783" user="GilpinFalls" changeset="92036486" lat="8.0040739" lon="124.2671728"/>
  <node id="7980666437" version="1" timestamp="2020-10-06T09:29:08Z" uid="10334783" user="GilpinFalls" changeset="92036486" lat="8.0040507" lon="124.2671715"/>
  <node id="7980666438" version="1" timestamp="2020-10-06T09:29:08Z" uid="10334783" user="GilpinFalls" changeset="92036486" lat="8.0040274" lon="124.2671641"/>
  <node id="7980666439" version="1" timestamp="2020-10-06T09:29:08Z" uid="10334783" user="GilpinFalls" changeset="92036486" lat="8.0040148" lon="124.2671527"/>
  <node id="7980666440" version="1" timestamp="2020-10-06T09:29:08Z" uid="10334783" user="GilpinFalls" changeset="92036486" lat="8.003892" lon="124.2669978"/>
  <node id="7980666441" version="1" timestamp="2020-10-06T09:29:08Z" uid="10334783" user="GilpinFalls" changeset="92036486" lat="8.0038614" lon="124.2669857"/>
  <node id="7980666442" version="1" timestamp="2020-10-06T09:29:08Z" uid="10334783" user="GilpinFalls" changeset="92036486" lat="8.0036151" lon="124.2670467"/>
  <node id="7980666443" version="1" timestamp="2020-10-06T09:29:08Z" uid="10334783" user="GilpinFalls" changeset="92036486" lat="8.0033891" lon="124.2671529"/>
  <node id="7980666444" version="1" timestamp="2020-10-06T09:29:08Z" uid="10334783" user="GilpinFalls" changeset="92036486" lat="8.0038322" lon="124.2669837"/>
  <node id="7980666449" version="2" timestamp="2022-05-24T07:40:28Z" uid="5653955" user="Timmy_Tesseract" changeset="121406855" lat="8.002558" lon="124.26633"/>
  <node id="7980666451" version="2" timestamp="2022-05-24T07:40:28Z" uid="5653955" user="Timmy_Tesseract" changeset="121406855" lat="8.0022384" lon="124.2666317"/>
  <node id="7980666452" version="2" timestamp="2022-05-24T07:40:28Z" uid="5653955" user="Timmy_Tesseract" changeset="121406855" lat="8.0044823" lon="124.2653717"/>
  <node id="7980666453" version="2" timestamp="2022-05-24T07:40:28Z" uid="5653955" user="Timmy_Tesseract" changeset="121406855" lat="8.0044205" lon="124.2653462"/>
  <node id="7980666454" version="2" timestamp="2022-05-24T07:40:28Z" uid="5653955" user="Timmy_Tesseract" changeset="121406855" lat="8.0040779" lon="124.2651719"/>
  <node id="7980666455" version="2" timestamp="2022-05-24T07:40:28Z" uid="5653955" user="Timmy_Tesseract" changeset="121406855" lat="8.0038329" lon="124.2651243"/>
  <node id="7980666456" version="2" timestamp="2022-05-24T07:40:28Z" uid="5653955" user="Timmy_Tesseract" changeset="121406855" lat="8.0037625" lon="124.265129"/>
  <node id="7980666457" version="2" timestamp="2022-05-24T07:40:28Z" uid="5653955" user="Timmy_Tesseract" changeset="121406855" lat="8.00371" lon="124.2651424"/>
  <node id="7980666463" version="3" timestamp="2022-05-24T07:40:28Z" uid="5653955" user="Timmy_Tesseract" changeset="121406855" lat="8.0059371" lon="124.2651478"/>
  <node id="7980666466" version="3" timestamp="2022-05-24T07:40:28Z" uid="5653955" user="Timmy_Tesseract" changeset="121406855" lat="8.0052532" lon="124.2652208"/>
  <node id="7980666467" version="2" timestamp="2022-05-24T07:40:28Z" uid="5653955" user="Timmy_Tesseract" changeset="121406855" lat="8.0046795" lon="124.2653583"/>
  <node id="7980666468" version="2" timestamp="2022-05-24T07:40:28Z" uid="5653955" user="Timmy_Tesseract" changeset="121406855" lat="8.0042552" lon="124.2652497"/>
  <node id="7980666469" version="2" timestamp="2022-05-24T07:40:28Z" uid="5653955" user="Timmy_Tesseract" changeset="121406855" lat="8.0039132" lon="124.2651296"/>
  <node id="7980666470" version="2" timestamp="2022-05-24T07:40:28Z" uid="5653955" user="Timmy_Tesseract" changeset="121406855" lat="8.0036496" lon="124.2651631"/>
  <node id="7980666471" version="2" timestamp="2022-05-24T07:40:28Z" uid="5653955" user="Timmy_Tesseract" changeset="121406855" lat="8.0035853" lon="124.2651891"/>
  <node id="7980666472" version="1" timestamp="2020-10-06T09:29:08Z" uid="10334783" user="GilpinFalls" changeset="92036486" lat="8.0044531" lon="124.267091"/>
  <node id="7980666473" version="2" timestamp="2020-10-06T11:36:59Z" uid="10334783" user="GilpinFalls" changeset="92046247" lat="8.0038906" lon="124.2655568"/>
  <node id="7980666477" version="1" timestamp="2020-10-06T09:29:08Z" uid="10334783" user="GilpinFalls" changeset="92036486" lat="8.0029922" lon="124.2655635"/>
  <node id="7980666478" version="1" timestamp="2020-10-06T09:29:08Z" uid="10334783" user="GilpinFalls" changeset="92036486" lat="8.0028886" lon="124.2656346"/>
  <node id="7980666479" version="2" timestamp="2022-05-24T07:40:28Z" uid="5653955" user="Timmy_Tesseract" changeset="121406855" lat="8.0025254" lon="124.2658746"/>
  <node id="7980666480" version="1" timestamp="2020-10-06T09:29:08Z" uid="10334783" user="GilpinFalls" changeset="92036486" lat="8.0026735" lon="124.2657673"/>
  <node id="7980666481" version="2" timestamp="2022-05-24T07:40:28Z" uid="5653955" user="Timmy_Tesseract" changeset="121406855" lat="8.0022671" lon="124.2662254"/>
  <node id="7980666482" version="2" timestamp="2022-05-24T07:40:28Z" uid="5653955" user="Timmy_Tesseract" changeset="121406855" lat="8.0020413" lon="124.2670508"/>
  <node id="7980666483" version="2" timestamp="2022-05-24T07:40:28Z" uid="5653955" user="Timmy_Tesseract" changeset="121406855" lat="8.0022273" lon="124.2669583"/>
  <node id="7980666484" version="1" timestamp="2020-10-06T09:29:08Z" uid="10334783" user="GilpinFalls" changeset="92036486" lat="8.0012193" lon="124.264669"/>
  <node id="7980676790" version="1" timestamp="2020-10-06T09:29:08Z" uid="10334783" user="GilpinFalls" changeset="92036486" lat="8.0014676" lon="124.2650056"/>
  <node id="7980676791" version="1" timestamp="2020-10-06T09:29:08Z" uid="10334783" user="GilpinFalls" changeset="92036486" lat="8.0013454" lon="124.2648406"/>
  <node id="7980847173" version="1" timestamp="2020-10-06T10:12:38Z" uid="10334783" user="GilpinFalls" changeset="92039697" lat="8.0059657" lon="124.266969"/>
  <node id="7980847174" version="1" timestamp="2020-10-06T10:12:38Z" uid="10334783" user="GilpinFalls" changeset="92039697" lat="8.0060892" lon="124.2669046"/>
  <node id="7980847175" version="1" timestamp="2020-10-06T10:12:38Z" uid="10334783" user="GilpinFalls" changeset="92039697" lat="8.006295" lon="124.2667799"/>
  <node id="7980847176" version="1" timestamp="2020-10-06T10:12:38Z" uid="10334783" user="GilpinFalls" changeset="92039697" lat="8.0063442" lon="124.2667302"/>
  <node id="7980847177" version="1" timestamp="2020-10-06T10:12:38Z" uid="10334783" user="GilpinFalls" changeset="92039697" lat="8.0063641" lon="124.2666887"/>
  <node id="7980847182" version="1" timestamp="2020-10-06T10:12:38Z" uid="10334783" user="GilpinFalls" changeset="92039697" lat="8.0071928" lon="124.2649238"/>
  <node id="7980847183" version="1" timestamp="2020-10-06T10:12:38Z" uid="10334783" user="GilpinFalls" changeset="92039697" lat="8.0079684" lon="124.2649332"/>
  <node id="7980847184" version="1" timestamp="2020-10-06T10:12:38Z" uid="10334783" user="GilpinFalls" changeset="92039697" lat="8.0075514" lon="124.2648312"/>
  <node id="7980848485" version="1" timestamp="2020-10-06T10:12:38Z" uid="10334783" user="GilpinFalls" changeset="92039697" lat="8.0076284" lon="124.2648272"/>
  <node id="7980848486" version="1" timestamp="2020-10-06T10:12:38Z" uid="10334783" user="GilpinFalls" changeset="92039697" lat="8.0081955" lon="124.2649801"/>
  <node id="7980848487" version="1" timestamp="2020-10-06T10:12:38Z" uid="10334783" user="GilpinFalls" changeset="92039697" lat="8.0082552" lon="124.2649828"/>
  <node id="7980848488" version="1" timestamp="2020-10-06T10:12:38Z" uid="10334783" user="GilpinFalls" changeset="92039697" lat="8.0083097" lon="124.2649801"/>
  <node id="7980848489" version="1" timestamp="2020-10-06T10:12:38Z" uid="10334783" user="GilpinFalls" changeset="92039697" lat="8.0086775" lon="124.264724"/>
  <node id="7980848490" version="1" timestamp="2020-10-06T10:12:38Z" uid="10334783" user="GilpinFalls" changeset="92039697" lat="8.0091809" lon="124.2645697"/>
  <node id="7980848491" version="1" timestamp="2020-10-06T10:12:38Z" uid="10334783" user="GilpinFalls" changeset="92039697" lat="8.0088515" lon="124.2646475"/>
  <node id="7980848492" version="1" timestamp="2020-10-06T10:12:38Z" uid="10334783" user="GilpinFalls" changeset="92039697" lat="8.0092937" lon="124.2645094"/>
  <node id="7980848493" version="1" timestamp="2020-10-06T10:12:38Z" uid="10334783" user="GilpinFalls" changeset="92039697" lat="8.009469" lon="124.2643806"/>
  <node id="7980848494" version="1" timestamp="2020-10-06T10:12:38Z" uid="10334783" user="GilpinFalls" changeset="92039697" lat="8.0095208" lon="124.2643605"/>
  <node id="7980848495" version="2" timestamp="2022-05-24T07:40:28Z" uid="5653955" user="Timmy_Tesseract" changeset="121406855" lat="8.0058395" lon="124.2670333"/>
  <node id="7980848496" version="1" timestamp="2020-10-06T10:12:38Z" uid="10334783" user="GilpinFalls" changeset="92039697" lat="8.0063654" lon="124.2666297"/>
  <node id="7980848497" version="2" timestamp="2022-05-24T07:40:28Z" uid="5653955" user="Timmy_Tesseract" changeset="121406855" lat="8.0062313" lon="124.2651249"/>
  <node id="7980848498" version="1" timestamp="2020-10-06T10:12:38Z" uid="10334783" user="GilpinFalls" changeset="92039697" lat="8.0077094" lon="124.2648473"/>
  <node id="7980848499" version="1" timestamp="2020-10-06T10:12:38Z" uid="10334783" user="GilpinFalls" changeset="92039697" lat="8.0083628" lon="124.2649493"/>
  <node id="7980848500" version="1" timestamp="2020-10-06T10:12:38Z" uid="10334783" user="GilpinFalls" changeset="92039697" lat="8.0084969" lon="124.2648366"/>
  <node id="7980848501" version="1" timestamp="2020-10-06T10:12:38Z" uid="10334783" user="GilpinFalls" changeset="92039697" lat="8.0090839" lon="124.2645992"/>
  <node id="7980848502" version="1" timestamp="2020-10-06T10:12:38Z" uid="10334783" user="GilpinFalls" changeset="92039697" lat="8.0095766" lon="124.2643525"/>
  <node id="7980848503" version="1" timestamp="2020-10-06T10:12:38Z" uid="10334783" user="GilpinFalls" changeset="92039697" lat="8.0036184" lon="124.2663923"/>
  <node id="7980848504" version="1" timestamp="2020-10-06T10:12:38Z" uid="10334783" user="GilpinFalls" changeset="92039697" lat="8.0035766" lon="124.2663427"/>
  <node id="7980848505" version="1" timestamp="2020-10-06T10:12:38Z" uid="10334783" user="GilpinFalls" changeset="92039697" lat="8.0034139" lon="124.2661998"/>
  <node id="7980848506" version="1" timestamp="2020-10-06T10:12:38Z" uid="10334783" user="GilpinFalls" changeset="92039697" lat="8.0032817" lon="124.2660791"/>
  <node id="7980848507" version="1" timestamp="2020-10-06T10:12:38Z" uid="10334783" user="GilpinFalls" changeset="92039697" lat="8.0032505" lon="124.2660584"/>
  <node id="7980848508" version="1" timestamp="2020-10-06T10:12:38Z" uid="10334783" user="GilpinFalls" changeset="92039697" lat="8.0032173" lon="124.2660255"/>
  <node id="7980848509" version="1" timestamp="2020-10-06T10:12:38Z" uid="10334783" user="GilpinFalls" changeset="92039697" lat="8.0031947" lon="124.2659947"/>
  <node id="7980848510" version="2" timestamp="2020-10-06T12:27:01Z" uid="10334783" user="GilpinFalls" changeset="92049809" lat="8.0036463" lon="124.2664439"/>
  <node id="7980848511" version="1" timestamp="2020-10-06T10:12:38Z" uid="10334783" user="GilpinFalls" changeset="92039697" lat="8.0035347" lon="124.2663071"/>
  <node id="7980848512" version="1" timestamp="2020-10-06T10:12:38Z" uid="10334783" user="GilpinFalls" changeset="92039697" lat="8.0033176" lon="124.2661006"/>
  <node id="7980848513" version="1" timestamp="2020-10-06T10:12:38Z" uid="10334783" user="GilpinFalls" changeset="92039697" lat="8.0031761" lon="124.2659611"/>
  <node id="7980848514" version="1" timestamp="2020-10-06T10:12:38Z" uid="10334783" user="GilpinFalls" changeset="92039697" lat="8.0031436" lon="124.2658914"/>
  <node id="7980848515" version="1" timestamp="2020-10-06T10:12:38Z" uid="10334783" user="GilpinFalls" changeset="92039697" lat="8.0029462" lon="124.2655951"/>
  <node id="7980848518" version="2" timestamp="2022-05-24T07:40:28Z" uid="5653955" user="Timmy_Tesseract" changeset="121406855" lat="8.0048568" lon="124.2673351"/>
  <node id="7980848519" version="1" timestamp="2020-10-06T10:12:38Z" uid="10334783" user="GilpinFalls" changeset="92039697" lat="8.0020679" lon="124.2689994"/>
  <node id="7980848520" version="1" timestamp="2020-10-06T10:12:38Z" uid="10334783" user="GilpinFalls" changeset="92039697" lat="8.0018435" lon="124.2686319"/>
  <node id="7980848521" version="1" timestamp="2020-10-06T10:12:38Z" uid="10334783" user="GilpinFalls" changeset="92039697" lat="8.0015486" lon="124.268176"/>
  <node id="7980848522" version="1" timestamp="2020-10-06T10:12:38Z" uid="10334783" user="GilpinFalls" changeset="92039697" lat="8.0014411" lon="124.2680365"/>
  <node id="7980848528" version="2" timestamp="2021-04-16T11:11:30Z" uid="9090156" user="Finisterre" changeset="103054645" lat="8.0125779" lon="124.2735216"/>
  <node id="7980848529" version="1" timestamp="2020-10-06T10:12:38Z" uid="10334783" user="GilpinFalls" changeset="92039697" lat="8.0118515" lon="124.2717393"/>
  <node id="7980848530" version="2" timestamp="2020-10-06T13:11:09Z" uid="10334783" user="GilpinFalls" changeset="92052256" lat="8.0119445" lon="124.2720088"/>
  <node id="7980848531" version="1" timestamp="2020-10-06T10:12:38Z" uid="10334783" user="GilpinFalls" changeset="92039697" lat="8.0117944" lon="124.2715354"/>
  <node id="7980848532" version="1" timestamp="2020-10-06T10:12:38Z" uid="10334783" user="GilpinFalls" changeset="92039697" lat="8.0114172" lon="124.2698416"/>
  <node id="7980848533" version="1" timestamp="2020-10-06T10:12:38Z" uid="10334783" user="GilpinFalls" changeset="92039697" lat="8.0112419" lon="124.2690557"/>
  <node id="7980848534" version="2" timestamp="2020-10-06T10:29:56Z" uid="10334783" user="GilpinFalls" changeset="92041039" lat="8.0109484" lon="124.2679962"/>
  <node id="7980898538" version="1" timestamp="2020-10-06T10:29:56Z" uid="10334783" user="GilpinFalls" changeset="92041039" lat="8.0005048" lon="124.272033"/>
  <node id="7980898539" version="1" timestamp="2020-10-06T10:29:56Z" uid="10334783" user="GilpinFalls" changeset="92041039" lat="8.0009377" lon="124.2719042"/>
  <node id="7980898540" version="1" timestamp="2020-10-06T10:29:56Z" uid="10334783" user="GilpinFalls" changeset="92041039" lat="8.0014641" lon="124.2717351"/>
  <node id="7980898541" version="1" timestamp="2020-10-06T10:29:56Z" uid="10334783" user="GilpinFalls" changeset="92041039" lat="8.001947" lon="124.271801"/>
  <node id="7980898542" version="1" timestamp="2020-10-06T10:29:56Z" uid="10334783" user="GilpinFalls" changeset="92041039" lat="8.0018395" lon="124.2718412"/>
  <node id="7980898543" version="1" timestamp="2020-10-06T10:29:56Z" uid="10334783" user="GilpinFalls" changeset="92041039" lat="8.001562" lon="124.2719482"/>
  <node id="7980898544" version="2" timestamp="2020-10-06T12:21:46Z" uid="10334783" user="GilpinFalls" changeset="92049412" lat="8.0020453" lon="124.2717667"/>
  <node id="7980898545" version="1" timestamp="2020-10-06T10:29:56Z" uid="10334783" user="GilpinFalls" changeset="92041039" lat="8.0110653" lon="124.2683664"/>
  <node id="7980898546" version="1" timestamp="2020-10-06T10:29:56Z" uid="10334783" user="GilpinFalls" changeset="92041039" lat="8.0022107" lon="124.2700917"/>
  <node id="7980898547" version="1" timestamp="2020-10-06T10:29:56Z" uid="10334783" user="GilpinFalls" changeset="92041039" lat="8.0022053" lon="124.2700676"/>
  <node id="7980898548" version="1" timestamp="2020-10-06T10:29:56Z" uid="10334783" user="GilpinFalls" changeset="92041039" lat="8.002208" lon="124.2700455"/>
  <node id="7980898549" version="1" timestamp="2020-10-06T10:29:56Z" uid="10334783" user="GilpinFalls" changeset="92041039" lat="8.0025858" lon="124.2698362"/>
  <node id="7980898550" version="1" timestamp="2020-10-06T10:29:56Z" uid="10334783" user="GilpinFalls" changeset="92041039" lat="8.002218" lon="124.2700294"/>
  <node id="7980898551" version="1" timestamp="2020-10-06T10:29:56Z" uid="10334783" user="GilpinFalls" changeset="92041039" lat="8.0023288" lon="124.2703467"/>
  <node id="7980898552" version="1" timestamp="2020-10-06T10:29:56Z" uid="10334783" user="GilpinFalls" changeset="92041039" lat="8.0018972" lon="124.2709648"/>
  <node id="7980898553" version="1" timestamp="2020-10-06T10:29:56Z" uid="10334783" user="GilpinFalls" changeset="92041039" lat="8.0018667" lon="124.2709675"/>
  <node id="7980898554" version="1" timestamp="2020-10-06T10:29:56Z" uid="10334783" user="GilpinFalls" changeset="92041039" lat="8.0018468" lon="124.2709621"/>
  <node id="7980898558" version="2" timestamp="2022-05-24T07:40:28Z" uid="5653955" user="Timmy_Tesseract" changeset="121406855" lat="8.0039312" lon="124.2693065"/>
  <node id="7980898559" version="2" timestamp="2022-05-24T07:40:28Z" uid="5653955" user="Timmy_Tesseract" changeset="121406855" lat="8.003635" lon="124.2696243"/>
  <node id="7980898560" version="2" timestamp="2022-05-24T07:40:28Z" uid="5653955" user="Timmy_Tesseract" changeset="121406855" lat="8.0030055" lon="124.2700213"/>
  <node id="7980898561" version="1" timestamp="2020-10-06T10:29:56Z" uid="10334783" user="GilpinFalls" changeset="92041039" lat="8.0024079" lon="124.2707777"/>
  <node id="7980898562" version="1" timestamp="2020-10-06T10:29:56Z" uid="10334783" user="GilpinFalls" changeset="92041039" lat="8.0018328" lon="124.2709507"/>
  <node id="7980898563" version="1" timestamp="2020-10-06T10:29:56Z" uid="10334783" user="GilpinFalls" changeset="92041039" lat="8.0017558" lon="124.2708045"/>
  <node id="7980898564" version="1" timestamp="2020-10-06T10:29:56Z" uid="10334783" user="GilpinFalls" changeset="92041039" lat="8.0016794" lon="124.2706905"/>
  <node id="7980898565" version="1" timestamp="2020-10-06T10:29:56Z" uid="10334783" user="GilpinFalls" changeset="92041039" lat="8.0016257" lon="124.2706245"/>
  <node id="7980898566" version="1" timestamp="2020-10-06T10:29:56Z" uid="10334783" user="GilpinFalls" changeset="92041039" lat="8.0016177" lon="124.2706208"/>
  <node id="7980898567" version="1" timestamp="2020-10-06T10:29:56Z" uid="10334783" user="GilpinFalls" changeset="92041039" lat="8.0016087" lon="124.2706131"/>
  <node id="7980898568" version="1" timestamp="2020-10-06T10:29:56Z" uid="10334783" user="GilpinFalls" changeset="92041039" lat="8.0015353" lon="124.2704558"/>
  <node id="7980898569" version="1" timestamp="2020-10-06T10:29:56Z" uid="10334783" user="GilpinFalls" changeset="92041039" lat="8.0015211" lon="124.2704438"/>
  <node id="7980898570" version="1" timestamp="2020-10-06T10:29:56Z" uid="10334783" user="GilpinFalls" changeset="92041039" lat="8.0015048" lon="124.2704411"/>
  <node id="7980898575" version="2" timestamp="2022-05-24T07:40:28Z" uid="5653955" user="Timmy_Tesseract" changeset="121406855" lat="8.0037572" lon="124.2695064"/>
  <node id="7980898576" version="2" timestamp="2022-05-24T07:40:28Z" uid="5653955" user="Timmy_Tesseract" changeset="121406855" lat="8.0032405" lon="124.2698953"/>
  <node id="7980898577" version="1" timestamp="2020-10-06T10:29:56Z" uid="10334783" user="GilpinFalls" changeset="92041039" lat="8.0025208" lon="124.2702694"/>
  <node id="7980898578" version="1" timestamp="2020-10-06T10:29:56Z" uid="10334783" user="GilpinFalls" changeset="92041039" lat="8.0016389" lon="124.2706241"/>
  <node id="7980898579" version="1" timestamp="2020-10-06T10:29:56Z" uid="10334783" user="GilpinFalls" changeset="92041039" lat="8.0014849" lon="124.2704444"/>
  <node id="7980898580" version="1" timestamp="2020-10-06T10:29:56Z" uid="10334783" user="GilpinFalls" changeset="92041039" lat="8.000987" lon="124.2706918"/>
  <node id="7980898581" version="1" timestamp="2020-10-06T10:29:56Z" uid="10334783" user="GilpinFalls" changeset="92041039" lat="8.0023156" lon="124.2675852"/>
  <node id="7980898582" version="1" timestamp="2020-10-06T10:29:56Z" uid="10334783" user="GilpinFalls" changeset="92041039" lat="8.0022493" lon="124.2668351"/>
  <node id="7980898583" version="1" timestamp="2020-10-06T10:29:56Z" uid="10334783" user="GilpinFalls" changeset="92041039" lat="8.0018474" lon="124.2663923"/>
  <node id="7980921289" version="1" timestamp="2020-10-06T10:35:15Z" uid="10334783" user="GilpinFalls" changeset="92041450" lat="8.0050201" lon="124.2732306"/>
  <node id="7980921290" version="1" timestamp="2020-10-06T10:35:15Z" uid="10334783" user="GilpinFalls" changeset="92041450" lat="8.0050627" lon="124.2734023"/>
  <node id="7980921291" version="1" timestamp="2020-10-06T10:35:15Z" uid="10334783" user="GilpinFalls" changeset="92041450" lat="8.004979" lon="124.2730884"/>
  <node id="7980921292" version="2" timestamp="2026-06-16T04:46:18Z" uid="22435321" user="SaladoRiver" changeset="184163394" lat="8.0048169" lon="124.2724072"/>
  <node id="7981043822" version="2" timestamp="2022-05-24T07:25:04Z" uid="5653955" user="Timmy_Tesseract" changeset="121405934" lat="8.0010161" lon="124.264447"/>
  <node id="7981043823" version="2" timestamp="2022-05-24T07:25:04Z" uid="5653955" user="Timmy_Tesseract" changeset="121405934" lat="8.0009723" lon="124.2644061"/>
  <node id="7981043824" version="2" timestamp="2022-05-24T07:25:04Z" uid="5653955" user="Timmy_Tesseract" changeset="121405934" lat="8.0010804" lon="124.2644981"/>
  <node id="7981043825" version="1" timestamp="2020-10-06T11:18:26Z" uid="10334783" user="GilpinFalls" changeset="92044866" lat="8.0009244" lon="124.2643404"/>
  <node id="7981043826" version="1" timestamp="2020-10-06T11:18:26Z" uid="10334783" user="GilpinFalls" changeset="92044866" lat="8.0008292" lon="124.2641654"/>
  <node id="7981104291" version="2" timestamp="2022-05-24T07:40:28Z" uid="5653955" user="Timmy_Tesseract" changeset="121406855" lat="8.0022319" lon="124.2664574"/>
  <node id="7981104309" version="1" timestamp="2020-10-06T11:36:59Z" uid="10334783" user="GilpinFalls" changeset="92046247" lat="8.0039743" lon="124.2656896"/>
  <node id="7984202760" version="2" timestamp="2020-10-07T09:08:46Z" uid="10210169" user="MonteGeneroso" changeset="92098066" lat="7.9921825" lon="124.2605598"/>
  <node id="7984202761" version="1" timestamp="2020-10-07T08:44:11Z" uid="10210169" user="MonteGeneroso" changeset="92096107" lat="7.9921337" lon="124.2606239"/>
  <node id="7984202762" version="1" timestamp="2020-10-07T08:44:11Z" uid="10210169" user="MonteGeneroso" changeset="92096107" lat="7.9920958" lon="124.2606899"/>
  <node id="7984202763" version="1" timestamp="2020-10-07T08:44:11Z" uid="10210169" user="MonteGeneroso" changeset="92096107" lat="7.9920991" lon="124.2606721"/>
  <node id="7984202764" version="1" timestamp="2020-10-07T08:44:11Z" uid="10210169" user="MonteGeneroso" changeset="92096107" lat="7.9920945" lon="124.26071"/>
  <node id="7984202765" version="1" timestamp="2020-10-07T08:44:11Z" uid="10210169" user="MonteGeneroso" changeset="92096107" lat="7.9920955" lon="124.2607415"/>
  <node id="7984202766" version="1" timestamp="2020-10-07T08:44:11Z" uid="10210169" user="MonteGeneroso" changeset="92096107" lat="7.9920955" lon="124.2607747"/>
  <node id="7984202767" version="1" timestamp="2020-10-07T08:44:11Z" uid="10210169" user="MonteGeneroso" changeset="92096107" lat="7.9920902" lon="124.2607962"/>
  <node id="7984202768" version="1" timestamp="2020-10-07T08:44:11Z" uid="10210169" user="MonteGeneroso" changeset="92096107" lat="7.9920699" lon="124.2608327"/>
  <node id="7984202769" version="1" timestamp="2020-10-07T08:44:11Z" uid="10210169" user="MonteGeneroso" changeset="92096107" lat="7.9920427" lon="124.2608733"/>
  <node id="7984202770" version="1" timestamp="2020-10-07T08:44:11Z" uid="10210169" user="MonteGeneroso" changeset="92096107" lat="7.9914753" lon="124.2616602"/>
  <node id="7984202771" version="1" timestamp="2020-10-07T08:44:11Z" uid="10210169" user="MonteGeneroso" changeset="92096107" lat="7.9913531" lon="124.2618446"/>
  <node id="7984202772" version="1" timestamp="2020-10-07T08:44:11Z" uid="10210169" user="MonteGeneroso" changeset="92096107" lat="7.991284" lon="124.2619626"/>
  <node id="7984202773" version="1" timestamp="2020-10-07T08:44:11Z" uid="10210169" user="MonteGeneroso" changeset="92096107" lat="7.9912209" lon="124.2621021"/>
  <node id="7984202774" version="1" timestamp="2020-10-07T08:44:11Z" uid="10210169" user="MonteGeneroso" changeset="92096107" lat="7.9911964" lon="124.2621383"/>
  <node id="7984202775" version="1" timestamp="2020-10-07T08:44:11Z" uid="10210169" user="MonteGeneroso" changeset="92096107" lat="7.9911625" lon="124.2621631"/>
  <node id="7984202776" version="1" timestamp="2020-10-07T08:44:11Z" uid="10210169" user="MonteGeneroso" changeset="92096107" lat="7.9911273" lon="124.2621745"/>
  <node id="7984202777" version="1" timestamp="2020-10-07T08:44:11Z" uid="10210169" user="MonteGeneroso" changeset="92096107" lat="7.9910828" lon="124.2621799"/>
  <node id="7984202778" version="1" timestamp="2020-10-07T08:44:11Z" uid="10210169" user="MonteGeneroso" changeset="92096107" lat="7.9908936" lon="124.2621705"/>
  <node id="7984202779" version="1" timestamp="2020-10-07T08:44:11Z" uid="10210169" user="MonteGeneroso" changeset="92096107" lat="7.9907408" lon="124.2621765"/>
  <node id="7984202780" version="1" timestamp="2020-10-07T08:44:11Z" uid="10210169" user="MonteGeneroso" changeset="92096107" lat="7.9907036" lon="124.2621826"/>
  <node id="7984202781" version="1" timestamp="2020-10-07T08:44:11Z" uid="10210169" user="MonteGeneroso" changeset="92096107" lat="7.9906817" lon="124.2621973"/>
  <node id="7984202782" version="1" timestamp="2020-10-07T08:44:11Z" uid="10210169" user="MonteGeneroso" changeset="92096107" lat="7.990616" lon="124.2622751"/>
  <node id="7984202783" version="1" timestamp="2020-10-07T08:44:11Z" uid="10210169" user="MonteGeneroso" changeset="92096107" lat="7.9904487" lon="124.2625024"/>
  <node id="7984202784" version="1" timestamp="2020-10-07T08:44:11Z" uid="10210169" user="MonteGeneroso" changeset="92096107" lat="7.9903378" lon="124.2626406"/>
  <node id="7984226385" version="1" timestamp="2020-10-07T08:44:11Z" uid="10210169" user="MonteGeneroso" changeset="92096107" lat="7.990286" lon="124.2627458"/>
  <node id="7984226386" version="1" timestamp="2020-10-07T08:44:11Z" uid="10210169" user="MonteGeneroso" changeset="92096107" lat="7.9902308" lon="124.2628578"/>
  <node id="7984226387" version="1" timestamp="2020-10-07T08:44:11Z" uid="10210169" user="MonteGeneroso" changeset="92096107" lat="7.9901764" lon="124.2629423"/>
  <node id="7984226388" version="1" timestamp="2020-10-07T08:44:11Z" uid="10210169" user="MonteGeneroso" changeset="92096107" lat="7.9901538" lon="124.263006"/>
  <node id="7984226389" version="1" timestamp="2020-10-07T08:44:11Z" uid="10210169" user="MonteGeneroso" changeset="92096107" lat="7.9901498" lon="124.2630945"/>
  <node id="7984226390" version="1" timestamp="2020-10-07T08:44:11Z" uid="10210169" user="MonteGeneroso" changeset="92096107" lat="7.9901439" lon="124.2631877"/>
  <node id="7984226391" version="1" timestamp="2020-10-07T08:44:11Z" uid="10210169" user="MonteGeneroso" changeset="92096107" lat="7.9901618" lon="124.2632508"/>
  <node id="7984226392" version="1" timestamp="2020-10-07T08:44:11Z" uid="10210169" user="MonteGeneroso" changeset="92096107" lat="7.990181" lon="124.2632742"/>
  <node id="7984226393" version="1" timestamp="2020-10-07T08:44:11Z" uid="10210169" user="MonteGeneroso" changeset="92096107" lat="7.9902255" lon="124.2633265"/>
  <node id="7984226394" version="1" timestamp="2020-10-07T08:44:11Z" uid="10210169" user="MonteGeneroso" changeset="92096107" lat="7.9903789" lon="124.2634224"/>
  <node id="7984226395" version="1" timestamp="2020-10-07T08:44:11Z" uid="10210169" user="MonteGeneroso" changeset="92096107" lat="7.9904367" lon="124.2634734"/>
  <node id="7984226396" version="1" timestamp="2020-10-07T08:44:11Z" uid="10210169" user="MonteGeneroso" changeset="92096107" lat="7.990452" lon="124.2635176"/>
  <node id="7984226397" version="1" timestamp="2020-10-07T08:44:11Z" uid="10210169" user="MonteGeneroso" changeset="92096107" lat="7.990456" lon="124.263576"/>
  <node id="7984226398" version="1" timestamp="2020-10-07T08:44:11Z" uid="10210169" user="MonteGeneroso" changeset="92096107" lat="7.9904453" lon="124.2636209"/>
  <node id="7984226399" version="1" timestamp="2020-10-07T08:44:11Z" uid="10210169" user="MonteGeneroso" changeset="92096107" lat="7.9903969" lon="124.2637409"/>
  <node id="7984226400" version="1" timestamp="2020-10-07T08:44:11Z" uid="10210169" user="MonteGeneroso" changeset="92096107" lat="7.9903145" lon="124.2639515"/>
  <node id="7984226401" version="1" timestamp="2020-10-07T08:44:11Z" uid="10210169" user="MonteGeneroso" changeset="92096107" lat="7.9908829" lon="124.2642291"/>
  <node id="7984226402" version="1" timestamp="2020-10-07T08:44:11Z" uid="10210169" user="MonteGeneroso" changeset="92096107" lat="7.9906864" lon="124.2641775"/>
  <node id="7984226403" version="1" timestamp="2020-10-07T08:44:11Z" uid="10210169" user="MonteGeneroso" changeset="92096107" lat="7.990523" lon="124.2641211"/>
  <node id="7984226404" version="1" timestamp="2020-10-07T08:44:11Z" uid="10210169" user="MonteGeneroso" changeset="92096107" lat="7.9903437" lon="124.2640608"/>
  <node id="7984226405" version="1" timestamp="2020-10-07T08:44:11Z" uid="10210169" user="MonteGeneroso" changeset="92096107" lat="7.98951" lon="124.2638878"/>
  <node id="7984226406" version="1" timestamp="2020-10-07T08:44:11Z" uid="10210169" user="MonteGeneroso" changeset="92096107" lat="7.9897913" lon="124.263985"/>
  <node id="7984226407" version="1" timestamp="2020-10-07T08:44:11Z" uid="10210169" user="MonteGeneroso" changeset="92096107" lat="7.9896173" lon="124.263631"/>
  <node id="7984226408" version="1" timestamp="2020-10-07T08:44:11Z" uid="10210169" user="MonteGeneroso" changeset="92096107" lat="7.9894865" lon="124.2639441"/>
  <node id="7984226409" version="1" timestamp="2020-10-07T08:44:11Z" uid="10210169" user="MonteGeneroso" changeset="92096107" lat="7.9887275" lon="124.2535318"/>
  <node id="7984226410" version="1" timestamp="2020-10-07T08:44:11Z" uid="10210169" user="MonteGeneroso" changeset="92096107" lat="7.9887879" lon="124.2534218"/>
  <node id="7984226411" version="1" timestamp="2020-10-07T08:44:11Z" uid="10210169" user="MonteGeneroso" changeset="92096107" lat="7.9889658" lon="124.2531086"/>
  <node id="7984226412" version="1" timestamp="2020-10-07T08:44:11Z" uid="10210169" user="MonteGeneroso" changeset="92096107" lat="7.989171" lon="124.2527217"/>
  <node id="7984226413" version="1" timestamp="2020-10-07T08:44:11Z" uid="10210169" user="MonteGeneroso" changeset="92096107" lat="7.9892587" lon="124.2525635"/>
  <node id="7984226414" version="1" timestamp="2020-10-07T08:44:11Z" uid="10210169" user="MonteGeneroso" changeset="92096107" lat="7.9892906" lon="124.2525212"/>
  <node id="7984226415" version="1" timestamp="2020-10-07T08:44:11Z" uid="10210169" user="MonteGeneroso" changeset="92096107" lat="7.9893477" lon="124.2524508"/>
  <node id="7984226416" version="1" timestamp="2020-10-07T08:44:11Z" uid="10210169" user="MonteGeneroso" changeset="92096107" lat="7.9893749" lon="124.2524327"/>
  <node id="7984226417" version="1" timestamp="2020-10-07T08:44:11Z" uid="10210169" user="MonteGeneroso" changeset="92096107" lat="7.9894127" lon="124.252426"/>
  <node id="7984226418" version="1" timestamp="2020-10-07T08:44:11Z" uid="10210169" user="MonteGeneroso" changeset="92096107" lat="7.9894659" lon="124.2524267"/>
  <node id="7984226419" version="1" timestamp="2020-10-07T08:44:11Z" uid="10210169" user="MonteGeneroso" changeset="92096107" lat="7.9895183" lon="124.2524321"/>
  <node id="7984226420" version="1" timestamp="2020-10-07T08:44:11Z" uid="10210169" user="MonteGeneroso" changeset="92096107" lat="7.9895641" lon="124.2524394"/>
  <node id="7984226421" version="1" timestamp="2020-10-07T08:44:11Z" uid="10210169" user="MonteGeneroso" changeset="92096107" lat="7.98959" lon="124.2524468"/>
  <node id="7984226422" version="1" timestamp="2020-10-07T08:44:11Z" uid="10210169" user="MonteGeneroso" changeset="92096107" lat="7.9896179" lon="124.2524663"/>
  <node id="7984226423" version="1" timestamp="2020-10-07T08:44:11Z" uid="10210169" user="MonteGeneroso" changeset="92096107" lat="7.9897255" lon="124.2525508"/>
  <node id="7984226424" version="1" timestamp="2020-10-07T08:44:11Z" uid="10210169" user="MonteGeneroso" changeset="92096107" lat="7.9898132" lon="124.2526259"/>
  <node id="7984226425" version="1" timestamp="2020-10-07T08:44:11Z" uid="10210169" user="MonteGeneroso" changeset="92096107" lat="7.9899128" lon="124.2526902"/>
  <node id="7984226426" version="1" timestamp="2020-10-07T08:44:11Z" uid="10210169" user="MonteGeneroso" changeset="92096107" lat="7.9900555" lon="124.2527606"/>
  <node id="7984226427" version="1" timestamp="2020-10-07T08:44:11Z" uid="10210169" user="MonteGeneroso" changeset="92096107" lat="7.9902514" lon="124.2528693"/>
  <node id="7984226428" version="1" timestamp="2020-10-07T08:44:11Z" uid="10210169" user="MonteGeneroso" changeset="92096107" lat="7.9904214" lon="124.2529745"/>
  <node id="7984226429" version="1" timestamp="2020-10-07T08:44:11Z" uid="10210169" user="MonteGeneroso" changeset="92096107" lat="7.9905742" lon="124.2530557"/>
  <node id="7984226430" version="1" timestamp="2020-10-07T08:44:11Z" uid="10210169" user="MonteGeneroso" changeset="92096107" lat="7.990707" lon="124.2531046"/>
  <node id="7984226431" version="1" timestamp="2020-10-07T08:44:11Z" uid="10210169" user="MonteGeneroso" changeset="92096107" lat="7.9908172" lon="124.2531234"/>
  <node id="7984226432" version="1" timestamp="2020-10-07T08:44:11Z" uid="10210169" user="MonteGeneroso" changeset="92096107" lat="7.9909281" lon="124.2531321"/>
  <node id="7984226433" version="1" timestamp="2020-10-07T08:44:11Z" uid="10210169" user="MonteGeneroso" changeset="92096107" lat="7.9910005" lon="124.2531388"/>
  <node id="7984226434" version="1" timestamp="2020-10-07T08:44:11Z" uid="10210169" user="MonteGeneroso" changeset="92096107" lat="7.9910363" lon="124.2531542"/>
  <node id="7984226435" version="1" timestamp="2020-10-07T08:44:11Z" uid="10210169" user="MonteGeneroso" changeset="92096107" lat="7.9910768" lon="124.2531817"/>
  <node id="7984226436" version="1" timestamp="2020-10-07T08:44:11Z" uid="10210169" user="MonteGeneroso" changeset="92096107" lat="7.9911266" lon="124.2532233"/>
  <node id="7984226437" version="1" timestamp="2020-10-07T08:44:11Z" uid="10210169" user="MonteGeneroso" changeset="92096107" lat="7.9911671" lon="124.2532709"/>
  <node id="7984226438" version="1" timestamp="2020-10-07T08:44:11Z" uid="10210169" user="MonteGeneroso" changeset="92096107" lat="7.9911917" lon="124.2533105"/>
  <node id="7984226439" version="1" timestamp="2020-10-07T08:44:11Z" uid="10210169" user="MonteGeneroso" changeset="92096107" lat="7.9912309" lon="124.253342"/>
  <node id="7984226440" version="1" timestamp="2020-10-07T08:44:11Z" uid="10210169" user="MonteGeneroso" changeset="92096107" lat="7.991371" lon="124.2534252"/>
  <node id="7984226441" version="1" timestamp="2020-10-07T08:44:11Z" uid="10210169" user="MonteGeneroso" changeset="92096107" lat="7.9915071" lon="124.2535405"/>
  <node id="7984226442" version="1" timestamp="2020-10-07T08:44:11Z" uid="10210169" user="MonteGeneroso" changeset="92096107" lat="7.9914381" lon="124.2534734"/>
  <node id="7984226443" version="1" timestamp="2020-10-07T08:44:11Z" uid="10210169" user="MonteGeneroso" changeset="92096107" lat="7.9915058" lon="124.2533568"/>
  <node id="7984226444" version="1" timestamp="2020-10-07T08:44:11Z" uid="10210169" user="MonteGeneroso" changeset="92096107" lat="7.9915875" lon="124.253234"/>
  <node id="7984226445" version="1" timestamp="2020-10-07T08:44:11Z" uid="10210169" user="MonteGeneroso" changeset="92096107" lat="7.9916094" lon="124.2532139"/>
  <node id="7984226446" version="1" timestamp="2020-10-07T08:44:11Z" uid="10210169" user="MonteGeneroso" changeset="92096107" lat="7.9916399" lon="124.2532052"/>
  <node id="7984226447" version="1" timestamp="2020-10-07T08:44:11Z" uid="10210169" user="MonteGeneroso" changeset="92096107" lat="7.9916579" lon="124.2532045"/>
  <node id="7984226448" version="1" timestamp="2020-10-07T08:44:11Z" uid="10210169" user="MonteGeneroso" changeset="92096107" lat="7.9916791" lon="124.2532106"/>
  <node id="7984226449" version="1" timestamp="2020-10-07T08:44:11Z" uid="10210169" user="MonteGeneroso" changeset="92096107" lat="7.9917356" lon="124.2532508"/>
  <node id="7984226450" version="1" timestamp="2020-10-07T08:44:11Z" uid="10210169" user="MonteGeneroso" changeset="92096107" lat="7.9920384" lon="124.2534493"/>
  <node id="7984226451" version="1" timestamp="2020-10-07T08:44:11Z" uid="10210169" user="MonteGeneroso" changeset="92096107" lat="7.9926513" lon="124.2542895"/>
  <node id="7984226452" version="1" timestamp="2020-10-07T08:44:11Z" uid="10210169" user="MonteGeneroso" changeset="92096107" lat="7.9926984" lon="124.2540427"/>
  <node id="7984226453" version="1" timestamp="2020-10-07T08:44:11Z" uid="10210169" user="MonteGeneroso" changeset="92096107" lat="7.9927308" lon="124.2538696"/>
  <node id="7984226454" version="1" timestamp="2020-10-07T08:44:11Z" uid="10210169" user="MonteGeneroso" changeset="92096107" lat="7.9924753" lon="124.253745"/>
  <node id="7984226455" version="1" timestamp="2020-10-07T08:44:11Z" uid="10210169" user="MonteGeneroso" changeset="92096107" lat="7.9926367" lon="124.2538382"/>
  <node id="7984226456" version="1" timestamp="2020-10-07T08:44:11Z" uid="10210169" user="MonteGeneroso" changeset="92096107" lat="7.9927057" lon="124.2538637"/>
  <node id="7984226457" version="1" timestamp="2020-10-07T08:44:11Z" uid="10210169" user="MonteGeneroso" changeset="92096107" lat="7.9927569" lon="124.2538758"/>
  <node id="7984226458" version="1" timestamp="2020-10-07T08:44:11Z" uid="10210169" user="MonteGeneroso" changeset="92096107" lat="7.9928186" lon="124.2538838"/>
  <node id="7984226459" version="1" timestamp="2020-10-07T08:44:11Z" uid="10210169" user="MonteGeneroso" changeset="92096107" lat="7.9929156" lon="124.2538965"/>
  <node id="7984226460" version="1" timestamp="2020-10-07T08:44:11Z" uid="10210169" user="MonteGeneroso" changeset="92096107" lat="7.9930291" lon="124.2539093"/>
  <node id="7984226461" version="2" timestamp="2020-10-07T10:33:08Z" uid="10210169" user="MonteGeneroso" changeset="92104655" lat="7.9937197" lon="124.2546677"/>
  <node id="7984226462" version="1" timestamp="2020-10-07T08:44:11Z" uid="10210169" user="MonteGeneroso" changeset="92096107" lat="7.9937078" lon="124.2545269"/>
  <node id="7984226463" version="1" timestamp="2020-10-07T08:44:11Z" uid="10210169" user="MonteGeneroso" changeset="92096107" lat="7.9937091" lon="124.2543659"/>
  <node id="7984226464" version="1" timestamp="2020-10-07T08:44:11Z" uid="10210169" user="MonteGeneroso" changeset="92096107" lat="7.993725" lon="124.2542439"/>
  <node id="7984226465" version="1" timestamp="2020-10-07T08:44:11Z" uid="10210169" user="MonteGeneroso" changeset="92096107" lat="7.9937469" lon="124.2541426"/>
  <node id="7984226466" version="1" timestamp="2020-10-07T08:44:11Z" uid="10210169" user="MonteGeneroso" changeset="92096107" lat="7.9937828" lon="124.2540092"/>
  <node id="7984226475" version="1" timestamp="2020-10-07T08:44:11Z" uid="10210169" user="MonteGeneroso" changeset="92096107" lat="7.9886667" lon="124.2537063"/>
  <node id="7984298372" version="1" timestamp="2020-10-07T09:08:46Z" uid="10210169" user="MonteGeneroso" changeset="92098066" lat="7.993656" lon="124.2628471"/>
  <node id="7984298373" version="1" timestamp="2020-10-07T09:08:46Z" uid="10210169" user="MonteGeneroso" changeset="92098066" lat="7.9937283" lon="124.2628558"/>
  <node id="7984298374" version="1" timestamp="2020-10-07T09:08:46Z" uid="10210169" user="MonteGeneroso" changeset="92098066" lat="7.9939687" lon="124.2628504"/>
  <node id="7984298375" version="1" timestamp="2020-10-07T09:08:46Z" uid="10210169" user="MonteGeneroso" changeset="92098066" lat="7.9940292" lon="124.2628578"/>
  <node id="7984298376" version="1" timestamp="2020-10-07T09:08:46Z" uid="10210169" user="MonteGeneroso" changeset="92098066" lat="7.9940458" lon="124.2628665"/>
  <node id="7984298377" version="1" timestamp="2020-10-07T09:08:46Z" uid="10210169" user="MonteGeneroso" changeset="92098066" lat="7.9940551" lon="124.2628779"/>
  <node id="7984298378" version="1" timestamp="2020-10-07T09:08:46Z" uid="10210169" user="MonteGeneroso" changeset="92098066" lat="7.9940564" lon="124.2628893"/>
  <node id="7984298379" version="1" timestamp="2020-10-07T09:08:46Z" uid="10210169" user="MonteGeneroso" changeset="92098066" lat="7.9940544" lon="124.2629074"/>
  <node id="7984298380" version="1" timestamp="2020-10-07T09:08:46Z" uid="10210169" user="MonteGeneroso" changeset="92098066" lat="7.9940471" lon="124.2629309"/>
  <node id="7984298381" version="1" timestamp="2020-10-07T09:08:46Z" uid="10210169" user="MonteGeneroso" changeset="92098066" lat="7.9940245" lon="124.2629758"/>
  <node id="7984298382" version="1" timestamp="2020-10-07T09:08:46Z" uid="10210169" user="MonteGeneroso" changeset="92098066" lat="7.9940019" lon="124.2630496"/>
  <node id="7984298383" version="1" timestamp="2020-10-07T09:08:46Z" uid="10210169" user="MonteGeneroso" changeset="92098066" lat="7.9939867" lon="124.2631106"/>
  <node id="7984298384" version="1" timestamp="2020-10-07T09:08:46Z" uid="10210169" user="MonteGeneroso" changeset="92098066" lat="7.9939813" lon="124.2632058"/>
  <node id="7984312285" version="1" timestamp="2020-10-07T09:08:46Z" uid="10210169" user="MonteGeneroso" changeset="92098066" lat="7.9939627" lon="124.2633265"/>
  <node id="7984312286" version="1" timestamp="2020-10-07T09:08:46Z" uid="10210169" user="MonteGeneroso" changeset="92098066" lat="7.9939442" lon="124.2634499"/>
  <node id="7984312287" version="1" timestamp="2020-10-07T09:08:46Z" uid="10210169" user="MonteGeneroso" changeset="92098066" lat="7.9939545" lon="124.263648"/>
  <node id="7984312288" version="1" timestamp="2020-10-07T09:08:46Z" uid="10210169" user="MonteGeneroso" changeset="92098066" lat="7.9937754" lon="124.2637245"/>
  <node id="7984312289" version="1" timestamp="2020-10-07T09:08:46Z" uid="10210169" user="MonteGeneroso" changeset="92098066" lat="7.9936971" lon="124.2633775"/>
  <node id="7984312290" version="1" timestamp="2020-10-07T09:08:46Z" uid="10210169" user="MonteGeneroso" changeset="92098066" lat="7.9936759" lon="124.2631938"/>
  <node id="7984312291" version="1" timestamp="2020-10-07T09:08:46Z" uid="10210169" user="MonteGeneroso" changeset="92098066" lat="7.9936507" lon="124.2631012"/>
  <node id="7984312292" version="1" timestamp="2020-10-07T09:08:46Z" uid="10210169" user="MonteGeneroso" changeset="92098066" lat="7.9936175" lon="124.2630342"/>
  <node id="7984312293" version="1" timestamp="2020-10-07T09:08:46Z" uid="10210169" user="MonteGeneroso" changeset="92098066" lat="7.9935935" lon="124.262947"/>
  <node id="7984312294" version="1" timestamp="2020-10-07T09:08:46Z" uid="10210169" user="MonteGeneroso" changeset="92098066" lat="7.993575" lon="124.2628102"/>
  <node id="7984312295" version="1" timestamp="2020-10-07T09:08:46Z" uid="10210169" user="MonteGeneroso" changeset="92098066" lat="7.9935497" lon="124.2627391"/>
  <node id="7984312296" version="1" timestamp="2020-10-07T09:08:46Z" uid="10210169" user="MonteGeneroso" changeset="92098066" lat="7.9935139" lon="124.2626801"/>
  <node id="7984312297" version="1" timestamp="2020-10-07T09:08:46Z" uid="10210169" user="MonteGeneroso" changeset="92098066" lat="7.9934661" lon="124.2626077"/>
  <node id="7984312298" version="1" timestamp="2020-10-07T09:08:46Z" uid="10210169" user="MonteGeneroso" changeset="92098066" lat="7.9934328" lon="124.2625393"/>
  <node id="7984312299" version="1" timestamp="2020-10-07T09:08:46Z" uid="10210169" user="MonteGeneroso" changeset="92098066" lat="7.9933964" lon="124.262396"/>
  <node id="7984312300" version="1" timestamp="2020-10-07T09:08:46Z" uid="10210169" user="MonteGeneroso" changeset="92098066" lat="7.9948632" lon="124.2638294"/>
  <node id="7984312301" version="1" timestamp="2020-10-07T09:08:46Z" uid="10210169" user="MonteGeneroso" changeset="92098066" lat="7.9948539" lon="124.2637449"/>
  <node id="7984312302" version="1" timestamp="2020-10-07T09:08:46Z" uid="10210169" user="MonteGeneroso" changeset="92098066" lat="7.9948373" lon="124.2637027"/>
  <node id="7984312303" version="1" timestamp="2020-10-07T09:08:46Z" uid="10210169" user="MonteGeneroso" changeset="92098066" lat="7.994824" lon="124.2636826"/>
  <node id="7984312304" version="1" timestamp="2020-10-07T09:08:46Z" uid="10210169" user="MonteGeneroso" changeset="92098066" lat="7.9947988" lon="124.2636678"/>
  <node id="7984312305" version="1" timestamp="2020-10-07T09:08:46Z" uid="10210169" user="MonteGeneroso" changeset="92098066" lat="7.9947344" lon="124.2636403"/>
  <node id="7984312306" version="1" timestamp="2020-10-07T09:08:46Z" uid="10210169" user="MonteGeneroso" changeset="92098066" lat="7.9946587" lon="124.2636115"/>
  <node id="7984312307" version="1" timestamp="2020-10-07T09:08:46Z" uid="10210169" user="MonteGeneroso" changeset="92098066" lat="7.9945219" lon="124.263586"/>
  <node id="7984312308" version="1" timestamp="2020-10-07T09:08:46Z" uid="10210169" user="MonteGeneroso" changeset="92098066" lat="7.9943373" lon="124.26358"/>
  <node id="7984312309" version="1" timestamp="2020-10-07T09:08:46Z" uid="10210169" user="MonteGeneroso" changeset="92098066" lat="7.9942709" lon="124.2635854"/>
  <node id="7984312310" version="1" timestamp="2020-10-07T09:08:46Z" uid="10210169" user="MonteGeneroso" changeset="92098066" lat="7.9942377" lon="124.2635941"/>
  <node id="7984312311" version="1" timestamp="2020-10-07T09:08:46Z" uid="10210169" user="MonteGeneroso" changeset="92098066" lat="7.9942051" lon="124.2636142"/>
  <node id="7984312312" version="1" timestamp="2020-10-07T09:08:46Z" uid="10210169" user="MonteGeneroso" changeset="92098066" lat="7.994164" lon="124.263635"/>
  <node id="7984312313" version="1" timestamp="2020-10-07T09:08:46Z" uid="10210169" user="MonteGeneroso" changeset="92098066" lat="7.9941208" lon="124.2636417"/>
  <node id="7984312314" version="1" timestamp="2020-10-07T09:08:46Z" uid="10210169" user="MonteGeneroso" changeset="92098066" lat="7.9940278" lon="124.263635"/>
  <node id="7984312315" version="1" timestamp="2020-10-07T09:08:46Z" uid="10210169" user="MonteGeneroso" changeset="92098066" lat="7.9938924" lon="124.2636591"/>
  <node id="7984312316" version="1" timestamp="2020-10-07T09:08:46Z" uid="10210169" user="MonteGeneroso" changeset="92098066" lat="7.9937954" lon="124.2637034"/>
  <node id="7984312317" version="1" timestamp="2020-10-07T09:08:46Z" uid="10210169" user="MonteGeneroso" changeset="92098066" lat="7.993737" lon="124.2637651"/>
  <node id="7984312318" version="1" timestamp="2020-10-07T09:08:46Z" uid="10210169" user="MonteGeneroso" changeset="92098066" lat="7.993656" lon="124.2638844"/>
  <node id="7984312319" version="1" timestamp="2020-10-07T09:08:46Z" uid="10210169" user="MonteGeneroso" changeset="92098066" lat="7.9935789" lon="124.2639689"/>
  <node id="7984312320" version="1" timestamp="2020-10-07T09:08:46Z" uid="10210169" user="MonteGeneroso" changeset="92098066" lat="7.9926314" lon="124.2627348"/>
  <node id="7984312321" version="1" timestamp="2020-10-07T09:08:46Z" uid="10210169" user="MonteGeneroso" changeset="92098066" lat="7.9928272" lon="124.2627431"/>
  <node id="7984312322" version="1" timestamp="2020-10-07T09:08:46Z" uid="10210169" user="MonteGeneroso" changeset="92098066" lat="7.9929149" lon="124.2627317"/>
  <node id="7984312323" version="1" timestamp="2020-10-07T09:08:46Z" uid="10210169" user="MonteGeneroso" changeset="92098066" lat="7.9929494" lon="124.2627157"/>
  <node id="7984312324" version="1" timestamp="2020-10-07T09:08:46Z" uid="10210169" user="MonteGeneroso" changeset="92098066" lat="7.9929899" lon="124.2626613"/>
  <node id="7984312325" version="1" timestamp="2020-10-07T09:08:46Z" uid="10210169" user="MonteGeneroso" changeset="92098066" lat="7.9930238" lon="124.2626238"/>
  <node id="7984312326" version="1" timestamp="2020-10-07T09:08:46Z" uid="10210169" user="MonteGeneroso" changeset="92098066" lat="7.9930597" lon="124.262603"/>
  <node id="7984312327" version="1" timestamp="2020-10-07T09:08:46Z" uid="10210169" user="MonteGeneroso" changeset="92098066" lat="7.9931327" lon="124.2625809"/>
  <node id="7984312328" version="1" timestamp="2020-10-07T09:08:46Z" uid="10210169" user="MonteGeneroso" changeset="92098066" lat="7.9932131" lon="124.2625675"/>
  <node id="7984312329" version="1" timestamp="2020-10-07T09:08:46Z" uid="10210169" user="MonteGeneroso" changeset="92098066" lat="7.9932556" lon="124.2625453"/>
  <node id="7984312330" version="1" timestamp="2020-10-07T09:08:46Z" uid="10210169" user="MonteGeneroso" changeset="92098066" lat="7.9933027" lon="124.2624977"/>
  <node id="7984312331" version="1" timestamp="2020-10-07T09:08:46Z" uid="10210169" user="MonteGeneroso" changeset="92098066" lat="7.9933671" lon="124.2624287"/>
  <node id="7984312332" version="1" timestamp="2020-10-07T09:08:46Z" uid="10210169" user="MonteGeneroso" changeset="92098066" lat="7.9934249" lon="124.2623643"/>
  <node id="7984312333" version="1" timestamp="2020-10-07T09:08:46Z" uid="10210169" user="MonteGeneroso" changeset="92098066" lat="7.993472" lon="124.2623375"/>
  <node id="7984312334" version="1" timestamp="2020-10-07T09:08:46Z" uid="10210169" user="MonteGeneroso" changeset="92098066" lat="7.993557" lon="124.2623207"/>
  <node id="7984312335" version="1" timestamp="2020-10-07T09:08:46Z" uid="10210169" user="MonteGeneroso" changeset="92098066" lat="7.9936181" lon="124.2623133"/>
  <node id="7984312336" version="1" timestamp="2020-10-07T09:08:46Z" uid="10210169" user="MonteGeneroso" changeset="92098066" lat="7.9936573" lon="124.2623046"/>
  <node id="7984312337" version="1" timestamp="2020-10-07T09:08:46Z" uid="10210169" user="MonteGeneroso" changeset="92098066" lat="7.9937137" lon="124.2622704"/>
  <node id="7984312338" version="1" timestamp="2020-10-07T09:08:46Z" uid="10210169" user="MonteGeneroso" changeset="92098066" lat="7.9937469" lon="124.262251"/>
  <node id="7984312339" version="1" timestamp="2020-10-07T09:08:46Z" uid="10210169" user="MonteGeneroso" changeset="92098066" lat="7.9937728" lon="124.2622416"/>
  <node id="7984312340" version="1" timestamp="2020-10-07T09:08:46Z" uid="10210169" user="MonteGeneroso" changeset="92098066" lat="7.9938173" lon="124.2622335"/>
  <node id="7984312341" version="1" timestamp="2020-10-07T09:08:46Z" uid="10210169" user="MonteGeneroso" changeset="92098066" lat="7.9939103" lon="124.2622268"/>
  <node id="7984312342" version="1" timestamp="2020-10-07T09:08:46Z" uid="10210169" user="MonteGeneroso" changeset="92098066" lat="7.9939269" lon="124.2622221"/>
  <node id="7984312343" version="1" timestamp="2020-10-07T09:08:46Z" uid="10210169" user="MonteGeneroso" changeset="92098066" lat="7.9939329" lon="124.2622114"/>
  <node id="7984312344" version="1" timestamp="2020-10-07T09:08:46Z" uid="10210169" user="MonteGeneroso" changeset="92098066" lat="7.9939335" lon="124.2621879"/>
  <node id="7984312345" version="1" timestamp="2020-10-07T09:08:46Z" uid="10210169" user="MonteGeneroso" changeset="92098066" lat="7.9939329" lon="124.2621182"/>
  <node id="7984312346" version="1" timestamp="2020-10-07T09:08:46Z" uid="10210169" user="MonteGeneroso" changeset="92098066" lat="7.9939289" lon="124.2619995"/>
  <node id="7984312347" version="1" timestamp="2020-10-07T09:08:46Z" uid="10210169" user="MonteGeneroso" changeset="92098066" lat="7.9939183" lon="124.2619331"/>
  <node id="7984312348" version="1" timestamp="2020-10-07T09:08:46Z" uid="10210169" user="MonteGeneroso" changeset="92098066" lat="7.993905" lon="124.2618969"/>
  <node id="7984312349" version="1" timestamp="2020-10-07T09:08:46Z" uid="10210169" user="MonteGeneroso" changeset="92098066" lat="7.9938505" lon="124.2618238"/>
  <node id="7984312350" version="1" timestamp="2020-10-07T09:08:46Z" uid="10210169" user="MonteGeneroso" changeset="92098066" lat="7.9938253" lon="124.2617782"/>
  <node id="7984312351" version="1" timestamp="2020-10-07T09:08:46Z" uid="10210169" user="MonteGeneroso" changeset="92098066" lat="7.993818" lon="124.2617521"/>
  <node id="7984312352" version="1" timestamp="2020-10-07T09:08:46Z" uid="10210169" user="MonteGeneroso" changeset="92098066" lat="7.9937469" lon="124.2611043"/>
  <node id="7984312353" version="1" timestamp="2020-10-07T09:08:46Z" uid="10210169" user="MonteGeneroso" changeset="92098066" lat="7.9937536" lon="124.2611895"/>
  <node id="7984312354" version="1" timestamp="2020-10-07T09:08:46Z" uid="10210169" user="MonteGeneroso" changeset="92098066" lat="7.9937649" lon="124.2613095"/>
  <node id="7984312355" version="1" timestamp="2020-10-07T09:08:46Z" uid="10210169" user="MonteGeneroso" changeset="92098066" lat="7.9937921" lon="124.2614993"/>
  <node id="7984312356" version="2" timestamp="2020-10-07T09:23:21Z" uid="10210169" user="MonteGeneroso" changeset="92099231" lat="7.9914528" lon="124.2617021"/>
  <node id="7984312357" version="1" timestamp="2020-10-07T09:08:46Z" uid="10210169" user="MonteGeneroso" changeset="92098066" lat="7.9915005" lon="124.2617836"/>
  <node id="7984312358" version="1" timestamp="2020-10-07T09:08:46Z" uid="10210169" user="MonteGeneroso" changeset="92098066" lat="7.9915417" lon="124.2618513"/>
  <node id="7984312359" version="1" timestamp="2020-10-07T09:08:46Z" uid="10210169" user="MonteGeneroso" changeset="92098066" lat="7.9915828" lon="124.2618909"/>
  <node id="7984312360" version="1" timestamp="2020-10-07T09:08:46Z" uid="10210169" user="MonteGeneroso" changeset="92098066" lat="7.9916492" lon="124.2619278"/>
  <node id="7984312361" version="1" timestamp="2020-10-07T09:08:46Z" uid="10210169" user="MonteGeneroso" changeset="92098066" lat="7.9918206" lon="124.2619868"/>
  <node id="7984312362" version="1" timestamp="2020-10-07T09:08:46Z" uid="10210169" user="MonteGeneroso" changeset="92098066" lat="7.9921127" lon="124.2620967"/>
  <node id="7984312363" version="1" timestamp="2020-10-07T09:08:46Z" uid="10210169" user="MonteGeneroso" changeset="92098066" lat="7.9924893" lon="124.262257"/>
  <node id="7984312364" version="1" timestamp="2020-10-07T09:08:46Z" uid="10210169" user="MonteGeneroso" changeset="92098066" lat="7.9925736" lon="124.2622945"/>
  <node id="7984312365" version="1" timestamp="2020-10-07T09:08:46Z" uid="10210169" user="MonteGeneroso" changeset="92098066" lat="7.9925948" lon="124.2623133"/>
  <node id="7984312366" version="1" timestamp="2020-10-07T09:08:46Z" uid="10210169" user="MonteGeneroso" changeset="92098066" lat="7.9926035" lon="124.2623462"/>
  <node id="7984312367" version="1" timestamp="2020-10-07T09:08:46Z" uid="10210169" user="MonteGeneroso" changeset="92098066" lat="7.9926061" lon="124.2623784"/>
  <node id="7984312368" version="1" timestamp="2020-10-07T09:08:46Z" uid="10210169" user="MonteGeneroso" changeset="92098066" lat="7.9925975" lon="124.262422"/>
  <node id="7984312369" version="1" timestamp="2020-10-07T09:08:46Z" uid="10210169" user="MonteGeneroso" changeset="92098066" lat="7.9925636" lon="124.2625634"/>
  <node id="7984312370" version="1" timestamp="2020-10-07T09:08:46Z" uid="10210169" user="MonteGeneroso" changeset="92098066" lat="7.9925497" lon="124.2626446"/>
  <node id="7984312371" version="1" timestamp="2020-10-07T09:08:46Z" uid="10210169" user="MonteGeneroso" changeset="92098066" lat="7.992551" lon="124.2626613"/>
  <node id="7984312372" version="1" timestamp="2020-10-07T09:08:46Z" uid="10210169" user="MonteGeneroso" changeset="92098066" lat="7.992563" lon="124.2626848"/>
  <node id="7984312373" version="1" timestamp="2020-10-07T09:08:46Z" uid="10210169" user="MonteGeneroso" changeset="92098066" lat="7.9925988" lon="124.2627136"/>
  <node id="7984312374" version="1" timestamp="2020-10-07T09:08:46Z" uid="10210169" user="MonteGeneroso" changeset="92098066" lat="7.9927104" lon="124.2627861"/>
  <node id="7984312375" version="1" timestamp="2020-10-07T09:08:46Z" uid="10210169" user="MonteGeneroso" changeset="92098066" lat="7.9928485" lon="124.2629061"/>
  <node id="7984312376" version="1" timestamp="2020-10-07T09:08:46Z" uid="10210169" user="MonteGeneroso" changeset="92098066" lat="7.9929149" lon="124.2629624"/>
  <node id="7984312377" version="1" timestamp="2020-10-07T09:08:46Z" uid="10210169" user="MonteGeneroso" changeset="92098066" lat="7.9929647" lon="124.2630047"/>
  <node id="7984312378" version="1" timestamp="2020-10-07T09:08:46Z" uid="10210169" user="MonteGeneroso" changeset="92098066" lat="7.9930006" lon="124.2630301"/>
  <node id="7984312379" version="1" timestamp="2020-10-07T09:08:46Z" uid="10210169" user="MonteGeneroso" changeset="92098066" lat="7.9930497" lon="124.2630536"/>
  <node id="7984312380" version="1" timestamp="2020-10-07T09:08:46Z" uid="10210169" user="MonteGeneroso" changeset="92098066" lat="7.9931028" lon="124.2630871"/>
  <node id="7984312381" version="1" timestamp="2020-10-07T09:08:46Z" uid="10210169" user="MonteGeneroso" changeset="92098066" lat="7.9931307" lon="124.2631146"/>
  <node id="7984312382" version="1" timestamp="2020-10-07T09:08:46Z" uid="10210169" user="MonteGeneroso" changeset="92098066" lat="7.9931506" lon="124.2631461"/>
  <node id="7984312383" version="1" timestamp="2020-10-07T09:08:46Z" uid="10210169" user="MonteGeneroso" changeset="92098066" lat="7.9931559" lon="124.2631884"/>
  <node id="7984312384" version="1" timestamp="2020-10-07T09:08:46Z" uid="10210169" user="MonteGeneroso" changeset="92098066" lat="7.9931486" lon="124.2632917"/>
  <node id="7984312385" version="1" timestamp="2020-10-07T09:08:46Z" uid="10210169" user="MonteGeneroso" changeset="92098066" lat="7.997943" lon="124.2644142"/>
  <node id="7984312386" version="2" timestamp="2022-05-24T07:25:04Z" uid="5653955" user="Timmy_Tesseract" changeset="121405934" lat="7.9978872" lon="124.264205"/>
  <node id="7984312387" version="3" timestamp="2022-05-24T07:25:04Z" uid="5653955" user="Timmy_Tesseract" changeset="121405934" lat="7.9978739" lon="124.2641036"/>
  <node id="7984312388" version="2" timestamp="2022-05-24T07:25:04Z" uid="5653955" user="Timmy_Tesseract" changeset="121405934" lat="7.9975233" lon="124.2629577"/>
  <node id="7984312389" version="2" timestamp="2022-05-24T07:25:04Z" uid="5653955" user="Timmy_Tesseract" changeset="121405934" lat="7.9973892" lon="124.2629645"/>
  <node id="7984312390" version="1" timestamp="2020-10-07T09:08:46Z" uid="10210169" user="MonteGeneroso" changeset="92098066" lat="7.9924521" lon="124.2588727"/>
  <node id="7984312391" version="1" timestamp="2020-10-07T09:08:46Z" uid="10210169" user="MonteGeneroso" changeset="92098066" lat="7.9924365" lon="124.2589059"/>
  <node id="7984312392" version="1" timestamp="2020-10-07T09:08:46Z" uid="10210169" user="MonteGeneroso" changeset="92098066" lat="7.9924335" lon="124.2589173"/>
  <node id="7984312393" version="1" timestamp="2020-10-07T09:08:46Z" uid="10210169" user="MonteGeneroso" changeset="92098066" lat="7.9924335" lon="124.2589317"/>
  <node id="7984312394" version="1" timestamp="2020-10-07T09:08:46Z" uid="10210169" user="MonteGeneroso" changeset="92098066" lat="7.9924414" lon="124.2589495"/>
  <node id="7984312395" version="1" timestamp="2020-10-07T09:08:46Z" uid="10210169" user="MonteGeneroso" changeset="92098066" lat="7.9924627" lon="124.2589703"/>
  <node id="7984312396" version="1" timestamp="2020-10-07T09:08:46Z" uid="10210169" user="MonteGeneroso" changeset="92098066" lat="7.9927615" lon="124.2592348"/>
  <node id="7984312398" version="2" timestamp="2022-05-24T07:25:04Z" uid="5653955" user="Timmy_Tesseract" changeset="121405934" lat="7.9927575" lon="124.2569576"/>
  <node id="7984312399" version="2" timestamp="2022-05-24T07:25:04Z" uid="5653955" user="Timmy_Tesseract" changeset="121405934" lat="7.9927051" lon="124.2570046"/>
  <node id="7984312400" version="1" timestamp="2020-10-07T09:08:46Z" uid="10210169" user="MonteGeneroso" changeset="92098066" lat="7.9925251" lon="124.2572319"/>
  <node id="7984312401" version="1" timestamp="2020-10-07T09:08:46Z" uid="10210169" user="MonteGeneroso" changeset="92098066" lat="7.9922794" lon="124.2575953"/>
  <node id="7984312402" version="1" timestamp="2020-10-07T09:08:46Z" uid="10210169" user="MonteGeneroso" changeset="92098066" lat="7.9921765" lon="124.2577475"/>
  <node id="7984312403" version="1" timestamp="2020-10-07T09:08:46Z" uid="10210169" user="MonteGeneroso" changeset="92098066" lat="7.9920145" lon="124.2579313"/>
  <node id="7984312404" version="1" timestamp="2020-10-07T09:08:46Z" uid="10210169" user="MonteGeneroso" changeset="92098066" lat="7.9919461" lon="124.2579681"/>
  <node id="7984312405" version="1" timestamp="2020-10-07T09:08:46Z" uid="10210169" user="MonteGeneroso" changeset="92098066" lat="7.9917415" lon="124.2580627"/>
  <node id="7984312406" version="1" timestamp="2020-10-07T09:08:46Z" uid="10210169" user="MonteGeneroso" changeset="92098066" lat="7.9916253" lon="124.2581311"/>
  <node id="7984312407" version="1" timestamp="2020-10-07T09:08:46Z" uid="10210169" user="MonteGeneroso" changeset="92098066" lat="7.9915828" lon="124.258166"/>
  <node id="7984312408" version="2" timestamp="2020-10-07T11:35:22Z" uid="10210169" user="MonteGeneroso" changeset="92109186" lat="7.9907236" lon="124.2590216"/>
  <node id="7984312409" version="1" timestamp="2020-10-07T09:08:46Z" uid="10210169" user="MonteGeneroso" changeset="92098066" lat="7.9915456" lon="124.2589673"/>
  <node id="7984312410" version="1" timestamp="2020-10-07T09:08:46Z" uid="10210169" user="MonteGeneroso" changeset="92098066" lat="7.9916214" lon="124.259035"/>
  <node id="7984312411" version="1" timestamp="2020-10-07T09:08:46Z" uid="10210169" user="MonteGeneroso" changeset="92098066" lat="7.9916964" lon="124.2590974"/>
  <node id="7984312412" version="1" timestamp="2020-10-07T09:08:46Z" uid="10210169" user="MonteGeneroso" changeset="92098066" lat="7.9916247" lon="124.2592871"/>
  <node id="7984312413" version="1" timestamp="2020-10-07T09:08:46Z" uid="10210169" user="MonteGeneroso" changeset="92098066" lat="7.9918518" lon="124.259265"/>
  <node id="7984312414" version="1" timestamp="2020-10-07T09:08:46Z" uid="10210169" user="MonteGeneroso" changeset="92098066" lat="7.9920932" lon="124.2594886"/>
  <node id="7984312415" version="1" timestamp="2020-10-07T09:08:46Z" uid="10210169" user="MonteGeneroso" changeset="92098066" lat="7.9951593" lon="124.2614604"/>
  <node id="7984312416" version="1" timestamp="2020-10-07T09:08:46Z" uid="10210169" user="MonteGeneroso" changeset="92098066" lat="7.9946885" lon="124.2613269"/>
  <node id="7984312417" version="1" timestamp="2020-10-07T09:08:46Z" uid="10210169" user="MonteGeneroso" changeset="92098066" lat="7.9939754" lon="124.2611311"/>
  <node id="7984312418" version="1" timestamp="2020-10-07T09:08:46Z" uid="10210169" user="MonteGeneroso" changeset="92098066" lat="7.9933113" lon="124.26094"/>
  <node id="7984312419" version="1" timestamp="2020-10-07T09:08:46Z" uid="10210169" user="MonteGeneroso" changeset="92098066" lat="7.9927847" lon="124.2607972"/>
  <node id="7984312420" version="1" timestamp="2020-10-07T09:08:46Z" uid="10210169" user="MonteGeneroso" changeset="92098066" lat="7.9926592" lon="124.2607603"/>
  <node id="7984312421" version="1" timestamp="2020-10-07T09:08:46Z" uid="10210169" user="MonteGeneroso" changeset="92098066" lat="7.9924673" lon="124.2606879"/>
  <node id="7984312422" version="1" timestamp="2020-10-07T09:08:46Z" uid="10210169" user="MonteGeneroso" changeset="92098066" lat="7.992379" lon="124.2605779"/>
  <node id="7984312423" version="1" timestamp="2020-10-07T09:08:46Z" uid="10210169" user="MonteGeneroso" changeset="92098066" lat="7.992298" lon="124.2604445"/>
  <node id="7984312424" version="1" timestamp="2020-10-07T09:08:46Z" uid="10210169" user="MonteGeneroso" changeset="92098066" lat="7.9922409" lon="124.2604968"/>
  <node id="7984312425" version="1" timestamp="2020-10-07T09:08:46Z" uid="10210169" user="MonteGeneroso" changeset="92098066" lat="7.9917913" lon="124.2597538"/>
  <node id="7984312426" version="1" timestamp="2020-10-07T09:08:46Z" uid="10210169" user="MonteGeneroso" changeset="92098066" lat="7.9920384" lon="124.2599811"/>
  <node id="7984362748" version="1" timestamp="2020-10-07T09:23:21Z" uid="10210169" user="MonteGeneroso" changeset="92099231" lat="7.9859903" lon="124.2534285"/>
  <node id="7984362749" version="1" timestamp="2020-10-07T09:23:21Z" uid="10210169" user="MonteGeneroso" changeset="92099231" lat="7.9860739" lon="124.2532957"/>
  <node id="7984362750" version="1" timestamp="2020-10-07T09:23:21Z" uid="10210169" user="MonteGeneroso" changeset="92099231" lat="7.9862353" lon="124.2529638"/>
  <node id="7984362751" version="1" timestamp="2020-10-07T09:23:21Z" uid="10210169" user="MonteGeneroso" changeset="92099231" lat="7.9863196" lon="124.2527861"/>
  <node id="7984362752" version="1" timestamp="2020-10-07T09:23:21Z" uid="10210169" user="MonteGeneroso" changeset="92099231" lat="7.9863568" lon="124.2527023"/>
  <node id="7984362753" version="1" timestamp="2020-10-07T09:23:21Z" uid="10210169" user="MonteGeneroso" changeset="92099231" lat="7.9864225" lon="124.252601"/>
  <node id="7984362754" version="1" timestamp="2020-10-07T09:23:21Z" uid="10210169" user="MonteGeneroso" changeset="92099231" lat="7.9864684" lon="124.2525689"/>
  <node id="7984362755" version="1" timestamp="2020-10-07T09:23:21Z" uid="10210169" user="MonteGeneroso" changeset="92099231" lat="7.9865235" lon="124.2525541"/>
  <node id="7984362756" version="1" timestamp="2020-10-07T09:23:21Z" uid="10210169" user="MonteGeneroso" changeset="92099231" lat="7.9865713" lon="124.2525534"/>
  <node id="7984362757" version="1" timestamp="2020-10-07T09:23:21Z" uid="10210169" user="MonteGeneroso" changeset="92099231" lat="7.9865939" lon="124.2525588"/>
  <node id="7984362758" version="1" timestamp="2020-10-07T09:23:21Z" uid="10210169" user="MonteGeneroso" changeset="92099231" lat="7.9867592" lon="124.2526178"/>
  <node id="7984362759" version="1" timestamp="2020-10-07T09:23:21Z" uid="10210169" user="MonteGeneroso" changeset="92099231" lat="7.9870746" lon="124.252766"/>
  <node id="7984362760" version="1" timestamp="2020-10-07T09:23:21Z" uid="10210169" user="MonteGeneroso" changeset="92099231" lat="7.9872367" lon="124.2528109"/>
  <node id="7984362761" version="1" timestamp="2020-10-07T09:23:21Z" uid="10210169" user="MonteGeneroso" changeset="92099231" lat="7.9873263" lon="124.2528243"/>
  <node id="7984362762" version="1" timestamp="2020-10-07T09:23:21Z" uid="10210169" user="MonteGeneroso" changeset="92099231" lat="7.9873974" lon="124.2528371"/>
  <node id="7984362763" version="1" timestamp="2020-10-07T09:23:21Z" uid="10210169" user="MonteGeneroso" changeset="92099231" lat="7.9874771" lon="124.2528552"/>
  <node id="7984362764" version="1" timestamp="2020-10-07T09:23:21Z" uid="10210169" user="MonteGeneroso" changeset="92099231" lat="7.9876563" lon="124.2529263"/>
  <node id="7984362765" version="1" timestamp="2020-10-07T09:23:21Z" uid="10210169" user="MonteGeneroso" changeset="92099231" lat="7.9878177" lon="124.2529786"/>
  <node id="7984362766" version="1" timestamp="2020-10-07T09:23:21Z" uid="10210169" user="MonteGeneroso" changeset="92099231" lat="7.9878961" lon="124.2530228"/>
  <node id="7984362767" version="1" timestamp="2020-10-07T09:23:21Z" uid="10210169" user="MonteGeneroso" changeset="92099231" lat="7.9879359" lon="124.2530644"/>
  <node id="7984362768" version="1" timestamp="2020-10-07T09:23:21Z" uid="10210169" user="MonteGeneroso" changeset="92099231" lat="7.987989" lon="124.2531328"/>
  <node id="7984362769" version="1" timestamp="2020-10-07T09:23:21Z" uid="10210169" user="MonteGeneroso" changeset="92099231" lat="7.9881019" lon="124.253334"/>
  <node id="7984362770" version="1" timestamp="2020-10-07T09:23:21Z" uid="10210169" user="MonteGeneroso" changeset="92099231" lat="7.9881365" lon="124.2533836"/>
  <node id="7984362771" version="1" timestamp="2020-10-07T09:23:21Z" uid="10210169" user="MonteGeneroso" changeset="92099231" lat="7.9881697" lon="124.2534144"/>
  <node id="7984362772" version="1" timestamp="2020-10-07T09:23:21Z" uid="10210169" user="MonteGeneroso" changeset="92099231" lat="7.9916964" lon="124.2556547"/>
  <node id="7984362773" version="1" timestamp="2020-10-07T09:23:21Z" uid="10210169" user="MonteGeneroso" changeset="92099231" lat="7.9913498" lon="124.2554831"/>
  <node id="7984362774" version="1" timestamp="2020-10-07T09:23:21Z" uid="10210169" user="MonteGeneroso" changeset="92099231" lat="7.9910981" lon="124.2553577"/>
  <node id="7984362775" version="1" timestamp="2020-10-07T09:23:21Z" uid="10210169" user="MonteGeneroso" changeset="92099231" lat="7.9909706" lon="124.2552806"/>
  <node id="7984362776" version="1" timestamp="2020-10-07T09:23:21Z" uid="10210169" user="MonteGeneroso" changeset="92099231" lat="7.9899878" lon="124.2545939"/>
  <node id="7984362777" version="1" timestamp="2020-10-07T09:23:21Z" uid="10210169" user="MonteGeneroso" changeset="92099231" lat="7.9896684" lon="124.2543733"/>
  <node id="7984362778" version="1" timestamp="2020-10-07T09:23:21Z" uid="10210169" user="MonteGeneroso" changeset="92099231" lat="7.989268" lon="124.2540756"/>
  <node id="7984362779" version="1" timestamp="2020-10-07T09:23:21Z" uid="10210169" user="MonteGeneroso" changeset="92099231" lat="7.9890369" lon="124.253912"/>
  <node id="7984362780" version="1" timestamp="2020-10-07T09:23:21Z" uid="10210169" user="MonteGeneroso" changeset="92099231" lat="7.9951195" lon="124.2587954"/>
  <node id="7984362781" version="1" timestamp="2020-10-07T09:23:21Z" uid="10210169" user="MonteGeneroso" changeset="92099231" lat="7.994907" lon="124.2592522"/>
  <node id="7984362782" version="1" timestamp="2020-10-07T09:23:21Z" uid="10210169" user="MonteGeneroso" changeset="92099231" lat="7.995089" lon="124.2600408"/>
  <node id="7984362783" version="1" timestamp="2020-10-07T09:23:21Z" uid="10210169" user="MonteGeneroso" changeset="92099231" lat="7.9950206" lon="124.2602762"/>
  <node id="7984362784" version="1" timestamp="2020-10-07T09:23:21Z" uid="10210169" user="MonteGeneroso" changeset="92099231" lat="7.9949814" lon="124.2604116"/>
  <node id="7984362985" version="1" timestamp="2020-10-07T09:23:21Z" uid="10210169" user="MonteGeneroso" changeset="92099231" lat="7.9949588" lon="124.2604566"/>
  <node id="7984362986" version="1" timestamp="2020-10-07T09:23:21Z" uid="10210169" user="MonteGeneroso" changeset="92099231" lat="7.9949329" lon="124.260476"/>
  <node id="7984362987" version="1" timestamp="2020-10-07T09:23:21Z" uid="10210169" user="MonteGeneroso" changeset="92099231" lat="7.9948957" lon="124.2604827"/>
  <node id="7984362988" version="1" timestamp="2020-10-07T09:23:21Z" uid="10210169" user="MonteGeneroso" changeset="92099231" lat="7.99416" lon="124.2588928"/>
  <node id="7984362989" version="1" timestamp="2020-10-07T09:23:21Z" uid="10210169" user="MonteGeneroso" changeset="92099231" lat="7.9941799" lon="124.2588653"/>
  <node id="7984362990" version="1" timestamp="2020-10-07T09:23:21Z" uid="10210169" user="MonteGeneroso" changeset="92099231" lat="7.9942224" lon="124.2588117"/>
  <node id="7984362991" version="1" timestamp="2020-10-07T09:23:21Z" uid="10210169" user="MonteGeneroso" changeset="92099231" lat="7.9942264" lon="124.2587916"/>
  <node id="7984362992" version="1" timestamp="2020-10-07T09:23:21Z" uid="10210169" user="MonteGeneroso" changeset="92099231" lat="7.994225" lon="124.2587721"/>
  <node id="7984362993" version="1" timestamp="2020-10-07T09:23:21Z" uid="10210169" user="MonteGeneroso" changeset="92099231" lat="7.9942118" lon="124.258752"/>
  <node id="7984362994" version="1" timestamp="2020-10-07T09:23:21Z" uid="10210169" user="MonteGeneroso" changeset="92099231" lat="7.9941898" lon="124.2587259"/>
  <node id="7984362995" version="1" timestamp="2020-10-07T09:23:21Z" uid="10210169" user="MonteGeneroso" changeset="92099231" lat="7.9925523" lon="124.2579688"/>
  <node id="7984362996" version="1" timestamp="2020-10-07T09:23:21Z" uid="10210169" user="MonteGeneroso" changeset="92099231" lat="7.9929109" lon="124.258351"/>
  <node id="7984362997" version="1" timestamp="2020-10-07T09:23:21Z" uid="10210169" user="MonteGeneroso" changeset="92099231" lat="7.9935391" lon="124.2588861"/>
  <node id="7984362998" version="1" timestamp="2020-10-07T09:23:21Z" uid="10210169" user="MonteGeneroso" changeset="92099231" lat="7.9937722" lon="124.2609206"/>
  <node id="7984362999" version="1" timestamp="2020-10-07T09:23:21Z" uid="10210169" user="MonteGeneroso" changeset="92099231" lat="7.9937775" lon="124.2606825"/>
  <node id="7984363000" version="1" timestamp="2020-10-07T09:23:21Z" uid="10210169" user="MonteGeneroso" changeset="92099231" lat="7.9937635" lon="124.2606208"/>
  <node id="7984363001" version="1" timestamp="2020-10-07T09:23:21Z" uid="10210169" user="MonteGeneroso" changeset="92099231" lat="7.9936732" lon="124.2605377"/>
  <node id="7984363002" version="2" timestamp="2026-05-23T18:04:04Z" uid="24046365" user="Ainie Mac" changeset="183079088" lat="7.9935262" lon="124.2604668"/>
  <node id="7984363003" version="2" timestamp="2026-05-23T18:04:04Z" uid="24046365" user="Ainie Mac" changeset="183079088" lat="7.9934481" lon="124.2604556"/>
  <node id="7984363004" version="1" timestamp="2020-10-07T09:23:21Z" uid="10210169" user="MonteGeneroso" changeset="92099231" lat="7.9932376" lon="124.2604686"/>
  <node id="7984363005" version="1" timestamp="2020-10-07T09:23:21Z" uid="10210169" user="MonteGeneroso" changeset="92099231" lat="7.9931838" lon="124.2604934"/>
  <node id="7984363006" version="1" timestamp="2020-10-07T09:23:21Z" uid="10210169" user="MonteGeneroso" changeset="92099231" lat="7.9944342" lon="124.2618895"/>
  <node id="7984363007" version="1" timestamp="2020-10-07T09:23:21Z" uid="10210169" user="MonteGeneroso" changeset="92099231" lat="7.994393" lon="124.2613256"/>
  <node id="7984363008" version="1" timestamp="2020-10-07T09:23:21Z" uid="10210169" user="MonteGeneroso" changeset="92099231" lat="7.9943884" lon="124.2613947"/>
  <node id="7984363009" version="1" timestamp="2020-10-07T09:23:21Z" uid="10210169" user="MonteGeneroso" changeset="92099231" lat="7.9943904" lon="124.2614832"/>
  <node id="7984363010" version="1" timestamp="2020-10-07T09:23:21Z" uid="10210169" user="MonteGeneroso" changeset="92099231" lat="7.9944003" lon="124.2615885"/>
  <node id="7984363011" version="1" timestamp="2020-10-07T09:23:21Z" uid="10210169" user="MonteGeneroso" changeset="92099231" lat="7.990701" lon="124.2606644"/>
  <node id="7984363012" version="1" timestamp="2020-10-07T09:23:21Z" uid="10210169" user="MonteGeneroso" changeset="92099231" lat="7.9910914" lon="124.2608602"/>
  <node id="7984363013" version="1" timestamp="2020-10-07T09:23:21Z" uid="10210169" user="MonteGeneroso" changeset="92099231" lat="7.9912322" lon="124.2609541"/>
  <node id="7984363014" version="1" timestamp="2020-10-07T09:23:21Z" uid="10210169" user="MonteGeneroso" changeset="92099231" lat="7.99128" lon="124.2610332"/>
  <node id="7984363015" version="1" timestamp="2020-10-07T09:23:21Z" uid="10210169" user="MonteGeneroso" changeset="92099231" lat="7.9913066" lon="124.261111"/>
  <node id="7984363016" version="1" timestamp="2020-10-07T09:23:21Z" uid="10210169" user="MonteGeneroso" changeset="92099231" lat="7.9913159" lon="124.2612237"/>
  <node id="7984363017" version="1" timestamp="2020-10-07T09:23:21Z" uid="10210169" user="MonteGeneroso" changeset="92099231" lat="7.9913106" lon="124.2613739"/>
  <node id="7984363018" version="1" timestamp="2020-10-07T09:23:21Z" uid="10210169" user="MonteGeneroso" changeset="92099231" lat="7.9913292" lon="124.2615066"/>
  <node id="7984363019" version="1" timestamp="2020-10-07T09:23:21Z" uid="10210169" user="MonteGeneroso" changeset="92099231" lat="7.991373" lon="124.2615871"/>
  <node id="7984363020" version="1" timestamp="2020-10-07T09:23:21Z" uid="10210169" user="MonteGeneroso" changeset="92099231" lat="7.9900436" lon="124.2630449"/>
  <node id="7984363021" version="1" timestamp="2020-10-07T09:23:21Z" uid="10210169" user="MonteGeneroso" changeset="92099231" lat="7.9899745" lon="124.2630784"/>
  <node id="7984363022" version="1" timestamp="2020-10-07T09:23:21Z" uid="10210169" user="MonteGeneroso" changeset="92099231" lat="7.9898829" lon="124.2631669"/>
  <node id="7984363023" version="1" timestamp="2020-10-07T09:23:21Z" uid="10210169" user="MonteGeneroso" changeset="92099231" lat="7.9897913" lon="124.2632769"/>
  <node id="7984389481" version="1" timestamp="2020-10-07T09:32:25Z" uid="10210169" user="MonteGeneroso" changeset="92099905" lat="7.9920955" lon="124.2551227"/>
  <node id="7984389482" version="1" timestamp="2020-10-07T09:32:25Z" uid="10210169" user="MonteGeneroso" changeset="92099905" lat="7.9920792" lon="124.2551602"/>
  <node id="7984389483" version="1" timestamp="2020-10-07T09:32:25Z" uid="10210169" user="MonteGeneroso" changeset="92099905" lat="7.9920596" lon="124.2552071"/>
  <node id="7984389484" version="1" timestamp="2020-10-07T09:32:25Z" uid="10210169" user="MonteGeneroso" changeset="92099905" lat="7.9920516" lon="124.255238"/>
  <node id="7984390185" version="1" timestamp="2020-10-07T09:32:25Z" uid="10210169" user="MonteGeneroso" changeset="92099905" lat="7.992046" lon="124.2552698"/>
  <node id="7984390186" version="1" timestamp="2020-10-07T09:32:25Z" uid="10210169" user="MonteGeneroso" changeset="92099905" lat="7.9920477" lon="124.2552916"/>
  <node id="7984390187" version="1" timestamp="2020-10-07T09:32:25Z" uid="10210169" user="MonteGeneroso" changeset="92099905" lat="7.9920563" lon="124.2553248"/>
  <node id="7984390188" version="1" timestamp="2020-10-07T09:32:25Z" uid="10210169" user="MonteGeneroso" changeset="92099905" lat="7.9920609" lon="124.2553604"/>
  <node id="7984390189" version="1" timestamp="2020-10-07T09:32:25Z" uid="10210169" user="MonteGeneroso" changeset="92099905" lat="7.9920603" lon="124.2554335"/>
  <node id="7984390190" version="1" timestamp="2020-10-07T09:32:25Z" uid="10210169" user="MonteGeneroso" changeset="92099905" lat="7.9920603" lon="124.2555186"/>
  <node id="7984390191" version="1" timestamp="2020-10-07T09:32:25Z" uid="10210169" user="MonteGeneroso" changeset="92099905" lat="7.9920523" lon="124.2556212"/>
  <node id="7984390192" version="1" timestamp="2020-10-07T09:32:25Z" uid="10210169" user="MonteGeneroso" changeset="92099905" lat="7.9920357" lon="124.2556608"/>
  <node id="7984390193" version="1" timestamp="2020-10-07T09:32:25Z" uid="10210169" user="MonteGeneroso" changeset="92099905" lat="7.9920151" lon="124.2557003"/>
  <node id="7984390194" version="1" timestamp="2020-10-07T09:32:25Z" uid="10210169" user="MonteGeneroso" changeset="92099905" lat="7.9919833" lon="124.2557493"/>
  <node id="7984390195" version="1" timestamp="2020-10-07T09:32:25Z" uid="10210169" user="MonteGeneroso" changeset="92099905" lat="7.9896206" lon="124.255241"/>
  <node id="7984390196" version="1" timestamp="2020-10-07T09:32:25Z" uid="10210169" user="MonteGeneroso" changeset="92099905" lat="7.9893483" lon="124.2541354"/>
  <node id="7984390197" version="1" timestamp="2020-10-07T09:32:25Z" uid="10210169" user="MonteGeneroso" changeset="92099905" lat="7.989359" lon="124.2543029"/>
  <node id="7984390198" version="1" timestamp="2020-10-07T09:32:25Z" uid="10210169" user="MonteGeneroso" changeset="92099905" lat="7.9893782" lon="124.2544182"/>
  <node id="7984390199" version="1" timestamp="2020-10-07T09:32:25Z" uid="10210169" user="MonteGeneroso" changeset="92099905" lat="7.9893968" lon="124.2544947"/>
  <node id="7984390200" version="1" timestamp="2020-10-07T09:32:25Z" uid="10210169" user="MonteGeneroso" changeset="92099905" lat="7.9893988" lon="124.254553"/>
  <node id="7984390201" version="1" timestamp="2020-10-07T09:32:25Z" uid="10210169" user="MonteGeneroso" changeset="92099905" lat="7.9893915" lon="124.2546047"/>
  <node id="7984390202" version="1" timestamp="2020-10-07T09:32:25Z" uid="10210169" user="MonteGeneroso" changeset="92099905" lat="7.9893855" lon="124.2546523"/>
  <node id="7984390203" version="1" timestamp="2020-10-07T09:32:25Z" uid="10210169" user="MonteGeneroso" changeset="92099905" lat="7.9893868" lon="124.2546979"/>
  <node id="7984390204" version="1" timestamp="2020-10-07T09:32:25Z" uid="10210169" user="MonteGeneroso" changeset="92099905" lat="7.9894048" lon="124.2547381"/>
  <node id="7984390205" version="1" timestamp="2020-10-07T09:32:25Z" uid="10210169" user="MonteGeneroso" changeset="92099905" lat="7.9894307" lon="124.2547911"/>
  <node id="7984390206" version="1" timestamp="2020-10-07T09:32:25Z" uid="10210169" user="MonteGeneroso" changeset="92099905" lat="7.9894851" lon="124.2549178"/>
  <node id="7984390207" version="1" timestamp="2020-10-07T09:32:25Z" uid="10210169" user="MonteGeneroso" changeset="92099905" lat="7.9895774" lon="124.2551404"/>
  <node id="7984390208" version="1" timestamp="2020-10-07T09:32:25Z" uid="10210169" user="MonteGeneroso" changeset="92099905" lat="7.9896282" lon="124.2552829"/>
  <node id="7984390209" version="1" timestamp="2020-10-07T09:32:25Z" uid="10210169" user="MonteGeneroso" changeset="92099905" lat="7.9896349" lon="124.2553309"/>
  <node id="7984390210" version="1" timestamp="2020-10-07T09:32:25Z" uid="10210169" user="MonteGeneroso" changeset="92099905" lat="7.9896418" lon="124.2553657"/>
  <node id="7984390211" version="1" timestamp="2020-10-07T09:32:25Z" uid="10210169" user="MonteGeneroso" changeset="92099905" lat="7.9896724" lon="124.255416"/>
  <node id="7984390212" version="1" timestamp="2020-10-07T09:32:25Z" uid="10210169" user="MonteGeneroso" changeset="92099905" lat="7.9897248" lon="124.255469"/>
  <node id="7984390213" version="1" timestamp="2020-10-07T09:32:25Z" uid="10210169" user="MonteGeneroso" changeset="92099905" lat="7.9897952" lon="124.2555387"/>
  <node id="7984390214" version="1" timestamp="2020-10-07T09:32:25Z" uid="10210169" user="MonteGeneroso" changeset="92099905" lat="7.9899387" lon="124.2557184"/>
  <node id="7984390215" version="1" timestamp="2020-10-07T09:32:25Z" uid="10210169" user="MonteGeneroso" changeset="92099905" lat="7.9900994" lon="124.2558941"/>
  <node id="7984390216" version="1" timestamp="2020-10-07T09:32:25Z" uid="10210169" user="MonteGeneroso" changeset="92099905" lat="7.9902375" lon="124.2560041"/>
  <node id="7984390217" version="1" timestamp="2020-10-07T09:32:25Z" uid="10210169" user="MonteGeneroso" changeset="92099905" lat="7.9904633" lon="124.2561315"/>
  <node id="7984390218" version="1" timestamp="2020-10-07T09:32:25Z" uid="10210169" user="MonteGeneroso" changeset="92099905" lat="7.990689" lon="124.2562522"/>
  <node id="7984390219" version="1" timestamp="2020-10-07T09:32:25Z" uid="10210169" user="MonteGeneroso" changeset="92099905" lat="7.9910692" lon="124.2564137"/>
  <node id="7984390220" version="1" timestamp="2020-10-07T09:32:25Z" uid="10210169" user="MonteGeneroso" changeset="92099905" lat="7.9908384" lon="124.2569449"/>
  <node id="7984390221" version="1" timestamp="2020-10-07T09:32:25Z" uid="10210169" user="MonteGeneroso" changeset="92099905" lat="7.9910855" lon="124.2563763"/>
  <node id="7984390222" version="1" timestamp="2020-10-07T09:32:25Z" uid="10210169" user="MonteGeneroso" changeset="92099905" lat="7.9911193" lon="124.2563079"/>
  <node id="7984390223" version="1" timestamp="2020-10-07T09:32:25Z" uid="10210169" user="MonteGeneroso" changeset="92099905" lat="7.9911393" lon="124.2562971"/>
  <node id="7984390224" version="1" timestamp="2020-10-07T09:32:25Z" uid="10210169" user="MonteGeneroso" changeset="92099905" lat="7.9911585" lon="124.2562991"/>
  <node id="7984390225" version="1" timestamp="2020-10-07T09:32:25Z" uid="10210169" user="MonteGeneroso" changeset="92099905" lat="7.9911917" lon="124.2563146"/>
  <node id="7984390226" version="1" timestamp="2020-10-07T09:32:25Z" uid="10210169" user="MonteGeneroso" changeset="92099905" lat="7.9912966" lon="124.2563649"/>
  <node id="7984390227" version="1" timestamp="2020-10-07T09:32:25Z" uid="10210169" user="MonteGeneroso" changeset="92099905" lat="7.9914261" lon="124.2564138"/>
  <node id="7984390228" version="1" timestamp="2020-10-07T09:32:25Z" uid="10210169" user="MonteGeneroso" changeset="92099905" lat="7.9914719" lon="124.2564252"/>
  <node id="7984390229" version="1" timestamp="2020-10-07T09:32:25Z" uid="10210169" user="MonteGeneroso" changeset="92099905" lat="7.9915204" lon="124.2564178"/>
  <node id="7984390230" version="1" timestamp="2020-10-07T09:32:25Z" uid="10210169" user="MonteGeneroso" changeset="92099905" lat="7.9915649" lon="124.256399"/>
  <node id="7984390231" version="1" timestamp="2020-10-07T09:32:25Z" uid="10210169" user="MonteGeneroso" changeset="92099905" lat="7.9915955" lon="124.2563796"/>
  <node id="7984390232" version="3" timestamp="2022-05-24T07:25:04Z" uid="5653955" user="Timmy_Tesseract" changeset="121405934" lat="8.0007046" lon="124.2586756"/>
  <node id="7984390233" version="2" timestamp="2020-11-07T09:46:36Z" uid="10811350" user="Dunajec5" changeset="93700605" lat="8.0002883" lon="124.2591061"/>
  <node id="7984390235" version="1" timestamp="2020-10-07T09:32:25Z" uid="10210169" user="MonteGeneroso" changeset="92099905" lat="7.9989576" lon="124.2592764"/>
  <node id="7984390236" version="1" timestamp="2020-10-07T09:32:25Z" uid="10210169" user="MonteGeneroso" changeset="92099905" lat="7.9985911" lon="124.2591919"/>
  <node id="7984390237" version="1" timestamp="2020-10-07T09:32:25Z" uid="10210169" user="MonteGeneroso" changeset="92099905" lat="8.0003471" lon="124.2602993"/>
  <node id="7984390238" version="1" timestamp="2020-10-07T09:32:25Z" uid="10210169" user="MonteGeneroso" changeset="92099905" lat="8.0006296" lon="124.2601233"/>
  <node id="7984390243" version="1" timestamp="2020-10-07T09:32:25Z" uid="10210169" user="MonteGeneroso" changeset="92099905" lat="8.0003919" lon="124.263749"/>
  <node id="7984390244" version="1" timestamp="2020-10-07T09:32:25Z" uid="10210169" user="MonteGeneroso" changeset="92099905" lat="8.0002764" lon="124.263694"/>
  <node id="7984390245" version="1" timestamp="2020-10-07T09:32:25Z" uid="10210169" user="MonteGeneroso" changeset="92099905" lat="8.0001768" lon="124.2636806"/>
  <node id="7984390246" version="1" timestamp="2020-10-07T09:32:25Z" uid="10210169" user="MonteGeneroso" changeset="92099905" lat="7.9972394" lon="124.2597491"/>
  <node id="7984390247" version="1" timestamp="2020-10-07T09:32:25Z" uid="10210169" user="MonteGeneroso" changeset="92099905" lat="7.9972069" lon="124.259787"/>
  <node id="7984390248" version="1" timestamp="2020-10-07T09:32:25Z" uid="10210169" user="MonteGeneroso" changeset="92099905" lat="7.9971634" lon="124.2598041"/>
  <node id="7984390249" version="1" timestamp="2020-10-07T09:32:25Z" uid="10210169" user="MonteGeneroso" changeset="92099905" lat="7.9971109" lon="124.2598095"/>
  <node id="7984390250" version="1" timestamp="2020-10-07T09:32:25Z" uid="10210169" user="MonteGeneroso" changeset="92099905" lat="7.9970445" lon="124.2598028"/>
  <node id="7984390251" version="1" timestamp="2020-10-07T09:32:25Z" uid="10210169" user="MonteGeneroso" changeset="92099905" lat="7.9966109" lon="124.2596439"/>
  <node id="7984390252" version="1" timestamp="2020-10-07T09:32:25Z" uid="10210169" user="MonteGeneroso" changeset="92099905" lat="7.997004" lon="124.2597941"/>
  <node id="7984390253" version="1" timestamp="2020-10-07T09:32:25Z" uid="10210169" user="MonteGeneroso" changeset="92099905" lat="7.9971793" lon="124.2598021"/>
  <node id="7984390254" version="1" timestamp="2020-10-07T09:32:25Z" uid="10210169" user="MonteGeneroso" changeset="92099905" lat="7.9972242" lon="124.2597756"/>
  <node id="7984390255" version="1" timestamp="2020-10-07T09:32:25Z" uid="10210169" user="MonteGeneroso" changeset="92099905" lat="7.9972564" lon="124.2597109"/>
  <node id="7984390256" version="1" timestamp="2020-10-07T09:32:25Z" uid="10210169" user="MonteGeneroso" changeset="92099905" lat="7.9973201" lon="124.2595607"/>
  <node id="7984390257" version="1" timestamp="2020-10-07T09:32:25Z" uid="10210169" user="MonteGeneroso" changeset="92099905" lat="7.9974157" lon="124.2592469"/>
  <node id="7984390258" version="2" timestamp="2022-05-24T07:25:04Z" uid="5653955" user="Timmy_Tesseract" changeset="121405934" lat="7.9936659" lon="124.2561972"/>
  <node id="7984390259" version="1" timestamp="2020-10-07T09:32:25Z" uid="10210169" user="MonteGeneroso" changeset="92099905" lat="7.9936035" lon="124.2562529"/>
  <node id="7984390260" version="1" timestamp="2020-10-07T09:32:25Z" uid="10210169" user="MonteGeneroso" changeset="92099905" lat="7.9935178" lon="124.2563052"/>
  <node id="7984390261" version="1" timestamp="2020-10-07T09:32:25Z" uid="10210169" user="MonteGeneroso" changeset="92099905" lat="7.993154" lon="124.2564742"/>
  <node id="7984390262" version="1" timestamp="2020-10-07T09:32:25Z" uid="10210169" user="MonteGeneroso" changeset="92099905" lat="7.9930543" lon="124.2562965"/>
  <node id="7984390263" version="1" timestamp="2020-10-07T09:32:25Z" uid="10210169" user="MonteGeneroso" changeset="92099905" lat="7.9927662" lon="124.2561905"/>
  <node id="7984390264" version="1" timestamp="2020-10-07T09:32:25Z" uid="10210169" user="MonteGeneroso" changeset="92099905" lat="7.9925072" lon="124.2560738"/>
  <node id="7984390265" version="1" timestamp="2020-10-07T09:32:25Z" uid="10210169" user="MonteGeneroso" changeset="92099905" lat="7.9922057" lon="124.2559277"/>
  <node id="7984390267" version="1" timestamp="2020-10-07T09:32:25Z" uid="10210169" user="MonteGeneroso" changeset="92099905" lat="7.9922628" lon="124.2562804"/>
  <node id="7984390268" version="1" timestamp="2020-10-07T09:32:25Z" uid="10210169" user="MonteGeneroso" changeset="92099905" lat="7.9926241" lon="124.2564373"/>
  <node id="7984390269" version="2" timestamp="2022-05-24T07:25:04Z" uid="5653955" user="Timmy_Tesseract" changeset="121405934" lat="7.9927874" lon="124.2564816"/>
  <node id="7984390272" version="1" timestamp="2020-10-07T09:32:25Z" uid="10210169" user="MonteGeneroso" changeset="92099905" lat="7.9932443" lon="124.2564138"/>
  <node id="7984390273" version="1" timestamp="2020-10-07T09:32:25Z" uid="10210169" user="MonteGeneroso" changeset="92099905" lat="7.9930842" lon="124.2565365"/>
  <node id="7984416352" version="1" timestamp="2020-10-07T09:45:25Z" uid="10210169" user="MonteGeneroso" changeset="92100892" lat="7.9932648" lon="124.2549255"/>
  <node id="7984416353" version="1" timestamp="2020-10-07T09:45:25Z" uid="10210169" user="MonteGeneroso" changeset="92100892" lat="7.993154" lon="124.2548427"/>
  <node id="7984416354" version="1" timestamp="2020-10-07T09:45:25Z" uid="10210169" user="MonteGeneroso" changeset="92100892" lat="7.9930915" lon="124.2548092"/>
  <node id="7984416355" version="1" timestamp="2020-10-07T09:45:25Z" uid="10210169" user="MonteGeneroso" changeset="92100892" lat="7.9932429" lon="124.2547622"/>
  <node id="7984416356" version="1" timestamp="2020-10-07T09:45:25Z" uid="10210169" user="MonteGeneroso" changeset="92100892" lat="7.9932722" lon="124.2549808"/>
  <node id="7984416357" version="1" timestamp="2020-10-07T09:45:25Z" uid="10210169" user="MonteGeneroso" changeset="92100892" lat="7.9932901" lon="124.2552618"/>
  <node id="7984416358" version="1" timestamp="2020-10-07T09:45:25Z" uid="10210169" user="MonteGeneroso" changeset="92100892" lat="7.9932841" lon="124.2553402"/>
  <node id="7984416359" version="1" timestamp="2020-10-07T09:45:25Z" uid="10210169" user="MonteGeneroso" changeset="92100892" lat="7.9932728" lon="124.255404"/>
  <node id="7984416360" version="1" timestamp="2020-10-07T09:45:25Z" uid="10210169" user="MonteGeneroso" changeset="92100892" lat="7.9932164" lon="124.2555897"/>
  <node id="7984416361" version="1" timestamp="2020-10-07T09:45:25Z" uid="10210169" user="MonteGeneroso" changeset="92100892" lat="7.9924295" lon="124.254657"/>
  <node id="7984416362" version="1" timestamp="2020-10-07T09:45:25Z" uid="10210169" user="MonteGeneroso" changeset="92100892" lat="7.9922309" lon="124.2547797"/>
  <node id="7984416363" version="1" timestamp="2020-10-07T09:45:25Z" uid="10210169" user="MonteGeneroso" changeset="92100892" lat="7.9922004" lon="124.2550613"/>
  <node id="7984416364" version="1" timestamp="2020-10-07T09:45:25Z" uid="10210169" user="MonteGeneroso" changeset="92100892" lat="7.9922177" lon="124.2549037"/>
  <node id="7984416365" version="1" timestamp="2020-10-07T09:45:25Z" uid="10210169" user="MonteGeneroso" changeset="92100892" lat="7.9920603" lon="124.2545805"/>
  <node id="7984416366" version="1" timestamp="2020-10-07T09:45:25Z" uid="10210169" user="MonteGeneroso" changeset="92100892" lat="7.9909312" lon="124.2545812"/>
  <node id="7984416367" version="1" timestamp="2020-10-07T09:45:25Z" uid="10210169" user="MonteGeneroso" changeset="92100892" lat="7.9909304" lon="124.2545865"/>
  <node id="7984416368" version="1" timestamp="2020-10-07T09:45:25Z" uid="10210169" user="MonteGeneroso" changeset="92100892" lat="7.9909407" lon="124.2546174"/>
  <node id="7984416369" version="1" timestamp="2020-10-07T09:45:25Z" uid="10210169" user="MonteGeneroso" changeset="92100892" lat="7.9909372" lon="124.2546115"/>
  <node id="7984416370" version="1" timestamp="2020-10-07T09:45:25Z" uid="10210169" user="MonteGeneroso" changeset="92100892" lat="7.991031" lon="124.254401"/>
  <node id="7984416371" version="1" timestamp="2020-10-07T09:45:25Z" uid="10210169" user="MonteGeneroso" changeset="92100892" lat="7.9909558" lon="124.2545359"/>
  <node id="7984416372" version="1" timestamp="2020-10-07T09:45:25Z" uid="10210169" user="MonteGeneroso" changeset="92100892" lat="7.9909298" lon="124.2545936"/>
  <node id="7984416373" version="1" timestamp="2020-10-07T09:45:25Z" uid="10210169" user="MonteGeneroso" changeset="92100892" lat="7.9909326" lon="124.254601"/>
  <node id="7984416374" version="1" timestamp="2020-10-07T09:45:25Z" uid="10210169" user="MonteGeneroso" changeset="92100892" lat="7.9909493" lon="124.2546226"/>
  <node id="7984416375" version="1" timestamp="2020-10-07T09:45:25Z" uid="10210169" user="MonteGeneroso" changeset="92100892" lat="7.9909985" lon="124.2546382"/>
  <node id="7984416376" version="1" timestamp="2020-10-07T09:45:25Z" uid="10210169" user="MonteGeneroso" changeset="92100892" lat="7.991195" lon="124.2547207"/>
  <node id="7984416377" version="1" timestamp="2020-10-07T09:45:25Z" uid="10210169" user="MonteGeneroso" changeset="92100892" lat="7.9917429" lon="124.2545114"/>
  <node id="7984416378" version="1" timestamp="2020-10-07T09:45:25Z" uid="10210169" user="MonteGeneroso" changeset="92100892" lat="7.9916984" lon="124.2546402"/>
  <node id="7984416379" version="1" timestamp="2020-10-07T09:45:25Z" uid="10210169" user="MonteGeneroso" changeset="92100892" lat="7.9916399" lon="124.254773"/>
  <node id="7984416380" version="1" timestamp="2020-10-07T09:45:25Z" uid="10210169" user="MonteGeneroso" changeset="92100892" lat="7.991594" lon="124.2548736"/>
  <node id="7984416381" version="2" timestamp="2022-04-06T12:43:34Z" uid="5653955" user="Timmy_Tesseract" changeset="119385893" lat="7.995447" lon="124.2524375"/>
  <node id="7984416382" version="2" timestamp="2022-04-06T12:43:34Z" uid="5653955" user="Timmy_Tesseract" changeset="119385893" lat="7.995499" lon="124.2521575"/>
  <node id="7984416383" version="2" timestamp="2022-04-06T12:43:34Z" uid="5653955" user="Timmy_Tesseract" changeset="119385893" lat="7.9955238" lon="124.2519584"/>
  <node id="7984436389" version="2" timestamp="2022-04-06T12:43:34Z" uid="5653955" user="Timmy_Tesseract" changeset="119385893" lat="7.9954911" lon="124.2517717"/>
  <node id="7984436390" version="2" timestamp="2022-04-06T12:43:34Z" uid="5653955" user="Timmy_Tesseract" changeset="119385893" lat="7.995333" lon="124.2517758"/>
  <node id="7984436391" version="2" timestamp="2022-04-06T12:43:34Z" uid="5653955" user="Timmy_Tesseract" changeset="119385893" lat="7.995271" lon="124.2517679"/>
  <node id="7984436392" version="2" timestamp="2022-04-06T12:43:34Z" uid="5653955" user="Timmy_Tesseract" changeset="119385893" lat="7.9952167" lon="124.25175"/>
  <node id="7984436393" version="1" timestamp="2020-10-07T09:45:25Z" uid="10210169" user="MonteGeneroso" changeset="92100892" lat="7.9951354" lon="124.2516877"/>
  <node id="7984436394" version="1" timestamp="2020-10-07T09:45:25Z" uid="10210169" user="MonteGeneroso" changeset="92100892" lat="7.9950664" lon="124.2516408"/>
  <node id="7984436395" version="1" timestamp="2020-10-07T09:45:25Z" uid="10210169" user="MonteGeneroso" changeset="92100892" lat="7.9949552" lon="124.2515838"/>
  <node id="7984436396" version="1" timestamp="2020-10-07T09:45:25Z" uid="10210169" user="MonteGeneroso" changeset="92100892" lat="7.9948695" lon="124.2515496"/>
  <node id="7984436397" version="1" timestamp="2020-10-07T09:45:25Z" uid="10210169" user="MonteGeneroso" changeset="92100892" lat="7.9948413" lon="124.2515325"/>
  <node id="7984436398" version="1" timestamp="2020-10-07T09:45:25Z" uid="10210169" user="MonteGeneroso" changeset="92100892" lat="7.9948273" lon="124.2515134"/>
  <node id="7984436399" version="2" timestamp="2022-04-06T12:43:34Z" uid="5653955" user="Timmy_Tesseract" changeset="119385893" lat="7.9948208" lon="124.2514766"/>
  <node id="7984436400" version="2" timestamp="2022-04-06T12:43:34Z" uid="5653955" user="Timmy_Tesseract" changeset="119385893" lat="7.9948255" lon="124.2513541"/>
  <node id="7984436401" version="2" timestamp="2022-04-06T12:43:34Z" uid="5653955" user="Timmy_Tesseract" changeset="119385893" lat="7.9948415" lon="124.2512245"/>
  <node id="7984436402" version="2" timestamp="2022-04-06T12:43:34Z" uid="5653955" user="Timmy_Tesseract" changeset="119385893" lat="7.9948456" lon="124.2511407"/>
  <node id="7984436403" version="2" timestamp="2022-04-06T12:43:34Z" uid="5653955" user="Timmy_Tesseract" changeset="119385893" lat="7.9945605" lon="124.2510766"/>
  <node id="7984436404" version="1" timestamp="2020-10-07T09:45:25Z" uid="10210169" user="MonteGeneroso" changeset="92100892" lat="7.9942443" lon="124.2508241"/>
  <node id="7984436405" version="1" timestamp="2020-10-07T09:45:25Z" uid="10210169" user="MonteGeneroso" changeset="92100892" lat="7.9940059" lon="124.2506511"/>
  <node id="7984436406" version="1" timestamp="2020-10-07T09:45:25Z" uid="10210169" user="MonteGeneroso" changeset="92100892" lat="7.9938479" lon="124.2505116"/>
  <node id="7984436407" version="1" timestamp="2020-10-07T09:45:25Z" uid="10210169" user="MonteGeneroso" changeset="92100892" lat="7.9936679" lon="124.250356"/>
  <node id="7984436408" version="1" timestamp="2020-10-07T09:45:25Z" uid="10210169" user="MonteGeneroso" changeset="92100892" lat="7.9936022" lon="124.2503078"/>
  <node id="7984436409" version="1" timestamp="2020-10-07T09:45:25Z" uid="10210169" user="MonteGeneroso" changeset="92100892" lat="7.993555" lon="124.250293"/>
  <node id="7984436410" version="1" timestamp="2020-10-07T09:45:25Z" uid="10210169" user="MonteGeneroso" changeset="92100892" lat="7.993472" lon="124.2502943"/>
  <node id="7984436411" version="1" timestamp="2020-10-07T09:45:25Z" uid="10210169" user="MonteGeneroso" changeset="92100892" lat="7.9934103" lon="124.2503084"/>
  <node id="7984436412" version="1" timestamp="2020-10-07T09:45:25Z" uid="10210169" user="MonteGeneroso" changeset="92100892" lat="7.9932111" lon="124.2504821"/>
  <node id="7984436413" version="1" timestamp="2020-10-07T09:45:25Z" uid="10210169" user="MonteGeneroso" changeset="92100892" lat="7.9933678" lon="124.2503406"/>
  <node id="7984436414" version="1" timestamp="2020-10-07T09:45:25Z" uid="10210169" user="MonteGeneroso" changeset="92100892" lat="7.9932682" lon="124.2504486"/>
  <node id="7984436415" version="1" timestamp="2020-10-07T09:45:25Z" uid="10210169" user="MonteGeneroso" changeset="92100892" lat="7.9931632" lon="124.2505049"/>
  <node id="7984436416" version="1" timestamp="2020-10-07T09:45:25Z" uid="10210169" user="MonteGeneroso" changeset="92100892" lat="7.9930819" lon="124.250522"/>
  <node id="7984436417" version="1" timestamp="2020-10-07T09:45:25Z" uid="10210169" user="MonteGeneroso" changeset="92100892" lat="7.9930311" lon="124.2505294"/>
  <node id="7984436418" version="1" timestamp="2020-10-07T09:45:25Z" uid="10210169" user="MonteGeneroso" changeset="92100892" lat="7.9929996" lon="124.2505451"/>
  <node id="7984436419" version="1" timestamp="2020-10-07T09:45:25Z" uid="10210169" user="MonteGeneroso" changeset="92100892" lat="7.9929763" lon="124.2505733"/>
  <node id="7984436420" version="1" timestamp="2020-10-07T09:45:25Z" uid="10210169" user="MonteGeneroso" changeset="92100892" lat="7.9929537" lon="124.2506182"/>
  <node id="7984436421" version="2" timestamp="2022-04-06T12:43:34Z" uid="5653955" user="Timmy_Tesseract" changeset="119385893" lat="7.9929235" lon="124.2506731"/>
  <node id="7984436422" version="1" timestamp="2020-10-07T09:45:25Z" uid="10210169" user="MonteGeneroso" changeset="92100892" lat="7.9928067" lon="124.2508703"/>
  <node id="7984436423" version="1" timestamp="2020-10-07T09:45:25Z" uid="10210169" user="MonteGeneroso" changeset="92100892" lat="7.9927542" lon="124.2509803"/>
  <node id="7984436425" version="2" timestamp="2022-04-06T12:43:34Z" uid="5653955" user="Timmy_Tesseract" changeset="119385893" lat="7.9925049" lon="124.2514148"/>
  <node id="7984436426" version="2" timestamp="2022-04-06T12:43:34Z" uid="5653955" user="Timmy_Tesseract" changeset="119385893" lat="7.9923288" lon="124.251752"/>
  <node id="7984436427" version="1" timestamp="2020-10-07T09:45:25Z" uid="10210169" user="MonteGeneroso" changeset="92100892" lat="7.9922216" lon="124.2519573"/>
  <node id="7984436428" version="1" timestamp="2020-10-07T09:45:25Z" uid="10210169" user="MonteGeneroso" changeset="92100892" lat="7.9922077" lon="124.2520083"/>
  <node id="7984436429" version="1" timestamp="2020-10-07T09:45:25Z" uid="10210169" user="MonteGeneroso" changeset="92100892" lat="7.9922137" lon="124.25207"/>
  <node id="7984436430" version="1" timestamp="2020-10-07T09:45:25Z" uid="10210169" user="MonteGeneroso" changeset="92100892" lat="7.9922243" lon="124.2521042"/>
  <node id="7984436431" version="1" timestamp="2020-10-07T09:45:25Z" uid="10210169" user="MonteGeneroso" changeset="92100892" lat="7.9922482" lon="124.252141"/>
  <node id="7984436432" version="1" timestamp="2020-10-07T09:45:25Z" uid="10210169" user="MonteGeneroso" changeset="92100892" lat="7.9922887" lon="124.2521793"/>
  <node id="7984436433" version="1" timestamp="2020-10-07T09:45:25Z" uid="10210169" user="MonteGeneroso" changeset="92100892" lat="7.9924222" lon="124.2522792"/>
  <node id="7984436434" version="1" timestamp="2020-10-07T09:45:25Z" uid="10210169" user="MonteGeneroso" changeset="92100892" lat="7.9926267" lon="124.2524368"/>
  <node id="7984436435" version="1" timestamp="2020-10-07T09:45:25Z" uid="10210169" user="MonteGeneroso" changeset="92100892" lat="7.9926758" lon="124.2524783"/>
  <node id="7984436436" version="1" timestamp="2020-10-07T09:45:25Z" uid="10210169" user="MonteGeneroso" changeset="92100892" lat="7.9926851" lon="124.2525119"/>
  <node id="7984436437" version="1" timestamp="2020-10-07T09:45:25Z" uid="10210169" user="MonteGeneroso" changeset="92100892" lat="7.9926798" lon="124.2525414"/>
  <node id="7984436438" version="1" timestamp="2020-10-07T09:45:25Z" uid="10210169" user="MonteGeneroso" changeset="92100892" lat="7.9926573" lon="124.252601"/>
  <node id="7984436439" version="1" timestamp="2020-10-07T09:45:25Z" uid="10210169" user="MonteGeneroso" changeset="92100892" lat="7.9926001" lon="124.252713"/>
  <node id="7984436440" version="1" timestamp="2020-10-07T09:45:25Z" uid="10210169" user="MonteGeneroso" changeset="92100892" lat="7.9923279" lon="124.2531958"/>
  <node id="7984436441" version="1" timestamp="2020-10-07T09:45:25Z" uid="10210169" user="MonteGeneroso" changeset="92100892" lat="7.9921394" lon="124.2535128"/>
  <node id="7984436442" version="1" timestamp="2020-10-07T09:45:25Z" uid="10210169" user="MonteGeneroso" changeset="92100892" lat="7.9934707" lon="124.2525702"/>
  <node id="7984436443" version="1" timestamp="2020-10-07T09:45:25Z" uid="10210169" user="MonteGeneroso" changeset="92100892" lat="7.993475" lon="124.252474"/>
  <node id="7984436444" version="1" timestamp="2020-10-07T09:45:25Z" uid="10210169" user="MonteGeneroso" changeset="92100892" lat="7.993473" lon="124.2523922"/>
  <node id="7984436445" version="1" timestamp="2020-10-07T09:45:25Z" uid="10210169" user="MonteGeneroso" changeset="92100892" lat="7.9934677" lon="124.2523348"/>
  <node id="7984436446" version="1" timestamp="2020-10-07T09:45:25Z" uid="10210169" user="MonteGeneroso" changeset="92100892" lat="7.9934538" lon="124.2522845"/>
  <node id="7984436447" version="1" timestamp="2020-10-07T09:45:25Z" uid="10210169" user="MonteGeneroso" changeset="92100892" lat="7.9934272" lon="124.2522111"/>
  <node id="7984436448" version="1" timestamp="2020-10-07T09:45:25Z" uid="10210169" user="MonteGeneroso" changeset="92100892" lat="7.9931838" lon="124.2519466"/>
  <node id="7984436449" version="1" timestamp="2020-10-07T09:45:25Z" uid="10210169" user="MonteGeneroso" changeset="92100892" lat="7.9927608" lon="124.2516039"/>
  <node id="7984436451" version="2" timestamp="2022-04-06T12:43:34Z" uid="5653955" user="Timmy_Tesseract" changeset="119385893" lat="7.9919954" lon="124.2511019"/>
  <node id="7984436452" version="2" timestamp="2022-04-06T12:43:34Z" uid="5653955" user="Timmy_Tesseract" changeset="119385893" lat="7.9919635" lon="124.2510711"/>
  <node id="7984436453" version="2" timestamp="2022-04-06T12:43:34Z" uid="5653955" user="Timmy_Tesseract" changeset="119385893" lat="7.9919549" lon="124.2510262"/>
  <node id="7984436454" version="2" timestamp="2022-04-06T12:43:34Z" uid="5653955" user="Timmy_Tesseract" changeset="119385893" lat="7.9919622" lon="124.2509792"/>
  <node id="7984436455" version="2" timestamp="2022-04-06T12:43:34Z" uid="5653955" user="Timmy_Tesseract" changeset="119385893" lat="7.9919987" lon="124.2509028"/>
  <node id="7984436462" version="2" timestamp="2022-04-06T12:43:34Z" uid="5653955" user="Timmy_Tesseract" changeset="119385893" lat="7.9921734" lon="124.250659"/>
  <node id="7984436490" version="2" timestamp="2022-04-06T12:43:34Z" uid="5653955" user="Timmy_Tesseract" changeset="119385893" lat="7.9914864" lon="124.2486166"/>
  <node id="7984561217" version="1" timestamp="2020-10-07T10:26:27Z" uid="10210169" user="MonteGeneroso" changeset="92104137" lat="7.9996535" lon="124.2564239"/>
  <node id="7984561218" version="1" timestamp="2020-10-07T10:26:27Z" uid="10210169" user="MonteGeneroso" changeset="92104137" lat="7.9987093" lon="124.2562053"/>
  <node id="7984561219" version="1" timestamp="2020-10-07T10:26:27Z" uid="10210169" user="MonteGeneroso" changeset="92104137" lat="7.9982205" lon="124.2561449"/>
  <node id="7984561220" version="1" timestamp="2020-10-07T10:26:27Z" uid="10210169" user="MonteGeneroso" changeset="92104137" lat="7.9974835" lon="124.2561597"/>
  <node id="7984561221" version="2" timestamp="2022-04-06T12:43:34Z" uid="5653955" user="Timmy_Tesseract" changeset="119385893" lat="8.0004558" lon="124.2578257"/>
  <node id="7984561222" version="2" timestamp="2022-04-06T12:43:34Z" uid="5653955" user="Timmy_Tesseract" changeset="119385893" lat="8.0000104" lon="124.257561"/>
  <node id="7984561223" version="1" timestamp="2020-10-07T10:26:27Z" uid="10210169" user="MonteGeneroso" changeset="92104137" lat="7.9997425" lon="124.2574391"/>
  <node id="7984561224" version="3" timestamp="2025-07-01T03:09:26Z" uid="23055017" user="angeloiligan" changeset="168333305" lat="7.9989632" lon="124.2562441">
    <tag k="sidewalk" v="both"/>
  </node>
  <node id="7984561225" version="3" timestamp="2026-07-16T04:46:54Z" uid="24304747" user="SOMAWD" changeset="185823026" lat="7.998884" lon="124.2572327"/>
  <node id="7984561226" version="2" timestamp="2022-04-06T12:43:34Z" uid="5653955" user="Timmy_Tesseract" changeset="119385893" lat="7.9971948" lon="124.2571566"/>
  <node id="7984561227" version="2" timestamp="2022-04-06T12:43:34Z" uid="5653955" user="Timmy_Tesseract" changeset="119385893" lat="7.9971018" lon="124.2571433"/>
  <node id="7984561228" version="2" timestamp="2022-04-06T12:43:34Z" uid="5653955" user="Timmy_Tesseract" changeset="119385893" lat="7.9970167" lon="124.2571213"/>
  <node id="7984561229" version="1" timestamp="2020-10-07T10:26:27Z" uid="10210169" user="MonteGeneroso" changeset="92104137" lat="7.9964569" lon="124.2567444"/>
  <node id="7984561230" version="1" timestamp="2020-10-07T10:26:27Z" uid="10210169" user="MonteGeneroso" changeset="92104137" lat="7.9963998" lon="124.2565633"/>
  <node id="7984561231" version="2" timestamp="2026-05-20T19:59:19Z" uid="24046365" user="Ainie Mac" changeset="182946126" lat="7.9963603" lon="124.2563628"/>
  <node id="7984561232" version="1" timestamp="2020-10-07T10:26:27Z" uid="10210169" user="MonteGeneroso" changeset="92104137" lat="7.9936327" lon="124.2518695"/>
  <node id="7984561233" version="1" timestamp="2020-10-07T10:26:27Z" uid="10210169" user="MonteGeneroso" changeset="92104137" lat="7.9936208" lon="124.2518497"/>
  <node id="7984561234" version="2" timestamp="2020-10-07T11:28:24Z" uid="10210169" user="MonteGeneroso" changeset="92108636" lat="7.9936032" lon="124.2518312"/>
  <node id="7984561235" version="1" timestamp="2020-10-07T10:26:27Z" uid="10210169" user="MonteGeneroso" changeset="92104137" lat="7.9935906" lon="124.251839"/>
  <node id="7984561236" version="1" timestamp="2020-10-07T10:26:27Z" uid="10210169" user="MonteGeneroso" changeset="92104137" lat="7.9935713" lon="124.2518497"/>
  <node id="7984561237" version="1" timestamp="2020-10-07T10:26:27Z" uid="10210169" user="MonteGeneroso" changeset="92104137" lat="7.9935497" lon="124.2518705"/>
  <node id="7984561238" version="1" timestamp="2020-10-07T10:26:27Z" uid="10210169" user="MonteGeneroso" changeset="92104137" lat="7.993636" lon="124.2528139"/>
  <node id="7984561239" version="1" timestamp="2020-10-07T10:26:27Z" uid="10210169" user="MonteGeneroso" changeset="92104137" lat="7.9935368" lon="124.2527948"/>
  <node id="7984561240" version="1" timestamp="2020-10-07T10:26:27Z" uid="10210169" user="MonteGeneroso" changeset="92104137" lat="7.9945889" lon="124.2533393"/>
  <node id="7984561241" version="1" timestamp="2020-10-07T10:26:27Z" uid="10210169" user="MonteGeneroso" changeset="92104137" lat="7.9945026" lon="124.253572"/>
  <node id="7984561242" version="1" timestamp="2020-10-07T10:26:27Z" uid="10210169" user="MonteGeneroso" changeset="92104137" lat="7.9944634" lon="124.25368"/>
  <node id="7984561243" version="1" timestamp="2020-10-07T10:26:27Z" uid="10210169" user="MonteGeneroso" changeset="92104137" lat="7.9944548" lon="124.2537289"/>
  <node id="7984561244" version="1" timestamp="2020-10-07T10:26:27Z" uid="10210169" user="MonteGeneroso" changeset="92104137" lat="7.9944575" lon="124.2537805"/>
  <node id="7984561245" version="1" timestamp="2020-10-07T10:26:27Z" uid="10210169" user="MonteGeneroso" changeset="92104137" lat="7.9937376" lon="124.2520606"/>
  <node id="7984561246" version="1" timestamp="2020-10-07T10:26:27Z" uid="10210169" user="MonteGeneroso" changeset="92104137" lat="7.9937815" lon="124.2521974"/>
  <node id="7984561247" version="1" timestamp="2020-10-07T10:26:27Z" uid="10210169" user="MonteGeneroso" changeset="92104137" lat="7.9938021" lon="124.2523556"/>
  <node id="7984561248" version="1" timestamp="2020-10-07T10:26:27Z" uid="10210169" user="MonteGeneroso" changeset="92104137" lat="7.9930978" lon="124.2540193"/>
  <node id="7984561249" version="1" timestamp="2020-10-07T10:26:27Z" uid="10210169" user="MonteGeneroso" changeset="92104137" lat="7.9931002" lon="124.254081"/>
  <node id="7984561250" version="1" timestamp="2020-10-07T10:26:27Z" uid="10210169" user="MonteGeneroso" changeset="92104137" lat="7.9931115" lon="124.2541383"/>
  <node id="7984561251" version="1" timestamp="2020-10-07T10:26:27Z" uid="10210169" user="MonteGeneroso" changeset="92104137" lat="7.994057" lon="124.252888"/>
  <node id="7984561252" version="1" timestamp="2020-10-07T10:26:27Z" uid="10210169" user="MonteGeneroso" changeset="92104137" lat="7.993889" lon="124.2528616"/>
  <node id="7984561253" version="1" timestamp="2020-10-07T10:26:27Z" uid="10210169" user="MonteGeneroso" changeset="92104137" lat="7.9940278" lon="124.25288"/>
  <node id="7984561254" version="1" timestamp="2020-10-07T10:26:27Z" uid="10210169" user="MonteGeneroso" changeset="92104137" lat="7.994071" lon="124.2528961"/>
  <node id="7984561255" version="1" timestamp="2020-10-07T10:26:27Z" uid="10210169" user="MonteGeneroso" changeset="92104137" lat="7.9940859" lon="124.2529135"/>
  <node id="7984561256" version="1" timestamp="2020-10-07T10:26:27Z" uid="10210169" user="MonteGeneroso" changeset="92104137" lat="7.9940962" lon="124.2529417"/>
  <node id="7984561257" version="1" timestamp="2020-10-07T10:26:27Z" uid="10210169" user="MonteGeneroso" changeset="92104137" lat="7.9941062" lon="124.2529893"/>
  <node id="7984561258" version="1" timestamp="2020-10-07T10:26:27Z" uid="10210169" user="MonteGeneroso" changeset="92104137" lat="7.9941075" lon="124.2530356"/>
  <node id="7984561259" version="1" timestamp="2020-10-07T10:26:27Z" uid="10210169" user="MonteGeneroso" changeset="92104137" lat="7.9941002" lon="124.2530899"/>
  <node id="7984561260" version="1" timestamp="2020-10-07T10:26:27Z" uid="10210169" user="MonteGeneroso" changeset="92104137" lat="7.994069" lon="124.2532267"/>
  <node id="7984561261" version="1" timestamp="2020-10-07T10:26:27Z" uid="10210169" user="MonteGeneroso" changeset="92104137" lat="7.9940265" lon="124.253399"/>
  <node id="7984561262" version="3" timestamp="2022-05-24T07:25:04Z" uid="5653955" user="Timmy_Tesseract" changeset="121405934" lat="8.0007571" lon="124.2507965"/>
  <node id="7984561263" version="3" timestamp="2022-05-24T07:25:04Z" uid="5653955" user="Timmy_Tesseract" changeset="121405934" lat="8.0007338" lon="124.250696"/>
  <node id="7984561264" version="2" timestamp="2022-05-24T07:25:04Z" uid="5653955" user="Timmy_Tesseract" changeset="121405934" lat="8.0006814" lon="124.2505579"/>
  <node id="7984561266" version="1" timestamp="2020-10-07T10:26:27Z" uid="10210169" user="MonteGeneroso" changeset="92104137" lat="8.0004178" lon="124.2499624"/>
  <node id="7984561267" version="1" timestamp="2020-10-07T10:26:27Z" uid="10210169" user="MonteGeneroso" changeset="92104137" lat="8.0000745" lon="124.2491531"/>
  <node id="7984561268" version="1" timestamp="2020-10-07T10:26:27Z" uid="10210169" user="MonteGeneroso" changeset="92104137" lat="7.9998434" lon="124.2486683"/>
  <node id="7984561269" version="1" timestamp="2020-10-07T10:26:27Z" uid="10210169" user="MonteGeneroso" changeset="92104137" lat="7.9995413" lon="124.2480406"/>
  <node id="7984561270" version="1" timestamp="2020-10-07T10:26:27Z" uid="10210169" user="MonteGeneroso" changeset="92104137" lat="7.9994237" lon="124.2477918"/>
  <node id="7984561271" version="1" timestamp="2020-10-07T10:26:27Z" uid="10210169" user="MonteGeneroso" changeset="92104137" lat="7.9992013" lon="124.2474626"/>
  <node id="7984561272" version="1" timestamp="2020-10-07T10:26:27Z" uid="10210169" user="MonteGeneroso" changeset="92104137" lat="7.9990864" lon="124.2472681"/>
  <node id="7984561273" version="1" timestamp="2020-10-07T10:26:27Z" uid="10210169" user="MonteGeneroso" changeset="92104137" lat="7.9989583" lon="124.2469416"/>
  <node id="7984561274" version="1" timestamp="2020-10-07T10:26:27Z" uid="10210169" user="MonteGeneroso" changeset="92104137" lat="7.9987318" lon="124.2463495"/>
  <node id="7984561275" version="1" timestamp="2020-10-07T10:26:27Z" uid="10210169" user="MonteGeneroso" changeset="92104137" lat="7.9934348" lon="124.255872"/>
  <node id="7984561276" version="1" timestamp="2020-10-07T10:26:27Z" uid="10210169" user="MonteGeneroso" changeset="92104137" lat="7.993986" lon="124.2562569"/>
  <node id="7984561277" version="1" timestamp="2020-10-07T10:26:27Z" uid="10210169" user="MonteGeneroso" changeset="92104137" lat="7.9942138" lon="124.2563521"/>
  <node id="7984561278" version="1" timestamp="2020-10-07T10:26:27Z" uid="10210169" user="MonteGeneroso" changeset="92104137" lat="7.9942662" lon="124.256385"/>
  <node id="7984561279" version="1" timestamp="2020-10-07T10:26:27Z" uid="10210169" user="MonteGeneroso" changeset="92104137" lat="7.994328" lon="124.2564614"/>
  <node id="7984561280" version="1" timestamp="2020-10-07T10:26:27Z" uid="10210169" user="MonteGeneroso" changeset="92104137" lat="7.9943598" lon="124.256499"/>
  <node id="7984561281" version="1" timestamp="2020-10-07T10:26:27Z" uid="10210169" user="MonteGeneroso" changeset="92104137" lat="7.9943937" lon="124.2565285"/>
  <node id="7984561282" version="2" timestamp="2023-09-30T20:07:57Z" uid="5653955" user="Timmy_Tesseract" changeset="141966461" lat="7.9951136" lon="124.2571638"/>
  <node id="7984561283" version="2" timestamp="2023-09-30T20:07:57Z" uid="5653955" user="Timmy_Tesseract" changeset="141966461" lat="7.9950979" lon="124.2571672"/>
  <node id="7984561284" version="2" timestamp="2023-09-30T20:07:57Z" uid="5653955" user="Timmy_Tesseract" changeset="141966461" lat="7.9951295" lon="124.2571659"/>
  <node id="7984582485" version="2" timestamp="2023-09-30T20:07:57Z" uid="5653955" user="Timmy_Tesseract" changeset="141966461" lat="7.9951605" lon="124.2572004"/>
  <node id="7984582486" version="2" timestamp="2023-09-30T20:07:57Z" uid="5653955" user="Timmy_Tesseract" changeset="141966461" lat="7.9951612" lon="124.2572166"/>
  <node id="7984582487" version="2" timestamp="2023-09-30T20:07:57Z" uid="5653955" user="Timmy_Tesseract" changeset="141966461" lat="7.9951563" lon="124.257232"/>
  <node id="7984582488" version="2" timestamp="2023-09-30T20:07:57Z" uid="5653955" user="Timmy_Tesseract" changeset="141966461" lat="7.995133" lon="124.2572535"/>
  <node id="7984582489" version="2" timestamp="2023-09-30T20:07:57Z" uid="5653955" user="Timmy_Tesseract" changeset="141966461" lat="7.9951014" lon="124.2572547"/>
  <node id="7984582490" version="2" timestamp="2023-09-30T20:07:57Z" uid="5653955" user="Timmy_Tesseract" changeset="141966461" lat="7.9950872" lon="124.2572472"/>
  <node id="7984582491" version="2" timestamp="2023-09-30T20:07:57Z" uid="5653955" user="Timmy_Tesseract" changeset="141966461" lat="7.9950764" lon="124.2572352"/>
  <node id="7984582492" version="2" timestamp="2023-09-30T20:07:57Z" uid="5653955" user="Timmy_Tesseract" changeset="141966461" lat="7.9950703" lon="124.2572203"/>
  <node id="7984582493" version="2" timestamp="2023-09-30T20:07:57Z" uid="5653955" user="Timmy_Tesseract" changeset="141966461" lat="7.9951465" lon="124.2572448"/>
  <node id="7984582494" version="2" timestamp="2023-09-30T20:07:57Z" uid="5653955" user="Timmy_Tesseract" changeset="141966461" lat="7.9950746" lon="124.2571887"/>
  <node id="7984582495" version="1" timestamp="2020-10-07T10:26:27Z" uid="10210169" user="MonteGeneroso" changeset="92104137" lat="7.9951032" lon="124.2570603"/>
  <node id="7984582496" version="1" timestamp="2020-10-07T10:26:27Z" uid="10210169" user="MonteGeneroso" changeset="92104137" lat="7.9949973" lon="124.2569764"/>
  <node id="7984582497" version="1" timestamp="2020-10-07T10:26:27Z" uid="10210169" user="MonteGeneroso" changeset="92104137" lat="7.9949522" lon="124.2569174"/>
  <node id="7984582498" version="1" timestamp="2020-10-07T10:26:27Z" uid="10210169" user="MonteGeneroso" changeset="92104137" lat="7.9949455" lon="124.2568758"/>
  <node id="7984582499" version="1" timestamp="2020-10-07T10:26:27Z" uid="10210169" user="MonteGeneroso" changeset="92104137" lat="7.9949482" lon="124.2568289"/>
  <node id="7984582500" version="1" timestamp="2020-10-07T10:26:27Z" uid="10210169" user="MonteGeneroso" changeset="92104137" lat="7.9949721" lon="124.2567886"/>
  <node id="7984582501" version="1" timestamp="2020-10-07T10:26:27Z" uid="10210169" user="MonteGeneroso" changeset="92104137" lat="7.9950226" lon="124.256743"/>
  <node id="7984582502" version="1" timestamp="2020-10-07T10:26:27Z" uid="10210169" user="MonteGeneroso" changeset="92104137" lat="7.9950974" lon="124.2566867"/>
  <node id="7984582504" version="1" timestamp="2020-10-07T10:26:27Z" uid="10210169" user="MonteGeneroso" changeset="92104137" lat="7.9949865" lon="124.2571293"/>
  <node id="7984582505" version="1" timestamp="2020-10-07T10:26:27Z" uid="10210169" user="MonteGeneroso" changeset="92104137" lat="7.9948937" lon="124.2572272"/>
  <node id="7984582506" version="1" timestamp="2020-10-07T10:26:27Z" uid="10210169" user="MonteGeneroso" changeset="92104137" lat="7.9947994" lon="124.2573559"/>
  <node id="7984582507" version="1" timestamp="2020-10-07T10:26:27Z" uid="10210169" user="MonteGeneroso" changeset="92104137" lat="7.994312" lon="124.2571481"/>
  <node id="7984582508" version="1" timestamp="2020-10-07T10:26:27Z" uid="10210169" user="MonteGeneroso" changeset="92104137" lat="7.9941925" lon="124.2571722"/>
  <node id="7984595618" version="1" timestamp="2020-10-07T10:33:08Z" uid="10210169" user="MonteGeneroso" changeset="92104655" lat="7.9976322" lon="124.2542318"/>
  <node id="7984595619" version="1" timestamp="2020-10-07T10:33:08Z" uid="10210169" user="MonteGeneroso" changeset="92104655" lat="7.9975744" lon="124.2546885"/>
  <node id="7984595620" version="1" timestamp="2020-10-07T10:33:08Z" uid="10210169" user="MonteGeneroso" changeset="92104655" lat="7.9975751" lon="124.254726"/>
  <node id="7984595621" version="1" timestamp="2020-10-07T10:33:08Z" uid="10210169" user="MonteGeneroso" changeset="92104655" lat="7.9975797" lon="124.2547636"/>
  <node id="7984595622" version="1" timestamp="2020-10-07T10:33:08Z" uid="10210169" user="MonteGeneroso" changeset="92104655" lat="7.9975943" lon="124.2547877"/>
  <node id="7984595623" version="1" timestamp="2020-10-07T10:33:08Z" uid="10210169" user="MonteGeneroso" changeset="92104655" lat="7.9977119" lon="124.2548038"/>
  <node id="7984595624" version="1" timestamp="2020-10-07T10:33:08Z" uid="10210169" user="MonteGeneroso" changeset="92104655" lat="7.997767" lon="124.2548085"/>
  <node id="7984595625" version="1" timestamp="2020-10-07T10:33:08Z" uid="10210169" user="MonteGeneroso" changeset="92104655" lat="7.9978088" lon="124.2548233"/>
  <node id="7984595626" version="1" timestamp="2020-10-07T10:33:08Z" uid="10210169" user="MonteGeneroso" changeset="92104655" lat="7.9981794" lon="124.2550479"/>
  <node id="7984595627" version="1" timestamp="2020-10-07T10:33:08Z" uid="10210169" user="MonteGeneroso" changeset="92104655" lat="7.9982252" lon="124.2550988"/>
  <node id="7984595628" version="3" timestamp="2022-04-06T12:43:34Z" uid="5653955" user="Timmy_Tesseract" changeset="119385893" lat="8.0004282" lon="124.2552462"/>
  <node id="7984595629" version="2" timestamp="2022-02-03T02:37:33Z" uid="12684536" user="zkst" changeset="116942429" lat="8.0002198" lon="124.2553059"/>
  <node id="7984595630" version="2" timestamp="2022-02-03T02:37:33Z" uid="12684536" user="zkst" changeset="116942429" lat="8.0001535" lon="124.2553191"/>
  <node id="7984595631" version="2" timestamp="2022-02-03T02:37:33Z" uid="12684536" user="zkst" changeset="116942429" lat="8.0000748" lon="124.2553406"/>
  <node id="7984595633" version="1" timestamp="2020-10-07T10:33:08Z" uid="10210169" user="MonteGeneroso" changeset="92104655" lat="8.0000586" lon="124.2553617"/>
  <node id="7984595634" version="1" timestamp="2020-10-07T10:33:08Z" uid="10210169" user="MonteGeneroso" changeset="92104655" lat="8.0000329" lon="124.2553801"/>
  <node id="7984595635" version="1" timestamp="2020-10-07T10:33:08Z" uid="10210169" user="MonteGeneroso" changeset="92104655" lat="7.9999603" lon="124.255414"/>
  <node id="7984595636" version="1" timestamp="2020-10-07T10:33:08Z" uid="10210169" user="MonteGeneroso" changeset="92104655" lat="7.9997465" lon="124.2555132"/>
  <node id="7984595637" version="1" timestamp="2020-10-07T10:33:08Z" uid="10210169" user="MonteGeneroso" changeset="92104655" lat="7.9996216" lon="124.2555696"/>
  <node id="7984595638" version="1" timestamp="2020-10-07T10:33:08Z" uid="10210169" user="MonteGeneroso" changeset="92104655" lat="7.999534" lon="124.2555884"/>
  <node id="7984595639" version="1" timestamp="2020-10-07T10:33:08Z" uid="10210169" user="MonteGeneroso" changeset="92104655" lat="7.999437" lon="124.2555951"/>
  <node id="7984595640" version="1" timestamp="2020-10-07T10:33:08Z" uid="10210169" user="MonteGeneroso" changeset="92104655" lat="7.9947941" lon="124.2547723"/>
  <node id="7984595641" version="1" timestamp="2020-10-07T10:33:08Z" uid="10210169" user="MonteGeneroso" changeset="92104655" lat="7.9949701" lon="124.2547642"/>
  <node id="7984595642" version="1" timestamp="2020-10-07T10:33:08Z" uid="10210169" user="MonteGeneroso" changeset="92104655" lat="7.9946653" lon="124.254773"/>
  <node id="7984595643" version="1" timestamp="2020-10-07T10:33:08Z" uid="10210169" user="MonteGeneroso" changeset="92104655" lat="7.9940119" lon="124.2550559"/>
  <node id="7984595644" version="1" timestamp="2020-10-07T10:33:08Z" uid="10210169" user="MonteGeneroso" changeset="92104655" lat="7.9940792" lon="124.2547014"/>
  <node id="7984595645" version="1" timestamp="2020-10-07T10:33:08Z" uid="10210169" user="MonteGeneroso" changeset="92104655" lat="7.9941553" lon="124.2547086"/>
  <node id="7984651794" version="1" timestamp="2020-10-07T10:57:19Z" uid="10210169" user="MonteGeneroso" changeset="92106360" lat="7.9988593" lon="124.2523912"/>
  <node id="7984651795" version="1" timestamp="2020-10-07T10:57:19Z" uid="10210169" user="MonteGeneroso" changeset="92106360" lat="7.998765" lon="124.2524528"/>
  <node id="7984651796" version="1" timestamp="2020-10-07T10:57:19Z" uid="10210169" user="MonteGeneroso" changeset="92106360" lat="7.998688" lon="124.2525481"/>
  <node id="7984651797" version="1" timestamp="2020-10-07T10:57:19Z" uid="10210169" user="MonteGeneroso" changeset="92106360" lat="7.9986362" lon="124.252591"/>
  <node id="7984651798" version="1" timestamp="2020-10-07T10:57:19Z" uid="10210169" user="MonteGeneroso" changeset="92106360" lat="7.9985804" lon="124.2526245"/>
  <node id="7984651799" version="1" timestamp="2020-10-07T10:57:19Z" uid="10210169" user="MonteGeneroso" changeset="92106360" lat="7.9985432" lon="124.2526714"/>
  <node id="7984651800" version="1" timestamp="2020-10-07T10:57:19Z" uid="10210169" user="MonteGeneroso" changeset="92106360" lat="7.9985087" lon="124.2527385"/>
  <node id="7984651801" version="1" timestamp="2020-10-07T10:57:19Z" uid="10210169" user="MonteGeneroso" changeset="92106360" lat="7.9984994" lon="124.2527895"/>
  <node id="7984651802" version="1" timestamp="2020-10-07T10:57:19Z" uid="10210169" user="MonteGeneroso" changeset="92106360" lat="7.99851" lon="124.2528364"/>
  <node id="7984651803" version="1" timestamp="2020-10-07T10:57:19Z" uid="10210169" user="MonteGeneroso" changeset="92106360" lat="7.9996655" lon="124.2513491"/>
  <node id="7984651804" version="1" timestamp="2020-10-07T10:57:19Z" uid="10210169" user="MonteGeneroso" changeset="92106360" lat="7.9996263" lon="124.2513726"/>
  <node id="7984651805" version="1" timestamp="2020-10-07T10:57:19Z" uid="10210169" user="MonteGeneroso" changeset="92106360" lat="7.9995253" lon="124.2514765"/>
  <node id="7984651806" version="1" timestamp="2020-10-07T10:57:19Z" uid="10210169" user="MonteGeneroso" changeset="92106360" lat="7.9999284" lon="124.2509106"/>
  <node id="7984651807" version="1" timestamp="2020-10-07T10:57:19Z" uid="10210169" user="MonteGeneroso" changeset="92106360" lat="7.9999045" lon="124.2508556"/>
  <node id="7984651808" version="1" timestamp="2020-10-07T10:57:19Z" uid="10210169" user="MonteGeneroso" changeset="92106360" lat="7.9999005" lon="124.2508113"/>
  <node id="7984651809" version="1" timestamp="2020-10-07T10:57:19Z" uid="10210169" user="MonteGeneroso" changeset="92106360" lat="7.9999005" lon="124.2507872"/>
  <node id="7984651810" version="1" timestamp="2020-10-07T10:57:19Z" uid="10210169" user="MonteGeneroso" changeset="92106360" lat="7.9999151" lon="124.2507671"/>
  <node id="7984651811" version="1" timestamp="2020-10-07T10:57:19Z" uid="10210169" user="MonteGeneroso" changeset="92106360" lat="8.0000506" lon="124.250696"/>
  <node id="7984651812" version="1" timestamp="2020-10-07T10:57:19Z" uid="10210169" user="MonteGeneroso" changeset="92106360" lat="8.0006398" lon="124.2504557"/>
  <node id="7984651813" version="1" timestamp="2020-10-07T10:57:19Z" uid="10210169" user="MonteGeneroso" changeset="92106360" lat="8.0005685" lon="124.2511117"/>
  <node id="7984651814" version="1" timestamp="2020-10-07T10:57:19Z" uid="10210169" user="MonteGeneroso" changeset="92106360" lat="8.0004981" lon="124.2511332"/>
  <node id="7984651815" version="1" timestamp="2020-10-07T10:57:19Z" uid="10210169" user="MonteGeneroso" changeset="92106360" lat="8.0003879" lon="124.2511386"/>
  <node id="7984651816" version="1" timestamp="2020-10-07T10:57:19Z" uid="10210169" user="MonteGeneroso" changeset="92106360" lat="8.0002551" lon="124.2511466"/>
  <node id="7984651817" version="1" timestamp="2020-10-07T10:57:19Z" uid="10210169" user="MonteGeneroso" changeset="92106360" lat="8.0000679" lon="124.2511815"/>
  <node id="7984651818" version="1" timestamp="2020-10-07T10:57:19Z" uid="10210169" user="MonteGeneroso" changeset="92106360" lat="7.9997538" lon="124.2513089"/>
  <node id="7984651819" version="1" timestamp="2020-10-07T10:57:19Z" uid="10210169" user="MonteGeneroso" changeset="92106360" lat="7.9995924" lon="124.2514008"/>
  <node id="7984651820" version="1" timestamp="2020-10-07T10:57:19Z" uid="10210169" user="MonteGeneroso" changeset="92106360" lat="7.9995579" lon="124.2514403"/>
  <node id="7984651821" version="1" timestamp="2020-10-07T10:57:19Z" uid="10210169" user="MonteGeneroso" changeset="92106360" lat="7.9994775" lon="124.2515255"/>
  <node id="7984651822" version="1" timestamp="2020-10-07T10:57:19Z" uid="10210169" user="MonteGeneroso" changeset="92106360" lat="7.9993985" lon="124.2515905"/>
  <node id="7984651823" version="1" timestamp="2020-10-07T10:57:19Z" uid="10210169" user="MonteGeneroso" changeset="92106360" lat="7.9992936" lon="124.251679"/>
  <node id="7984651824" version="1" timestamp="2020-10-07T10:57:19Z" uid="10210169" user="MonteGeneroso" changeset="92106360" lat="7.9992723" lon="124.2517233"/>
  <node id="7984651825" version="1" timestamp="2020-10-07T10:57:19Z" uid="10210169" user="MonteGeneroso" changeset="92106360" lat="7.9992723" lon="124.2518064"/>
  <node id="7984651826" version="1" timestamp="2020-10-07T10:57:19Z" uid="10210169" user="MonteGeneroso" changeset="92106360" lat="7.9992737" lon="124.2518923"/>
  <node id="7984651827" version="1" timestamp="2020-10-07T10:57:19Z" uid="10210169" user="MonteGeneroso" changeset="92106360" lat="7.9993202" lon="124.2521243"/>
  <node id="7984651828" version="1" timestamp="2020-10-07T10:57:19Z" uid="10210169" user="MonteGeneroso" changeset="92106360" lat="7.9993334" lon="124.2522906"/>
  <node id="7984651829" version="1" timestamp="2020-10-07T10:57:19Z" uid="10210169" user="MonteGeneroso" changeset="92106360" lat="7.9993122" lon="124.2524301"/>
  <node id="7984651830" version="1" timestamp="2020-10-07T10:57:19Z" uid="10210169" user="MonteGeneroso" changeset="92106360" lat="7.999279" lon="124.2525467"/>
  <node id="7984651831" version="1" timestamp="2020-10-07T10:57:19Z" uid="10210169" user="MonteGeneroso" changeset="92106360" lat="7.9992551" lon="124.2525816"/>
  <node id="7984651832" version="1" timestamp="2020-10-07T10:57:19Z" uid="10210169" user="MonteGeneroso" changeset="92106360" lat="7.9991781" lon="124.2526379"/>
  <node id="7984651833" version="1" timestamp="2020-10-07T10:57:19Z" uid="10210169" user="MonteGeneroso" changeset="92106360" lat="7.9989018" lon="124.2528404"/>
  <node id="7984651834" version="1" timestamp="2020-10-07T10:57:19Z" uid="10210169" user="MonteGeneroso" changeset="92106360" lat="7.9987743" lon="124.2529759"/>
  <node id="7984651835" version="1" timestamp="2020-10-07T10:57:19Z" uid="10210169" user="MonteGeneroso" changeset="92106360" lat="7.9981223" lon="124.2534158"/>
  <node id="7984651836" version="1" timestamp="2020-10-07T10:57:19Z" uid="10210169" user="MonteGeneroso" changeset="92106360" lat="7.9982219" lon="124.2534278"/>
  <node id="7984651837" version="1" timestamp="2020-10-07T10:57:19Z" uid="10210169" user="MonteGeneroso" changeset="92106360" lat="7.9982976" lon="124.2534506"/>
  <node id="7984651838" version="1" timestamp="2020-10-07T10:57:19Z" uid="10210169" user="MonteGeneroso" changeset="92106360" lat="7.998364" lon="124.2534828"/>
  <node id="7984651839" version="1" timestamp="2020-10-07T10:57:19Z" uid="10210169" user="MonteGeneroso" changeset="92106360" lat="7.9984529" lon="124.253515"/>
  <node id="7984651840" version="1" timestamp="2020-10-07T10:57:19Z" uid="10210169" user="MonteGeneroso" changeset="92106360" lat="7.9985379" lon="124.2535177"/>
  <node id="7984651841" version="1" timestamp="2020-10-07T10:57:19Z" uid="10210169" user="MonteGeneroso" changeset="92106360" lat="7.9986282" lon="124.253507"/>
  <node id="7984651842" version="1" timestamp="2020-10-07T10:57:19Z" uid="10210169" user="MonteGeneroso" changeset="92106360" lat="7.9987225" lon="124.2534627"/>
  <node id="7984651843" version="1" timestamp="2020-10-07T10:57:19Z" uid="10210169" user="MonteGeneroso" changeset="92106360" lat="7.9993693" lon="124.2534251"/>
  <node id="7984651844" version="2" timestamp="2022-04-06T12:43:34Z" uid="5653955" user="Timmy_Tesseract" changeset="119385893" lat="7.9994351" lon="124.2534383"/>
  <node id="7984651845" version="1" timestamp="2020-10-07T10:57:19Z" uid="10210169" user="MonteGeneroso" changeset="92106360" lat="7.9994848" lon="124.2534654"/>
  <node id="7984651846" version="2" timestamp="2022-04-06T12:43:34Z" uid="5653955" user="Timmy_Tesseract" changeset="119385893" lat="7.9995154" lon="124.2535383"/>
  <node id="7984651847" version="1" timestamp="2020-10-07T10:57:19Z" uid="10210169" user="MonteGeneroso" changeset="92106360" lat="8.0001993" lon="124.2541037"/>
  <node id="7984651848" version="1" timestamp="2020-10-07T10:57:19Z" uid="10210169" user="MonteGeneroso" changeset="92106360" lat="7.9996356" lon="124.2545765"/>
  <node id="7984651849" version="1" timestamp="2020-10-07T10:57:19Z" uid="10210169" user="MonteGeneroso" changeset="92106360" lat="7.9995904" lon="124.2547136"/>
  <node id="7984651850" version="1" timestamp="2020-10-07T10:57:19Z" uid="10210169" user="MonteGeneroso" changeset="92106360" lat="7.9996376" lon="124.2545034"/>
  <node id="7984651851" version="1" timestamp="2020-10-07T10:57:19Z" uid="10210169" user="MonteGeneroso" changeset="92106360" lat="7.9996236" lon="124.2546717"/>
  <node id="7984651852" version="1" timestamp="2020-10-07T10:57:19Z" uid="10210169" user="MonteGeneroso" changeset="92106360" lat="7.999609" lon="124.2546932"/>
  <node id="7984651853" version="1" timestamp="2020-10-07T10:57:19Z" uid="10210169" user="MonteGeneroso" changeset="92106360" lat="7.9995552" lon="124.2547401"/>
  <node id="7984651854" version="1" timestamp="2020-10-07T10:57:19Z" uid="10210169" user="MonteGeneroso" changeset="92106360" lat="7.9995034" lon="124.2547689"/>
  <node id="7984651855" version="1" timestamp="2020-10-07T10:57:19Z" uid="10210169" user="MonteGeneroso" changeset="92106360" lat="7.999449" lon="124.2547944"/>
  <node id="7984651856" version="1" timestamp="2020-10-07T10:57:19Z" uid="10210169" user="MonteGeneroso" changeset="92106360" lat="7.9993945" lon="124.2548051"/>
  <node id="7984651857" version="1" timestamp="2020-10-07T10:57:19Z" uid="10210169" user="MonteGeneroso" changeset="92106360" lat="7.9981425" lon="124.2547656"/>
  <node id="7984651858" version="1" timestamp="2020-10-07T10:57:19Z" uid="10210169" user="MonteGeneroso" changeset="92106360" lat="7.998097" lon="124.254773"/>
  <node id="7984651859" version="1" timestamp="2020-10-07T10:57:19Z" uid="10210169" user="MonteGeneroso" changeset="92106360" lat="7.9980774" lon="124.254788"/>
  <node id="7984651860" version="2" timestamp="2020-11-07T09:46:36Z" uid="10811350" user="Dunajec5" changeset="93700605" lat="8.00072" lon="124.2542405"/>
  <node id="7984651861" version="2" timestamp="2020-11-07T09:46:36Z" uid="10811350" user="Dunajec5" changeset="93700605" lat="8.0005911" lon="124.2528518"/>
  <node id="7984651862" version="1" timestamp="2020-10-07T10:57:19Z" uid="10210169" user="MonteGeneroso" changeset="92106360" lat="8.0005453" lon="124.2532454"/>
  <node id="7984651863" version="1" timestamp="2020-10-07T10:57:19Z" uid="10210169" user="MonteGeneroso" changeset="92106360" lat="8.0005201" lon="124.2536089"/>
  <node id="7984651864" version="1" timestamp="2020-10-07T10:57:19Z" uid="10210169" user="MonteGeneroso" changeset="92106360" lat="8.0005028" lon="124.2538952"/>
  <node id="7984651869" version="2" timestamp="2020-11-07T09:46:36Z" uid="10811350" user="Dunajec5" changeset="93700605" lat="8.0006595" lon="124.255754"/>
  <node id="7984651870" version="1" timestamp="2020-10-07T10:57:19Z" uid="10210169" user="MonteGeneroso" changeset="92106360" lat="8.0006037" lon="124.2557614"/>
  <node id="7984720545" version="2" timestamp="2022-04-06T12:43:34Z" uid="5653955" user="Timmy_Tesseract" changeset="119385893" lat="7.9951683" lon="124.2536539"/>
  <node id="7984720546" version="2" timestamp="2022-04-06T12:43:34Z" uid="5653955" user="Timmy_Tesseract" changeset="119385893" lat="7.9951855" lon="124.2535296"/>
  <node id="7984720548" version="1" timestamp="2020-10-07T11:18:31Z" uid="10210169" user="MonteGeneroso" changeset="92107874" lat="7.9996249" lon="124.2528746"/>
  <node id="7984720549" version="1" timestamp="2020-10-07T11:18:31Z" uid="10210169" user="MonteGeneroso" changeset="92107874" lat="7.9996681" lon="124.2530791"/>
  <node id="7984720550" version="1" timestamp="2020-10-07T11:18:31Z" uid="10210169" user="MonteGeneroso" changeset="92107874" lat="7.9997026" lon="124.2533366"/>
  <node id="7984720551" version="1" timestamp="2020-10-07T11:18:31Z" uid="10210169" user="MonteGeneroso" changeset="92107874" lat="7.9997465" lon="124.2535472"/>
  <node id="7984720552" version="1" timestamp="2020-10-07T11:18:31Z" uid="10210169" user="MonteGeneroso" changeset="92107874" lat="7.9997478" lon="124.2535935"/>
  <node id="7984720553" version="1" timestamp="2020-10-07T11:18:31Z" uid="10210169" user="MonteGeneroso" changeset="92107874" lat="7.9997392" lon="124.253625"/>
  <node id="7984720554" version="1" timestamp="2020-10-07T11:18:31Z" uid="10210169" user="MonteGeneroso" changeset="92107874" lat="7.9997212" lon="124.2536464"/>
  <node id="7984720555" version="1" timestamp="2020-10-07T11:18:31Z" uid="10210169" user="MonteGeneroso" changeset="92107874" lat="7.9997" lon="124.2536585"/>
  <node id="7984720556" version="2" timestamp="2022-04-06T12:43:34Z" uid="5653955" user="Timmy_Tesseract" changeset="119385893" lat="7.9995439" lon="124.2537046"/>
  <node id="7984720576" version="2" timestamp="2022-04-06T12:43:34Z" uid="5653955" user="Timmy_Tesseract" changeset="119385893" lat="7.9970036" lon="124.2514259"/>
  <node id="7984720577" version="1" timestamp="2020-10-07T11:18:31Z" uid="10210169" user="MonteGeneroso" changeset="92107874" lat="7.9970518" lon="124.2513826"/>
  <node id="7984720578" version="2" timestamp="2022-04-06T12:43:34Z" uid="5653955" user="Timmy_Tesseract" changeset="119385893" lat="7.9971262" lon="124.2513021"/>
  <node id="7984720579" version="1" timestamp="2020-10-07T11:18:31Z" uid="10210169" user="MonteGeneroso" changeset="92107874" lat="7.9972032" lon="124.251215"/>
  <node id="7984720580" version="1" timestamp="2020-10-07T11:18:31Z" uid="10210169" user="MonteGeneroso" changeset="92107874" lat="7.997348" lon="124.2510836"/>
  <node id="7984720581" version="1" timestamp="2020-10-07T11:18:31Z" uid="10210169" user="MonteGeneroso" changeset="92107874" lat="7.9975512" lon="124.2509025"/>
  <node id="7984720582" version="1" timestamp="2020-10-07T11:18:31Z" uid="10210169" user="MonteGeneroso" changeset="92107874" lat="7.9976627" lon="124.2508006"/>
  <node id="7984720583" version="1" timestamp="2020-10-07T11:18:31Z" uid="10210169" user="MonteGeneroso" changeset="92107874" lat="7.9977199" lon="124.2507255"/>
  <node id="7984720584" version="1" timestamp="2020-10-07T11:18:31Z" uid="10210169" user="MonteGeneroso" changeset="92107874" lat="7.9977531" lon="124.2506732"/>
  <node id="7984750685" version="1" timestamp="2020-10-07T11:18:31Z" uid="10210169" user="MonteGeneroso" changeset="92107874" lat="7.9977823" lon="124.2506263"/>
  <node id="7984750686" version="1" timestamp="2020-10-07T11:18:31Z" uid="10210169" user="MonteGeneroso" changeset="92107874" lat="7.9978699" lon="124.2505498"/>
  <node id="7984750687" version="1" timestamp="2020-10-07T11:18:31Z" uid="10210169" user="MonteGeneroso" changeset="92107874" lat="7.9979523" lon="124.2504868"/>
  <node id="7984750688" version="1" timestamp="2020-10-07T11:18:31Z" uid="10210169" user="MonteGeneroso" changeset="92107874" lat="7.9979801" lon="124.2504358"/>
  <node id="7984750689" version="1" timestamp="2020-10-07T11:18:31Z" uid="10210169" user="MonteGeneroso" changeset="92107874" lat="7.9979987" lon="124.2503862"/>
  <node id="7984750690" version="1" timestamp="2020-10-07T11:18:31Z" uid="10210169" user="MonteGeneroso" changeset="92107874" lat="7.9980067" lon="124.2503245"/>
  <node id="7984750691" version="1" timestamp="2020-10-07T11:18:31Z" uid="10210169" user="MonteGeneroso" changeset="92107874" lat="7.9980187" lon="124.2502896"/>
  <node id="7984750692" version="1" timestamp="2020-10-07T11:18:31Z" uid="10210169" user="MonteGeneroso" changeset="92107874" lat="7.9980452" lon="124.2502615"/>
  <node id="7984750693" version="1" timestamp="2020-10-07T11:18:31Z" uid="10210169" user="MonteGeneroso" changeset="92107874" lat="7.9980957" lon="124.2502347"/>
  <node id="7984750694" version="1" timestamp="2020-10-07T11:18:31Z" uid="10210169" user="MonteGeneroso" changeset="92107874" lat="7.998781" lon="124.2498243"/>
  <node id="7984750695" version="1" timestamp="2020-10-07T11:18:31Z" uid="10210169" user="MonteGeneroso" changeset="92107874" lat="8.0000332" lon="124.2490663"/>
  <node id="7984750697" version="2" timestamp="2022-04-06T12:43:34Z" uid="5653955" user="Timmy_Tesseract" changeset="119385893" lat="7.9965005" lon="124.2514719"/>
  <node id="7984750702" version="2" timestamp="2022-04-06T12:43:34Z" uid="5653955" user="Timmy_Tesseract" changeset="119385893" lat="7.9966013" lon="124.2527161"/>
  <node id="7984750703" version="2" timestamp="2022-04-06T12:43:34Z" uid="5653955" user="Timmy_Tesseract" changeset="119385893" lat="7.9966331" lon="124.2527718"/>
  <node id="7984750704" version="2" timestamp="2022-04-06T12:43:34Z" uid="5653955" user="Timmy_Tesseract" changeset="119385893" lat="7.9966485" lon="124.2528076"/>
  <node id="7984750705" version="2" timestamp="2022-04-06T12:43:34Z" uid="5653955" user="Timmy_Tesseract" changeset="119385893" lat="7.9966557" lon="124.2528616"/>
  <node id="7984750710" version="2" timestamp="2022-04-06T12:43:34Z" uid="5653955" user="Timmy_Tesseract" changeset="119385893" lat="7.996621" lon="124.2530671"/>
  <node id="7984750713" version="3" timestamp="2022-04-06T12:43:34Z" uid="5653955" user="Timmy_Tesseract" changeset="119385893" lat="7.9967223" lon="124.2530867"/>
  <node id="7984750715" version="1" timestamp="2020-10-07T11:18:31Z" uid="10210169" user="MonteGeneroso" changeset="92107874" lat="7.9957417" lon="124.2533393"/>
  <node id="7984773307" version="1" timestamp="2020-10-07T11:28:24Z" uid="10210169" user="MonteGeneroso" changeset="92108636" lat="7.9938153" lon="124.2515342"/>
  <node id="7984773308" version="1" timestamp="2020-10-07T11:28:24Z" uid="10210169" user="MonteGeneroso" changeset="92108636" lat="7.9937795" lon="124.2515369"/>
  <node id="7984773309" version="1" timestamp="2020-10-07T11:28:24Z" uid="10210169" user="MonteGeneroso" changeset="92108636" lat="7.9937356" lon="124.251565"/>
  <node id="7984773310" version="1" timestamp="2020-10-07T11:28:24Z" uid="10210169" user="MonteGeneroso" changeset="92108636" lat="7.9936732" lon="124.2516656"/>
  <node id="7984773311" version="1" timestamp="2020-10-07T11:28:24Z" uid="10210169" user="MonteGeneroso" changeset="92108636" lat="7.9936228" lon="124.2517461"/>
  <node id="7984773312" version="1" timestamp="2020-10-07T11:28:24Z" uid="10210169" user="MonteGeneroso" changeset="92108636" lat="7.9936078" lon="124.2517974"/>
  <node id="7984773313" version="1" timestamp="2020-10-07T11:28:24Z" uid="10210169" user="MonteGeneroso" changeset="92108636" lat="7.9959057" lon="124.2553342"/>
  <node id="7984773314" version="1" timestamp="2020-10-07T11:28:24Z" uid="10210169" user="MonteGeneroso" changeset="92108636" lat="7.9958918" lon="124.2553879"/>
  <node id="7984773315" version="1" timestamp="2020-10-07T11:28:24Z" uid="10210169" user="MonteGeneroso" changeset="92108636" lat="7.9959329" lon="124.255247"/>
  <node id="7984773316" version="1" timestamp="2020-10-07T11:28:24Z" uid="10210169" user="MonteGeneroso" changeset="92108636" lat="7.9960013" lon="124.255013"/>
  <node id="7984773317" version="1" timestamp="2020-10-07T11:28:24Z" uid="10210169" user="MonteGeneroso" changeset="92108636" lat="7.9961116" lon="124.2546456"/>
  <node id="7984773318" version="1" timestamp="2020-10-07T11:28:24Z" uid="10210169" user="MonteGeneroso" changeset="92108636" lat="7.9962271" lon="124.2543411"/>
  <node id="7984773319" version="1" timestamp="2020-10-07T11:28:24Z" uid="10210169" user="MonteGeneroso" changeset="92108636" lat="7.9958672" lon="124.2557258"/>
  <node id="7984773320" version="2" timestamp="2022-04-06T12:43:34Z" uid="5653955" user="Timmy_Tesseract" changeset="119385893" lat="7.9970867" lon="124.2531314"/>
  <node id="7984773321" version="1" timestamp="2020-10-07T11:28:24Z" uid="10210169" user="MonteGeneroso" changeset="92108636" lat="7.9972643" lon="124.2526782"/>
  <node id="7984773323" version="2" timestamp="2022-04-06T12:43:34Z" uid="5653955" user="Timmy_Tesseract" changeset="119385893" lat="7.996239" lon="124.2529933"/>
  <node id="7984773327" version="1" timestamp="2020-10-07T11:28:24Z" uid="10210169" user="MonteGeneroso" changeset="92108636" lat="7.9967776" lon="124.2539395"/>
  <node id="7984773328" version="1" timestamp="2020-10-07T11:28:24Z" uid="10210169" user="MonteGeneroso" changeset="92108636" lat="7.9963035" lon="124.254152"/>
  <node id="7984773329" version="1" timestamp="2020-10-07T11:28:24Z" uid="10210169" user="MonteGeneroso" changeset="92108636" lat="7.996338" lon="124.2540454"/>
  <node id="7984773330" version="1" timestamp="2020-10-07T11:28:24Z" uid="10210169" user="MonteGeneroso" changeset="92108636" lat="7.9963367" lon="124.2540079"/>
  <node id="7984773331" version="1" timestamp="2020-10-07T11:28:24Z" uid="10210169" user="MonteGeneroso" changeset="92108636" lat="7.996328" lon="124.253983"/>
  <node id="7984773332" version="1" timestamp="2020-10-07T11:28:24Z" uid="10210169" user="MonteGeneroso" changeset="92108636" lat="7.9963088" lon="124.2539562"/>
  <node id="7984773333" version="1" timestamp="2020-10-07T11:28:24Z" uid="10210169" user="MonteGeneroso" changeset="92108636" lat="7.9962895" lon="124.2539247"/>
  <node id="7984773334" version="1" timestamp="2020-10-07T11:28:24Z" uid="10210169" user="MonteGeneroso" changeset="92108636" lat="7.9962902" lon="124.2538999"/>
  <node id="7984773335" version="1" timestamp="2020-10-07T11:28:24Z" uid="10210169" user="MonteGeneroso" changeset="92108636" lat="7.9963041" lon="124.253859"/>
  <node id="7984773336" version="1" timestamp="2020-10-07T11:28:24Z" uid="10210169" user="MonteGeneroso" changeset="92108636" lat="7.9964035" lon="124.2535904"/>
  <node id="7984773337" version="1" timestamp="2020-10-07T11:28:24Z" uid="10210169" user="MonteGeneroso" changeset="92108636" lat="7.996338" lon="124.2537752"/>
  <node id="7984773338" version="1" timestamp="2020-10-07T11:28:24Z" uid="10210169" user="MonteGeneroso" changeset="92108636" lat="7.996506" lon="124.2538342"/>
  <node id="7984773339" version="1" timestamp="2020-10-07T11:28:24Z" uid="10210169" user="MonteGeneroso" changeset="92108636" lat="7.996672" lon="124.2539019"/>
  <node id="7984773340" version="1" timestamp="2020-10-07T11:28:24Z" uid="10210169" user="MonteGeneroso" changeset="92108636" lat="7.9969548" lon="124.2540204"/>
  <node id="7984773341" version="1" timestamp="2020-10-07T11:28:24Z" uid="10210169" user="MonteGeneroso" changeset="92108636" lat="7.9969477" lon="124.2539993"/>
  <node id="7984773342" version="1" timestamp="2020-10-07T11:28:24Z" uid="10210169" user="MonteGeneroso" changeset="92108636" lat="7.9969441" lon="124.2539932"/>
  <node id="7984773343" version="1" timestamp="2020-10-07T11:28:24Z" uid="10210169" user="MonteGeneroso" changeset="92108636" lat="7.996939" lon="124.2539871"/>
  <node id="7984773344" version="1" timestamp="2020-10-07T11:28:24Z" uid="10210169" user="MonteGeneroso" changeset="92108636" lat="7.9969336" lon="124.2539831"/>
  <node id="7984773345" version="1" timestamp="2020-10-07T11:28:24Z" uid="10210169" user="MonteGeneroso" changeset="92108636" lat="7.9969516" lon="124.254009"/>
  <node id="7984773346" version="1" timestamp="2020-10-07T11:28:24Z" uid="10210169" user="MonteGeneroso" changeset="92108636" lat="7.9969569" lon="124.2540387"/>
  <node id="7984773347" version="2" timestamp="2022-04-06T12:43:34Z" uid="5653955" user="Timmy_Tesseract" changeset="119385893" lat="7.9983184" lon="124.2518415"/>
  <node id="7984773349" version="1" timestamp="2020-10-07T11:28:24Z" uid="10210169" user="MonteGeneroso" changeset="92108636" lat="7.997927" lon="124.2520894"/>
  <node id="7984773350" version="1" timestamp="2020-10-07T11:28:24Z" uid="10210169" user="MonteGeneroso" changeset="92108636" lat="7.9978878" lon="124.2521249"/>
  <node id="7984773351" version="1" timestamp="2020-10-07T11:28:24Z" uid="10210169" user="MonteGeneroso" changeset="92108636" lat="7.9978792" lon="124.2521477"/>
  <node id="7984773352" version="1" timestamp="2020-10-07T11:28:24Z" uid="10210169" user="MonteGeneroso" changeset="92108636" lat="7.9978786" lon="124.2521719"/>
  <node id="7984773353" version="1" timestamp="2020-10-07T11:28:24Z" uid="10210169" user="MonteGeneroso" changeset="92108636" lat="7.9978859" lon="124.2522021"/>
  <node id="7984773354" version="1" timestamp="2020-10-07T11:28:24Z" uid="10210169" user="MonteGeneroso" changeset="92108636" lat="7.9978998" lon="124.2522289"/>
  <node id="7984773355" version="1" timestamp="2020-10-07T11:28:24Z" uid="10210169" user="MonteGeneroso" changeset="92108636" lat="7.9979303" lon="124.2522691"/>
  <node id="7984773356" version="1" timestamp="2020-10-07T11:28:24Z" uid="10210169" user="MonteGeneroso" changeset="92108636" lat="7.9979702" lon="124.2523006"/>
  <node id="7984773357" version="1" timestamp="2020-10-07T11:28:24Z" uid="10210169" user="MonteGeneroso" changeset="92108636" lat="7.9980419" lon="124.2523395"/>
  <node id="7984773358" version="1" timestamp="2020-10-07T11:28:24Z" uid="10210169" user="MonteGeneroso" changeset="92108636" lat="7.9980519" lon="124.2523617"/>
  <node id="7984773359" version="1" timestamp="2020-10-07T11:28:24Z" uid="10210169" user="MonteGeneroso" changeset="92108636" lat="7.9980539" lon="124.2523791"/>
  <node id="7984773360" version="1" timestamp="2020-10-07T11:28:24Z" uid="10210169" user="MonteGeneroso" changeset="92108636" lat="7.9980479" lon="124.2524086"/>
  <node id="7984773361" version="1" timestamp="2020-10-07T11:28:24Z" uid="10210169" user="MonteGeneroso" changeset="92108636" lat="7.9980253" lon="124.2524609"/>
  <node id="7984783165" version="1" timestamp="2020-10-07T11:35:22Z" uid="10210169" user="MonteGeneroso" changeset="92109186" lat="7.9901657" lon="124.258437"/>
  <node id="7984783166" version="1" timestamp="2020-10-07T11:35:22Z" uid="10210169" user="MonteGeneroso" changeset="92109186" lat="7.9903232" lon="124.2583269"/>
  <node id="7984783167" version="1" timestamp="2020-10-07T11:35:22Z" uid="10210169" user="MonteGeneroso" changeset="92109186" lat="7.9904473" lon="124.2582585"/>
  <node id="7984783168" version="1" timestamp="2020-10-07T11:35:22Z" uid="10210169" user="MonteGeneroso" changeset="92109186" lat="7.9904865" lon="124.2582498"/>
  <node id="7984783169" version="1" timestamp="2020-10-07T11:35:22Z" uid="10210169" user="MonteGeneroso" changeset="92109186" lat="7.9905283" lon="124.2582525"/>
  <node id="7984783170" version="1" timestamp="2020-10-07T11:35:22Z" uid="10210169" user="MonteGeneroso" changeset="92109186" lat="7.9905609" lon="124.2582585"/>
  <node id="7984783171" version="1" timestamp="2020-10-07T11:35:22Z" uid="10210169" user="MonteGeneroso" changeset="92109186" lat="7.9905954" lon="124.2582719"/>
  <node id="7984783172" version="1" timestamp="2020-10-07T11:35:22Z" uid="10210169" user="MonteGeneroso" changeset="92109186" lat="7.9906273" lon="124.258292"/>
  <node id="7984783173" version="1" timestamp="2020-10-07T11:35:22Z" uid="10210169" user="MonteGeneroso" changeset="92109186" lat="7.9906638" lon="124.2583121"/>
  <node id="7984783174" version="1" timestamp="2020-10-07T11:35:22Z" uid="10210169" user="MonteGeneroso" changeset="92109186" lat="7.9906864" lon="124.2583182"/>
  <node id="7984783175" version="1" timestamp="2020-10-07T11:35:22Z" uid="10210169" user="MonteGeneroso" changeset="92109186" lat="7.9907076" lon="124.2583182"/>
  <node id="7984783176" version="1" timestamp="2020-10-07T11:35:22Z" uid="10210169" user="MonteGeneroso" changeset="92109186" lat="7.9907422" lon="124.2583128"/>
  <node id="7984783177" version="1" timestamp="2020-10-07T11:35:22Z" uid="10210169" user="MonteGeneroso" changeset="92109186" lat="7.9907953" lon="124.2583074"/>
  <node id="7984783178" version="1" timestamp="2020-10-07T11:35:22Z" uid="10210169" user="MonteGeneroso" changeset="92109186" lat="7.9908285" lon="124.2583121"/>
  <node id="7984783179" version="1" timestamp="2020-10-07T11:35:22Z" uid="10210169" user="MonteGeneroso" changeset="92109186" lat="7.9908504" lon="124.2583209"/>
  <node id="7984783180" version="1" timestamp="2020-10-07T11:35:22Z" uid="10210169" user="MonteGeneroso" changeset="92109186" lat="7.990102" lon="124.2583443"/>
  <node id="7984783181" version="1" timestamp="2020-10-07T11:35:22Z" uid="10210169" user="MonteGeneroso" changeset="92109186" lat="7.9902348" lon="124.2585374"/>
  <node id="7984783182" version="1" timestamp="2020-10-07T11:35:22Z" uid="10210169" user="MonteGeneroso" changeset="92109186" lat="7.9903823" lon="124.258693"/>
  <node id="7984783183" version="1" timestamp="2020-10-07T11:35:22Z" uid="10210169" user="MonteGeneroso" changeset="92109186" lat="7.9905244" lon="124.2588808"/>
  <node id="7984783184" version="1" timestamp="2020-10-07T11:35:22Z" uid="10210169" user="MonteGeneroso" changeset="92109186" lat="7.990616" lon="124.2590256"/>
  <node id="7984808785" version="1" timestamp="2020-10-07T11:35:22Z" uid="10210169" user="MonteGeneroso" changeset="92109186" lat="7.9906412" lon="124.2590457"/>
  <node id="7984808786" version="1" timestamp="2020-10-07T11:35:22Z" uid="10210169" user="MonteGeneroso" changeset="92109186" lat="7.9906784" lon="124.259043"/>
  <node id="7987736562" version="1" timestamp="2020-10-08T10:03:19Z" uid="10210169" user="MonteGeneroso" changeset="92165989" lat="7.9930417" lon="124.2427198"/>
  <node id="7987736563" version="1" timestamp="2020-10-08T10:03:19Z" uid="10210169" user="MonteGeneroso" changeset="92165989" lat="7.993976" lon="124.2427895"/>
  <node id="7987736564" version="1" timestamp="2020-10-08T10:03:19Z" uid="10210169" user="MonteGeneroso" changeset="92165989" lat="7.9947696" lon="124.2429116"/>
  <node id="7987736565" version="1" timestamp="2020-10-08T10:03:19Z" uid="10210169" user="MonteGeneroso" changeset="92165989" lat="7.9952284" lon="124.2430007"/>
  <node id="7987736566" version="1" timestamp="2020-10-08T10:03:19Z" uid="10210169" user="MonteGeneroso" changeset="92165989" lat="7.9955518" lon="124.2431335"/>
  <node id="7987736567" version="1" timestamp="2020-10-08T10:03:19Z" uid="10210169" user="MonteGeneroso" changeset="92165989" lat="7.9953858" lon="124.2430557"/>
  <node id="7987736568" version="1" timestamp="2020-10-08T10:03:19Z" uid="10210169" user="MonteGeneroso" changeset="92165989" lat="7.9956892" lon="124.2432193"/>
  <node id="7987736569" version="1" timestamp="2020-10-08T10:03:19Z" uid="10210169" user="MonteGeneroso" changeset="92165989" lat="7.9962689" lon="124.2436988"/>
  <node id="7987736570" version="1" timestamp="2020-10-08T10:03:19Z" uid="10210169" user="MonteGeneroso" changeset="92165989" lat="7.9966169" lon="124.2440086"/>
  <node id="7987736571" version="1" timestamp="2020-10-08T10:03:19Z" uid="10210169" user="MonteGeneroso" changeset="92165989" lat="7.9967982" lon="124.2441796"/>
  <node id="7987736572" version="1" timestamp="2020-10-08T10:03:19Z" uid="10210169" user="MonteGeneroso" changeset="92165989" lat="7.9969708" lon="124.2443398"/>
  <node id="7987736573" version="1" timestamp="2020-10-08T10:03:19Z" uid="10210169" user="MonteGeneroso" changeset="92165989" lat="7.9978234" lon="124.2451727"/>
  <node id="7987736574" version="1" timestamp="2020-10-08T10:03:19Z" uid="10210169" user="MonteGeneroso" changeset="92165989" lat="7.9981189" lon="124.245469"/>
  <node id="7987736575" version="1" timestamp="2020-10-08T10:03:19Z" uid="10210169" user="MonteGeneroso" changeset="92165989" lat="7.9984822" lon="124.2458861"/>
  <node id="7987736576" version="1" timestamp="2020-10-08T10:03:19Z" uid="10210169" user="MonteGeneroso" changeset="92165989" lat="7.9926758" lon="124.2427184"/>
  <node id="7987736583" version="1" timestamp="2020-10-08T10:03:19Z" uid="10210169" user="MonteGeneroso" changeset="92165989" lat="7.986657" lon="124.2370597"/>
  <node id="7987736584" version="1" timestamp="2020-10-08T10:03:19Z" uid="10210169" user="MonteGeneroso" changeset="92165989" lat="7.9864471" lon="124.2368424"/>
  <node id="8090444894" version="1" timestamp="2020-11-07T09:46:36Z" uid="10811350" user="Dunajec5" changeset="93700605" lat="8.0054942" lon="124.2557292"/>
  <node id="8090444895" version="1" timestamp="2020-11-07T09:46:36Z" uid="10811350" user="Dunajec5" changeset="93700605" lat="8.0054803" lon="124.2557238"/>
  <node id="8090444896" version="1" timestamp="2020-11-07T09:46:36Z" uid="10811350" user="Dunajec5" changeset="93700605" lat="8.0024942" lon="124.2536652"/>
  <node id="8090444897" version="1" timestamp="2020-11-07T09:46:36Z" uid="10811350" user="Dunajec5" changeset="93700605" lat="8.0031376" lon="124.2536149"/>
  <node id="8090444898" version="1" timestamp="2020-11-07T09:46:36Z" uid="10811350" user="Dunajec5" changeset="93700605" lat="8.0036596" lon="124.2541882"/>
  <node id="8090444899" version="1" timestamp="2020-11-07T09:46:36Z" uid="10811350" user="Dunajec5" changeset="93700605" lat="8.0036516" lon="124.254199"/>
  <node id="8090444900" version="1" timestamp="2020-11-07T09:46:36Z" uid="10811350" user="Dunajec5" changeset="93700605" lat="8.0035194" lon="124.2542731"/>
  <node id="8090444901" version="1" timestamp="2020-11-07T09:46:36Z" uid="10811350" user="Dunajec5" changeset="93700605" lat="8.0035075" lon="124.254268"/>
  <node id="8090444902" version="1" timestamp="2020-11-07T09:46:36Z" uid="10811350" user="Dunajec5" changeset="93700605" lat="8.0035314" lon="124.2542687"/>
  <node id="8090444903" version="2" timestamp="2022-05-24T07:25:04Z" uid="5653955" user="Timmy_Tesseract" changeset="121405934" lat="8.0010752" lon="124.2636933"/>
  <node id="8090444904" version="1" timestamp="2020-11-07T09:46:36Z" uid="10811350" user="Dunajec5" changeset="93700605" lat="8.0009092" lon="124.2640259"/>
  <node id="8090444905" version="1" timestamp="2020-11-07T09:46:36Z" uid="10811350" user="Dunajec5" changeset="93700605" lat="8.0038488" lon="124.2595956"/>
  <node id="8090444906" version="1" timestamp="2020-11-07T09:46:36Z" uid="10811350" user="Dunajec5" changeset="93700605" lat="8.0021854" lon="124.2580432"/>
  <node id="8090444907" version="1" timestamp="2020-11-07T09:46:36Z" uid="10811350" user="Dunajec5" changeset="93700605" lat="8.0027638" lon="124.2582223"/>
  <node id="8090444908" version="1" timestamp="2020-11-07T09:46:36Z" uid="10811350" user="Dunajec5" changeset="93700605" lat="8.0031888" lon="124.2581324"/>
  <node id="8090444909" version="1" timestamp="2020-11-07T09:46:36Z" uid="10811350" user="Dunajec5" changeset="93700605" lat="8.003056" lon="124.2581673"/>
  <node id="8090444910" version="1" timestamp="2020-11-07T09:46:36Z" uid="10811350" user="Dunajec5" changeset="93700605" lat="8.0033216" lon="124.2557064"/>
  <node id="8090444911" version="4" timestamp="2022-05-24T07:25:04Z" uid="5653955" user="Timmy_Tesseract" changeset="121405934" lat="8.0011541" lon="124.2579963"/>
  <node id="8090444912" version="1" timestamp="2020-11-07T09:46:36Z" uid="10811350" user="Dunajec5" changeset="93700605" lat="8.0009152" lon="124.2571615"/>
  <node id="8090444913" version="2" timestamp="2022-04-09T05:45:19Z" uid="1041828" user="GOwin" changeset="119491577" lat="8.0010148" lon="124.2573586"/>
  <node id="8090444914" version="1" timestamp="2020-11-07T09:46:36Z" uid="10811350" user="Dunajec5" changeset="93700605" lat="8.00153" lon="124.25519"/>
  <node id="8090444915" version="1" timestamp="2020-11-07T09:46:36Z" uid="10811350" user="Dunajec5" changeset="93700605" lat="8.0022598" lon="124.2536263"/>
  <node id="8090444916" version="1" timestamp="2020-11-07T09:46:36Z" uid="10811350" user="Dunajec5" changeset="93700605" lat="8.0021761" lon="124.2536471"/>
  <node id="8090461317" version="1" timestamp="2020-11-07T09:46:36Z" uid="10811350" user="Dunajec5" changeset="93700605" lat="8.0019106" lon="124.2537501"/>
  <node id="8090461318" version="1" timestamp="2020-11-07T09:46:36Z" uid="10811350" user="Dunajec5" changeset="93700605" lat="8.0009125" lon="124.2541775"/>
  <node id="8090505324" version="1" timestamp="2020-11-07T10:11:33Z" uid="10811350" user="Dunajec5" changeset="93701468" lat="8.0092964" lon="124.2635465"/>
  <node id="8090505325" version="1" timestamp="2020-11-07T10:11:33Z" uid="10811350" user="Dunajec5" changeset="93701468" lat="8.0088727" lon="124.2622335"/>
  <node id="8090505326" version="1" timestamp="2020-11-07T10:11:33Z" uid="10811350" user="Dunajec5" changeset="93701468" lat="8.0089445" lon="124.2624401"/>
  <node id="8090505327" version="2" timestamp="2022-05-24T07:40:28Z" uid="5653955" user="Timmy_Tesseract" changeset="121406855" lat="8.008299" lon="124.2610185"/>
  <node id="8090505328" version="2" timestamp="2020-11-07T10:45:09Z" uid="10811350" user="Dunajec5" changeset="93702432" lat="8.0077811" lon="124.2594346"/>
  <node id="8090505329" version="1" timestamp="2020-11-07T10:11:33Z" uid="10811350" user="Dunajec5" changeset="93701468" lat="8.0064597" lon="124.2561731"/>
  <node id="8090505330" version="1" timestamp="2020-11-07T10:11:33Z" uid="10811350" user="Dunajec5" changeset="93701468" lat="8.0057001" lon="124.2543814"/>
  <node id="8090505331" version="1" timestamp="2020-11-07T10:11:33Z" uid="10811350" user="Dunajec5" changeset="93701468" lat="8.0040686" lon="124.2513632"/>
  <node id="8090505332" version="1" timestamp="2020-11-07T10:11:33Z" uid="10811350" user="Dunajec5" changeset="93701468" lat="8.0022073" lon="124.2497465"/>
  <node id="8090505333" version="1" timestamp="2020-11-07T10:11:33Z" uid="10811350" user="Dunajec5" changeset="93701468" lat="8.0017824" lon="124.2496607"/>
  <node id="8090505334" version="1" timestamp="2020-11-07T10:11:33Z" uid="10811350" user="Dunajec5" changeset="93701468" lat="8.0019138" lon="124.2496674"/>
  <node id="8090505335" version="1" timestamp="2020-11-07T10:11:33Z" uid="10811350" user="Dunajec5" changeset="93701468" lat="8.0026443" lon="124.2553335"/>
  <node id="8090505336" version="2" timestamp="2020-11-07T10:45:09Z" uid="10811350" user="Dunajec5" changeset="93702432" lat="8.0025221" lon="124.2554475"/>
  <node id="8090505337" version="1" timestamp="2020-11-07T10:11:33Z" uid="10811350" user="Dunajec5" changeset="93701468" lat="8.0025101" lon="124.2555106"/>
  <node id="8090505338" version="1" timestamp="2020-11-07T10:11:33Z" uid="10811350" user="Dunajec5" changeset="93701468" lat="8.0025154" lon="124.2555897"/>
  <node id="8090505339" version="1" timestamp="2020-11-07T10:11:33Z" uid="10811350" user="Dunajec5" changeset="93701468" lat="8.0012591" lon="124.2596251"/>
  <node id="8090505340" version="2" timestamp="2022-05-24T07:25:04Z" uid="5653955" user="Timmy_Tesseract" changeset="121405934" lat="8.00071" lon="124.2592281"/>
  <node id="8090505342" version="2" timestamp="2022-05-24T07:25:04Z" uid="5653955" user="Timmy_Tesseract" changeset="121405934" lat="8.0009822" lon="124.2594381"/>
  <node id="8090505343" version="1" timestamp="2020-11-07T10:11:33Z" uid="10811350" user="Dunajec5" changeset="93701468" lat="8.0014689" lon="124.2597458"/>
  <node id="8090505344" version="1" timestamp="2020-11-07T10:11:33Z" uid="10811350" user="Dunajec5" changeset="93701468" lat="8.0046786" lon="124.2558929"/>
  <node id="8090505345" version="1" timestamp="2020-11-07T10:11:33Z" uid="10811350" user="Dunajec5" changeset="93701468" lat="8.0047134" lon="124.2559773"/>
  <node id="8090505346" version="1" timestamp="2020-11-07T10:11:33Z" uid="10811350" user="Dunajec5" changeset="93701468" lat="8.004724" lon="124.256047"/>
  <node id="8090505347" version="1" timestamp="2020-11-07T10:11:33Z" uid="10811350" user="Dunajec5" changeset="93701468" lat="8.0047187" lon="124.2561583"/>
  <node id="8090505348" version="1" timestamp="2020-11-07T10:11:33Z" uid="10811350" user="Dunajec5" changeset="93701468" lat="8.0043125" lon="124.2559744"/>
  <node id="8090505349" version="1" timestamp="2020-11-07T10:11:33Z" uid="10811350" user="Dunajec5" changeset="93701468" lat="8.0043813" lon="124.2562294"/>
  <node id="8090505350" version="2" timestamp="2020-11-07T12:10:18Z" uid="10811350" user="Dunajec5" changeset="93704875" lat="8.0043906" lon="124.2562649"/>
  <node id="8090505351" version="1" timestamp="2020-11-07T10:11:33Z" uid="10811350" user="Dunajec5" changeset="93701468" lat="8.0044225" lon="124.2562602"/>
  <node id="8090505352" version="1" timestamp="2020-11-07T10:11:33Z" uid="10811350" user="Dunajec5" changeset="93701468" lat="8.0050281" lon="124.256153"/>
  <node id="8090505353" version="1" timestamp="2020-11-07T10:11:33Z" uid="10811350" user="Dunajec5" changeset="93701468" lat="8.0047067" lon="124.2562187"/>
  <node id="8090505354" version="1" timestamp="2020-11-07T10:11:33Z" uid="10811350" user="Dunajec5" changeset="93701468" lat="8.0048422" lon="124.2564882"/>
  <node id="8090505355" version="1" timestamp="2020-11-07T10:11:33Z" uid="10811350" user="Dunajec5" changeset="93701468" lat="8.0048661" lon="124.2565164"/>
  <node id="8090505356" version="1" timestamp="2020-11-07T10:11:33Z" uid="10811350" user="Dunajec5" changeset="93701468" lat="8.0049245" lon="124.256558"/>
  <node id="8090505357" version="1" timestamp="2020-11-07T10:11:33Z" uid="10811350" user="Dunajec5" changeset="93701468" lat="8.004967" lon="124.2565861"/>
  <node id="8090505358" version="1" timestamp="2020-11-07T10:11:33Z" uid="10811350" user="Dunajec5" changeset="93701468" lat="8.0050361" lon="124.2566156"/>
  <node id="8090505359" version="1" timestamp="2020-11-07T10:11:33Z" uid="10811350" user="Dunajec5" changeset="93701468" lat="8.004456" lon="124.2559425"/>
  <node id="8090505360" version="1" timestamp="2020-11-07T10:11:33Z" uid="10811350" user="Dunajec5" changeset="93701468" lat="8.0043296" lon="124.2556339"/>
  <node id="8090505361" version="1" timestamp="2020-11-07T10:11:33Z" uid="10811350" user="Dunajec5" changeset="93701468" lat="8.004549" lon="124.2559218"/>
  <node id="8090505362" version="1" timestamp="2020-11-07T10:11:33Z" uid="10811350" user="Dunajec5" changeset="93701468" lat="8.004546" lon="124.2558807"/>
  <node id="8090505363" version="1" timestamp="2020-11-07T10:11:33Z" uid="10811350" user="Dunajec5" changeset="93701468" lat="8.00455" lon="124.2558566"/>
  <node id="8090505364" version="1" timestamp="2020-11-07T10:11:33Z" uid="10811350" user="Dunajec5" changeset="93701468" lat="8.0048355" lon="124.2556018"/>
  <node id="8090505365" version="1" timestamp="2020-11-07T10:11:33Z" uid="10811350" user="Dunajec5" changeset="93701468" lat="8.0048541" lon="124.2555696"/>
  <node id="8090505366" version="1" timestamp="2020-11-07T10:11:33Z" uid="10811350" user="Dunajec5" changeset="93701468" lat="8.0048594" lon="124.2555334"/>
  <node id="8090505367" version="1" timestamp="2020-11-07T10:11:33Z" uid="10811350" user="Dunajec5" changeset="93701468" lat="8.0048515" lon="124.2554462"/>
  <node id="8090505368" version="1" timestamp="2020-11-07T10:11:33Z" uid="10811350" user="Dunajec5" changeset="93701468" lat="8.0048581" lon="124.2554019"/>
  <node id="8090505369" version="1" timestamp="2020-11-07T10:11:33Z" uid="10811350" user="Dunajec5" changeset="93701468" lat="8.0048807" lon="124.2553617"/>
  <node id="8090505370" version="1" timestamp="2020-11-07T10:11:33Z" uid="10811350" user="Dunajec5" changeset="93701468" lat="8.0049072" lon="124.2553362"/>
  <node id="8090505371" version="1" timestamp="2020-11-07T10:11:33Z" uid="10811350" user="Dunajec5" changeset="93701468" lat="8.0052193" lon="124.2552276"/>
  <node id="8090505372" version="1" timestamp="2020-11-07T10:11:33Z" uid="10811350" user="Dunajec5" changeset="93701468" lat="8.0059365" lon="124.2549607"/>
  <node id="8090505373" version="1" timestamp="2020-11-07T10:11:33Z" uid="10811350" user="Dunajec5" changeset="93701468" lat="8.003527" lon="124.2564114"/>
  <node id="8090505374" version="2" timestamp="2020-11-07T12:10:18Z" uid="10811350" user="Dunajec5" changeset="93704875" lat="8.0040414" lon="124.2563404"/>
  <node id="8090505375" version="2" timestamp="2020-11-07T12:10:18Z" uid="10811350" user="Dunajec5" changeset="93704875" lat="8.00406" lon="124.2563358"/>
  <node id="8090505376" version="2" timestamp="2020-11-07T12:10:18Z" uid="10811350" user="Dunajec5" changeset="93704875" lat="8.0040752" lon="124.2563307"/>
  <node id="8090505377" version="1" timestamp="2020-11-07T10:11:33Z" uid="10811350" user="Dunajec5" changeset="93701468" lat="8.0023707" lon="124.2584711"/>
  <node id="8090505378" version="1" timestamp="2020-11-07T10:11:33Z" uid="10811350" user="Dunajec5" changeset="93701468" lat="8.0047671" lon="124.2524027"/>
  <node id="8090505379" version="2" timestamp="2020-11-07T12:10:18Z" uid="10811350" user="Dunajec5" changeset="93704875" lat="8.0048329" lon="124.252359">
    <tag k="barrier" v="gate"/>
  </node>
  <node id="8090505380" version="1" timestamp="2020-11-07T10:11:33Z" uid="10811350" user="Dunajec5" changeset="93701468" lat="8.0048541" lon="124.2523523"/>
  <node id="8090505381" version="1" timestamp="2020-11-07T10:11:33Z" uid="10811350" user="Dunajec5" changeset="93701468" lat="8.0048887" lon="124.2523523"/>
  <node id="8090505382" version="1" timestamp="2020-11-07T10:11:33Z" uid="10811350" user="Dunajec5" changeset="93701468" lat="8.0051476" lon="124.2523684"/>
  <node id="8090505383" version="1" timestamp="2020-11-07T10:11:33Z" uid="10811350" user="Dunajec5" changeset="93701468" lat="8.0051968" lon="124.2523684"/>
  <node id="8090505384" version="1" timestamp="2020-11-07T10:11:33Z" uid="10811350" user="Dunajec5" changeset="93701468" lat="8.00523" lon="124.2523603"/>
  <node id="8090505385" version="1" timestamp="2020-11-07T10:11:33Z" uid="10811350" user="Dunajec5" changeset="93701468" lat="8.0054199" lon="124.2522839"/>
  <node id="8090505386" version="1" timestamp="2020-11-07T10:11:33Z" uid="10811350" user="Dunajec5" changeset="93701468" lat="8.005554" lon="124.252194"/>
  <node id="8090505387" version="1" timestamp="2020-11-07T10:11:33Z" uid="10811350" user="Dunajec5" changeset="93701468" lat="8.0039583" lon="124.2512506"/>
  <node id="8090505388" version="1" timestamp="2020-11-07T10:11:33Z" uid="10811350" user="Dunajec5" changeset="93701468" lat="8.0036244" lon="124.2514591"/>
  <node id="8090505389" version="2" timestamp="2020-11-07T10:45:09Z" uid="10811350" user="Dunajec5" changeset="93702432" lat="8.0036088" lon="124.2514698"/>
  <node id="8090505390" version="1" timestamp="2020-11-07T10:11:33Z" uid="10811350" user="Dunajec5" changeset="93701468" lat="8.0036204" lon="124.2514893"/>
  <node id="8090505391" version="1" timestamp="2020-11-07T10:11:33Z" uid="10811350" user="Dunajec5" changeset="93701468" lat="8.0018952" lon="124.2537567"/>
  <node id="8090505392" version="1" timestamp="2020-11-07T10:11:33Z" uid="10811350" user="Dunajec5" changeset="93701468" lat="8.0015128" lon="124.2530148"/>
  <node id="8090505393" version="1" timestamp="2020-11-07T10:11:33Z" uid="10811350" user="Dunajec5" changeset="93701468" lat="8.0015101" lon="124.2529866"/>
  <node id="8090505394" version="1" timestamp="2020-11-07T10:11:33Z" uid="10811350" user="Dunajec5" changeset="93701468" lat="8.0015234" lon="124.2529692"/>
  <node id="8090505395" version="1" timestamp="2020-11-07T10:11:33Z" uid="10811350" user="Dunajec5" changeset="93701468" lat="8.0019391" lon="124.2527653"/>
  <node id="8090505396" version="2" timestamp="2020-11-07T12:10:18Z" uid="10811350" user="Dunajec5" changeset="93704875" lat="8.0020785" lon="124.2527036"/>
  <node id="8090505397" version="1" timestamp="2020-11-07T10:11:33Z" uid="10811350" user="Dunajec5" changeset="93701468" lat="8.0022339" lon="124.2526393"/>
  <node id="8090505398" version="1" timestamp="2020-11-07T10:11:33Z" uid="10811350" user="Dunajec5" changeset="93701468" lat="8.0022698" lon="124.2526272"/>
  <node id="8090505399" version="1" timestamp="2020-11-07T10:11:33Z" uid="10811350" user="Dunajec5" changeset="93701468" lat="8.0023548" lon="124.2526031"/>
  <node id="8090505400" version="1" timestamp="2020-11-07T10:11:33Z" uid="10811350" user="Dunajec5" changeset="93701468" lat="8.0024026" lon="124.2525829"/>
  <node id="8090505401" version="1" timestamp="2020-11-07T10:11:33Z" uid="10811350" user="Dunajec5" changeset="93701468" lat="8.0032459" lon="124.2522101"/>
  <node id="8090505402" version="2" timestamp="2020-11-07T10:45:09Z" uid="10811350" user="Dunajec5" changeset="93702432" lat="8.0033501" lon="124.2521531"/>
  <node id="8090505403" version="2" timestamp="2020-11-07T10:45:09Z" uid="10811350" user="Dunajec5" changeset="93702432" lat="8.0034066" lon="124.2521196"/>
  <node id="8090505404" version="2" timestamp="2020-11-07T10:45:09Z" uid="10811350" user="Dunajec5" changeset="93702432" lat="8.0035321" lon="124.2520163"/>
  <node id="8090505405" version="1" timestamp="2020-11-07T10:11:33Z" uid="10811350" user="Dunajec5" changeset="93701468" lat="8.0036602" lon="124.2519218"/>
  <node id="8090505406" version="2" timestamp="2020-11-07T10:45:09Z" uid="10811350" user="Dunajec5" changeset="93702432" lat="8.0036896" lon="124.251911"/>
  <node id="8090505407" version="1" timestamp="2020-11-07T10:11:33Z" uid="10811350" user="Dunajec5" changeset="93701468" lat="8.0038269" lon="124.2519087"/>
  <node id="8090505408" version="1" timestamp="2020-11-07T10:11:33Z" uid="10811350" user="Dunajec5" changeset="93701468" lat="8.0038448" lon="124.2519017"/>
  <node id="8090505409" version="1" timestamp="2020-11-07T10:11:33Z" uid="10811350" user="Dunajec5" changeset="93701468" lat="8.0038627" lon="124.2519198"/>
  <node id="8090505410" version="1" timestamp="2020-11-07T10:11:33Z" uid="10811350" user="Dunajec5" changeset="93701468" lat="8.0039511" lon="124.2520358"/>
  <node id="8090505411" version="1" timestamp="2020-11-07T10:11:33Z" uid="10811350" user="Dunajec5" changeset="93701468" lat="8.003975" lon="124.2520478"/>
  <node id="8090505412" version="1" timestamp="2020-11-07T10:11:33Z" uid="10811350" user="Dunajec5" changeset="93701468" lat="8.0040068" lon="124.2520478"/>
  <node id="8090505413" version="1" timestamp="2020-11-07T10:11:33Z" uid="10811350" user="Dunajec5" changeset="93701468" lat="8.0040427" lon="124.2520358"/>
  <node id="8090505414" version="1" timestamp="2020-11-07T10:11:33Z" uid="10811350" user="Dunajec5" changeset="93701468" lat="8.0044265" lon="124.2518299"/>
  <node id="8090505415" version="1" timestamp="2020-11-07T10:11:33Z" uid="10811350" user="Dunajec5" changeset="93701468" lat="8.0029914" lon="124.257258"/>
  <node id="8090505416" version="1" timestamp="2020-11-07T10:11:33Z" uid="10811350" user="Dunajec5" changeset="93701468" lat="8.0028501" lon="124.2568436"/>
  <node id="8090506917" version="1" timestamp="2020-11-07T10:11:33Z" uid="10811350" user="Dunajec5" changeset="93701468" lat="8.0028076" lon="124.2566733"/>
  <node id="8090506918" version="1" timestamp="2020-11-07T10:11:33Z" uid="10811350" user="Dunajec5" changeset="93701468" lat="8.0025367" lon="124.255693"/>
  <node id="8090506919" version="1" timestamp="2020-11-07T10:11:33Z" uid="10811350" user="Dunajec5" changeset="93701468" lat="8.0027014" lon="124.2563421"/>
  <node id="8090506920" version="1" timestamp="2020-11-07T10:11:33Z" uid="10811350" user="Dunajec5" changeset="93701468" lat="8.0025662" lon="124.2546499"/>
  <node id="8090506921" version="1" timestamp="2020-11-07T10:11:33Z" uid="10811350" user="Dunajec5" changeset="93701468" lat="8.0025546" lon="124.2546516"/>
  <node id="8090506922" version="1" timestamp="2020-11-07T10:11:33Z" uid="10811350" user="Dunajec5" changeset="93701468" lat="8.0025437" lon="124.2546486"/>
  <node id="8090506923" version="2" timestamp="2020-11-07T11:20:36Z" uid="10811350" user="Dunajec5" changeset="93703191" lat="8.0024976" lon="124.2545715"/>
  <node id="8090506924" version="2" timestamp="2020-11-07T11:20:36Z" uid="10811350" user="Dunajec5" changeset="93703191" lat="8.0024944" lon="124.254569"/>
  <node id="8090506925" version="1" timestamp="2020-11-07T10:11:33Z" uid="10811350" user="Dunajec5" changeset="93701468" lat="8.0024899" lon="124.2545696"/>
  <node id="8090506926" version="1" timestamp="2020-11-07T10:11:33Z" uid="10811350" user="Dunajec5" changeset="93701468" lat="8.0023601" lon="124.2546187"/>
  <node id="8090506927" version="2" timestamp="2020-11-07T12:10:18Z" uid="10811350" user="Dunajec5" changeset="93704875" lat="8.0024637" lon="124.2550781"/>
  <node id="8090506928" version="1" timestamp="2020-11-07T10:11:33Z" uid="10811350" user="Dunajec5" changeset="93701468" lat="8.002208" lon="124.2551233"/>
  <node id="8090506929" version="1" timestamp="2020-11-07T10:11:33Z" uid="10811350" user="Dunajec5" changeset="93701468" lat="8.0021921" lon="124.2551223"/>
  <node id="8090506930" version="1" timestamp="2020-11-07T10:11:33Z" uid="10811350" user="Dunajec5" changeset="93701468" lat="8.0021821" lon="124.255118"/>
  <node id="8090506931" version="1" timestamp="2020-11-07T10:11:33Z" uid="10811350" user="Dunajec5" changeset="93701468" lat="8.0021751" lon="124.2551072"/>
  <node id="8090506932" version="1" timestamp="2020-11-07T10:11:33Z" uid="10811350" user="Dunajec5" changeset="93701468" lat="8.002038" lon="124.2547357"/>
  <node id="8090506933" version="1" timestamp="2020-11-07T10:11:33Z" uid="10811350" user="Dunajec5" changeset="93701468" lat="8.0020324" lon="124.2547264"/>
  <node id="8090506934" version="1" timestamp="2020-11-07T10:11:33Z" uid="10811350" user="Dunajec5" changeset="93701468" lat="8.0020211" lon="124.2547304"/>
  <node id="8090506935" version="1" timestamp="2020-11-07T10:11:33Z" uid="10811350" user="Dunajec5" changeset="93701468" lat="8.0017107" lon="124.2548424"/>
  <node id="8090506936" version="1" timestamp="2020-11-07T10:11:33Z" uid="10811350" user="Dunajec5" changeset="93701468" lat="8.001702" lon="124.2548424"/>
  <node id="8090506937" version="1" timestamp="2020-11-07T10:11:33Z" uid="10811350" user="Dunajec5" changeset="93701468" lat="8.0016941" lon="124.2548404"/>
  <node id="8090506938" version="1" timestamp="2020-11-07T10:11:33Z" uid="10811350" user="Dunajec5" changeset="93701468" lat="8.0015702" lon="124.2545778"/>
  <node id="8090506939" version="1" timestamp="2020-11-07T10:11:33Z" uid="10811350" user="Dunajec5" changeset="93701468" lat="8.0019975" lon="124.2543948"/>
  <node id="8090506940" version="1" timestamp="2020-11-07T10:11:33Z" uid="10811350" user="Dunajec5" changeset="93701468" lat="8.0017591" lon="124.2592683"/>
  <node id="8090506941" version="2" timestamp="2020-11-07T11:29:44Z" uid="10811350" user="Dunajec5" changeset="93703543" lat="8.0005579" lon="124.2611982"/>
  <node id="8090506942" version="1" timestamp="2020-11-07T10:11:33Z" uid="10811350" user="Dunajec5" changeset="93701468" lat="8.0006602" lon="124.261284"/>
  <node id="8090506943" version="1" timestamp="2020-11-07T10:11:33Z" uid="10811350" user="Dunajec5" changeset="93701468" lat="8.0007638" lon="124.2614315"/>
  <node id="8090506944" version="1" timestamp="2020-11-07T10:11:33Z" uid="10811350" user="Dunajec5" changeset="93701468" lat="8.0010068" lon="124.2619452"/>
  <node id="8090506945" version="1" timestamp="2020-11-07T10:11:33Z" uid="10811350" user="Dunajec5" changeset="93701468" lat="8.00104" lon="124.2620189"/>
  <node id="8090506946" version="1" timestamp="2020-11-07T10:11:33Z" uid="10811350" user="Dunajec5" changeset="93701468" lat="8.0010493" lon="124.262086"/>
  <node id="8090506947" version="1" timestamp="2020-11-07T10:11:33Z" uid="10811350" user="Dunajec5" changeset="93701468" lat="8.0010453" lon="124.2621329"/>
  <node id="8090506948" version="1" timestamp="2020-11-07T10:11:33Z" uid="10811350" user="Dunajec5" changeset="93701468" lat="8.0009968" lon="124.2622717"/>
  <node id="8090506949" version="1" timestamp="2020-11-07T10:11:33Z" uid="10811350" user="Dunajec5" changeset="93701468" lat="8.0009869" lon="124.2623127"/>
  <node id="8090506950" version="1" timestamp="2020-11-07T10:11:33Z" uid="10811350" user="Dunajec5" changeset="93701468" lat="8.0009782" lon="124.262371"/>
  <node id="8090506951" version="1" timestamp="2020-11-07T10:11:33Z" uid="10811350" user="Dunajec5" changeset="93701468" lat="8.0009789" lon="124.2624119"/>
  <node id="8090506952" version="1" timestamp="2020-11-07T10:11:33Z" uid="10811350" user="Dunajec5" changeset="93701468" lat="8.0010055" lon="124.2628625"/>
  <node id="8090506953" version="1" timestamp="2020-11-07T10:11:33Z" uid="10811350" user="Dunajec5" changeset="93701468" lat="8.0010214" lon="124.2629591"/>
  <node id="8090559329" version="1" timestamp="2020-11-07T10:45:09Z" uid="10811350" user="Dunajec5" changeset="93702432" lat="8.0026569" lon="124.2602936"/>
  <node id="8090559330" version="2" timestamp="2022-05-24T07:25:04Z" uid="5653955" user="Timmy_Tesseract" changeset="121405934" lat="8.0009567" lon="124.2602141"/>
  <node id="8090559331" version="2" timestamp="2022-05-24T07:25:04Z" uid="5653955" user="Timmy_Tesseract" changeset="121405934" lat="8.0010035" lon="124.2602054"/>
  <node id="8090559332" version="2" timestamp="2022-05-24T07:25:04Z" uid="5653955" user="Timmy_Tesseract" changeset="121405934" lat="8.0010191" lon="124.2601874"/>
  <node id="8090559333" version="1" timestamp="2020-11-07T10:45:09Z" uid="10811350" user="Dunajec5" changeset="93702432" lat="8.0010456" lon="124.2600831"/>
  <node id="8090559334" version="1" timestamp="2020-11-07T10:45:09Z" uid="10811350" user="Dunajec5" changeset="93702432" lat="8.001044" lon="124.2600603"/>
  <node id="8090559335" version="1" timestamp="2020-11-07T10:45:09Z" uid="10811350" user="Dunajec5" changeset="93702432" lat="8.0010254" lon="124.2600381"/>
  <node id="8090559336" version="1" timestamp="2020-11-07T10:45:09Z" uid="10811350" user="Dunajec5" changeset="93702432" lat="8.0017252" lon="124.2545114"/>
  <node id="8090559337" version="1" timestamp="2020-11-07T10:45:09Z" uid="10811350" user="Dunajec5" changeset="93702432" lat="8.0016442" lon="124.2542882"/>
  <node id="8090559338" version="1" timestamp="2020-11-07T10:45:09Z" uid="10811350" user="Dunajec5" changeset="93702432" lat="8.0016436" lon="124.2542754"/>
  <node id="8090559339" version="1" timestamp="2020-11-07T10:45:09Z" uid="10811350" user="Dunajec5" changeset="93702432" lat="8.0016502" lon="124.2542654"/>
  <node id="8090559340" version="1" timestamp="2020-11-07T10:45:09Z" uid="10811350" user="Dunajec5" changeset="93702432" lat="8.0020161" lon="124.2540997"/>
  <node id="8090559341" version="1" timestamp="2020-11-07T10:45:09Z" uid="10811350" user="Dunajec5" changeset="93702432" lat="8.0036717" lon="124.2519154"/>
  <node id="8090559342" version="1" timestamp="2020-11-07T10:45:09Z" uid="10811350" user="Dunajec5" changeset="93702432" lat="8.0031184" lon="124.2511386"/>
  <node id="8090559343" version="1" timestamp="2020-11-07T10:45:09Z" uid="10811350" user="Dunajec5" changeset="93702432" lat="8.0032718" lon="124.2510259"/>
  <node id="8090559344" version="1" timestamp="2020-11-07T10:45:09Z" uid="10811350" user="Dunajec5" changeset="93702432" lat="8.00351" lon="124.2508087"/>
  <node id="8090559345" version="1" timestamp="2020-11-07T10:45:09Z" uid="10811350" user="Dunajec5" changeset="93702432" lat="8.0029617" lon="124.2512465"/>
  <node id="8090559346" version="1" timestamp="2020-11-07T10:45:09Z" uid="10811350" user="Dunajec5" changeset="93702432" lat="8.0029497" lon="124.2512687"/>
  <node id="8090559347" version="1" timestamp="2020-11-07T10:45:09Z" uid="10811350" user="Dunajec5" changeset="93702432" lat="8.002953" lon="124.2512915"/>
  <node id="8090559348" version="1" timestamp="2020-11-07T10:45:09Z" uid="10811350" user="Dunajec5" changeset="93702432" lat="8.0031954" lon="124.251667"/>
  <node id="8090559349" version="1" timestamp="2020-11-07T10:45:09Z" uid="10811350" user="Dunajec5" changeset="93702432" lat="8.003214" lon="124.251679"/>
  <node id="8090559350" version="1" timestamp="2020-11-07T10:45:09Z" uid="10811350" user="Dunajec5" changeset="93702432" lat="8.0032366" lon="124.251679"/>
  <node id="8090559352" version="1" timestamp="2020-11-07T10:45:09Z" uid="10811350" user="Dunajec5" changeset="93702432" lat="8.0077596" lon="124.2593818"/>
  <node id="8090559645" version="1" timestamp="2020-11-07T10:45:09Z" uid="10811350" user="Dunajec5" changeset="93702432" lat="8.0017771" lon="124.2620297"/>
  <node id="8090559646" version="1" timestamp="2020-11-07T10:45:09Z" uid="10811350" user="Dunajec5" changeset="93702432" lat="8.002202" lon="124.2613699"/>
  <node id="8090598476" version="2" timestamp="2020-11-07T12:10:18Z" uid="10811350" user="Dunajec5" changeset="93704875" lat="8.0018474" lon="124.2593341"/>
  <node id="8090598477" version="1" timestamp="2020-11-07T11:29:44Z" uid="10811350" user="Dunajec5" changeset="93703543" lat="7.999663" lon="124.2610052"/>
  <node id="8090598478" version="1" timestamp="2020-11-07T11:29:44Z" uid="10811350" user="Dunajec5" changeset="93703543" lat="8.000449" lon="124.2611593"/>
  <node id="8090674444" version="1" timestamp="2020-11-07T12:10:18Z" uid="10811350" user="Dunajec5" changeset="93704875" lat="8.0046509" lon="124.2569791"/>
  <node id="8090674445" version="1" timestamp="2020-11-07T12:10:18Z" uid="10811350" user="Dunajec5" changeset="93704875" lat="8.0043707" lon="124.2571078"/>
  <node id="8090674446" version="1" timestamp="2020-11-07T12:10:18Z" uid="10811350" user="Dunajec5" changeset="93704875" lat="8.0043415" lon="124.2571333"/>
  <node id="8090674447" version="1" timestamp="2020-11-07T12:10:18Z" uid="10811350" user="Dunajec5" changeset="93704875" lat="8.0089772" lon="124.2625479"/>
  <node id="8090674460" version="1" timestamp="2020-11-07T12:10:18Z" uid="10811350" user="Dunajec5" changeset="93704875" lat="8.0044438" lon="124.2567524"/>
  <node id="8090674461" version="1" timestamp="2020-11-07T12:10:18Z" uid="10811350" user="Dunajec5" changeset="93704875" lat="8.0043415" lon="124.2571709"/>
  <node id="8090674462" version="1" timestamp="2020-11-07T12:10:18Z" uid="10811350" user="Dunajec5" changeset="93704875" lat="8.0008784" lon="124.249988"/>
  <node id="8090696098" version="1" timestamp="2020-11-07T12:21:21Z" uid="10811350" user="Dunajec5" changeset="93705208" lat="8.0049272" lon="124.2568731"/>
  <node id="8090696099" version="1" timestamp="2020-11-07T12:21:21Z" uid="10811350" user="Dunajec5" changeset="93705208" lat="8.0046377" lon="124.2562254"/>
  <node id="8090703653" version="1" timestamp="2020-11-07T12:13:27Z" uid="10811350" user="Dunajec5" changeset="93704975" lat="8.0040865" lon="124.2619868"/>
  <node id="8090703654" version="1" timestamp="2020-11-07T12:13:27Z" uid="10811350" user="Dunajec5" changeset="93704975" lat="8.0042273" lon="124.2617722"/>
  <node id="8090703655" version="1" timestamp="2020-11-07T12:13:27Z" uid="10811350" user="Dunajec5" changeset="93704975" lat="8.0043163" lon="124.2616166"/>
  <node id="8090703656" version="1" timestamp="2020-11-07T12:13:27Z" uid="10811350" user="Dunajec5" changeset="93704975" lat="8.0043893" lon="124.2614812"/>
  <node id="8574010766" version="1" timestamp="2021-03-30T07:03:54Z" uid="12954244" user="Xiamara" changeset="101960874" lat="7.9958575" lon="124.2559159"/>
  <node id="8574010776" version="1" timestamp="2021-03-30T07:03:54Z" uid="12954244" user="Xiamara" changeset="101960874" lat="7.9940288" lon="124.2603035"/>
  <node id="8574010781" version="1" timestamp="2021-03-30T07:03:54Z" uid="12954244" user="Xiamara" changeset="101960874" lat="7.994098" lon="124.2603074"/>
  <node id="8574010782" version="1" timestamp="2021-03-30T07:03:54Z" uid="12954244" user="Xiamara" changeset="101960874" lat="7.9942691" lon="124.2603234"/>
  <node id="8574010783" version="1" timestamp="2021-03-30T07:03:54Z" uid="12954244" user="Xiamara" changeset="101960874" lat="7.9944582" lon="124.2604861"/>
  <node id="8574010787" version="1" timestamp="2021-03-30T07:03:54Z" uid="12954244" user="Xiamara" changeset="101960874" lat="7.9968178" lon="124.259723"/>
  <node id="8574010788" version="3" timestamp="2026-07-16T04:46:54Z" uid="24304747" user="SOMAWD" changeset="185823026" lat="7.9966044" lon="124.2602381">
    <tag k="college" v="building"/>
    <tag k="name" v="College of Social Sciences and Humanities"/>
  </node>
  <node id="8574010789" version="2" timestamp="2026-07-16T04:46:54Z" uid="24304747" user="SOMAWD" changeset="185823026" lat="7.9968646" lon="124.2603143"/>
  <node id="8574010790" version="2" timestamp="2026-07-16T04:46:54Z" uid="24304747" user="SOMAWD" changeset="185823026" lat="7.9967556" lon="124.2606199"/>
  <node id="8574010791" version="2" timestamp="2026-07-16T04:46:54Z" uid="24304747" user="SOMAWD" changeset="185823026" lat="7.9960504" lon="124.2603636"/>
  <node id="8574010792" version="2" timestamp="2026-07-16T04:46:54Z" uid="24304747" user="SOMAWD" changeset="185823026" lat="7.99617" lon="124.2600312"/>
  <node id="8574010797" version="1" timestamp="2021-03-30T07:03:54Z" uid="12954244" user="Xiamara" changeset="101960874" lat="7.9965832" lon="124.2610878"/>
  <node id="8574010808" version="2" timestamp="2022-04-06T12:43:34Z" uid="5653955" user="Timmy_Tesseract" changeset="119385893" lat="7.99525" lon="124.255758"/>
  <node id="9645607872" version="1" timestamp="2022-04-06T12:43:34Z" uid="5653955" user="Timmy_Tesseract" changeset="119385893" lat="7.9914309" lon="124.250718"/>
  <node id="9645607877" version="1" timestamp="2022-04-06T12:43:34Z" uid="5653955" user="Timmy_Tesseract" changeset="119385893" lat="7.9923327" lon="124.2499088"/>
  <node id="9645607890" version="1" timestamp="2022-04-06T12:43:34Z" uid="5653955" user="Timmy_Tesseract" changeset="119385893" lat="7.99207" lon="124.249116"/>
  <node id="9645607891" version="1" timestamp="2022-04-06T12:43:34Z" uid="5653955" user="Timmy_Tesseract" changeset="119385893" lat="7.9920282" lon="124.2508616"/>
  <node id="9645607892" version="1" timestamp="2022-04-06T12:43:34Z" uid="5653955" user="Timmy_Tesseract" changeset="119385893" lat="7.9914378" lon="124.2504831"/>
  <node id="9645607893" version="1" timestamp="2022-04-06T12:43:34Z" uid="5653955" user="Timmy_Tesseract" changeset="119385893" lat="7.9927075" lon="124.2510702"/>
  <node id="9645607894" version="1" timestamp="2022-04-06T12:43:34Z" uid="5653955" user="Timmy_Tesseract" changeset="119385893" lat="7.9923501" lon="124.2503596"/>
  <node id="9645607895" version="1" timestamp="2022-04-06T12:43:34Z" uid="5653955" user="Timmy_Tesseract" changeset="119385893" lat="7.9924116" lon="124.2502465"/>
  <node id="9645607896" version="1" timestamp="2022-04-06T12:43:34Z" uid="5653955" user="Timmy_Tesseract" changeset="119385893" lat="7.9924296" lon="124.2502042"/>
  <node id="9645607897" version="1" timestamp="2022-04-06T12:43:34Z" uid="5653955" user="Timmy_Tesseract" changeset="119385893" lat="7.9924304" lon="124.2501585"/>
  <node id="9645607898" version="1" timestamp="2022-04-06T12:43:34Z" uid="5653955" user="Timmy_Tesseract" changeset="119385893" lat="7.992421" lon="124.2501058"/>
  <node id="9645607899" version="1" timestamp="2022-04-06T12:43:34Z" uid="5653955" user="Timmy_Tesseract" changeset="119385893" lat="7.9923791" lon="124.25001"/>
  <node id="9645607900" version="1" timestamp="2022-04-06T12:43:34Z" uid="5653955" user="Timmy_Tesseract" changeset="119385893" lat="7.9923595" lon="124.2499504"/>
  <node id="9645607901" version="1" timestamp="2022-04-06T12:43:34Z" uid="5653955" user="Timmy_Tesseract" changeset="119385893" lat="7.9922398" lon="124.2498088"/>
  <node id="9645607902" version="1" timestamp="2022-04-06T12:43:34Z" uid="5653955" user="Timmy_Tesseract" changeset="119385893" lat="7.9921543" lon="124.2497147"/>
  <node id="9645607903" version="1" timestamp="2022-04-06T12:43:34Z" uid="5653955" user="Timmy_Tesseract" changeset="119385893" lat="7.9920098" lon="124.2495532"/>
  <node id="9645607909" version="1" timestamp="2022-04-06T12:43:34Z" uid="5653955" user="Timmy_Tesseract" changeset="119385893" lat="7.9919792" lon="124.2489179"/>
  <node id="9645607910" version="1" timestamp="2022-04-06T12:43:34Z" uid="5653955" user="Timmy_Tesseract" changeset="119385893" lat="7.9928862" lon="124.2505159"/>
  <node id="9645607911" version="1" timestamp="2022-04-06T12:43:34Z" uid="5653955" user="Timmy_Tesseract" changeset="119385893" lat="7.9928417" lon="124.2504209"/>
  <node id="9645607912" version="1" timestamp="2022-04-06T12:43:34Z" uid="5653955" user="Timmy_Tesseract" changeset="119385893" lat="7.992787" lon="124.250345"/>
  <node id="9645607913" version="1" timestamp="2022-04-06T12:43:34Z" uid="5653955" user="Timmy_Tesseract" changeset="119385893" lat="7.9927562" lon="124.2502776"/>
  <node id="9645607914" version="1" timestamp="2022-04-06T12:43:34Z" uid="5653955" user="Timmy_Tesseract" changeset="119385893" lat="7.9927545" lon="124.2501913"/>
  <node id="9645607915" version="1" timestamp="2022-04-06T12:43:34Z" uid="5653955" user="Timmy_Tesseract" changeset="119385893" lat="7.9927647" lon="124.2500998"/>
  <node id="9645607916" version="1" timestamp="2022-04-06T12:43:34Z" uid="5653955" user="Timmy_Tesseract" changeset="119385893" lat="7.9927938" lon="124.2499996"/>
  <node id="9645624917" version="1" timestamp="2022-04-06T12:43:34Z" uid="5653955" user="Timmy_Tesseract" changeset="119385893" lat="7.9928383" lon="124.2499029"/>
  <node id="9645624918" version="1" timestamp="2022-04-06T12:43:34Z" uid="5653955" user="Timmy_Tesseract" changeset="119385893" lat="7.9928502" lon="124.2498287"/>
  <node id="9645624919" version="1" timestamp="2022-04-06T12:43:34Z" uid="5653955" user="Timmy_Tesseract" changeset="119385893" lat="7.9928537" lon="124.2497579"/>
  <node id="9645624920" version="1" timestamp="2022-04-06T12:43:34Z" uid="5653955" user="Timmy_Tesseract" changeset="119385893" lat="7.9928263" lon="124.2497078"/>
  <node id="9645624921" version="1" timestamp="2022-04-06T12:43:34Z" uid="5653955" user="Timmy_Tesseract" changeset="119385893" lat="7.992787" lon="124.2496698"/>
  <node id="9645624922" version="1" timestamp="2022-04-06T12:43:34Z" uid="5653955" user="Timmy_Tesseract" changeset="119385893" lat="7.9922483" lon="124.2492865"/>
  <node id="9645624923" version="1" timestamp="2022-04-06T12:43:34Z" uid="5653955" user="Timmy_Tesseract" changeset="119385893" lat="7.9921047" lon="124.2491656"/>
  <node id="9645624924" version="1" timestamp="2022-04-06T12:43:34Z" uid="5653955" user="Timmy_Tesseract" changeset="119385893" lat="7.9920534" lon="124.2490922"/>
  <node id="9645624925" version="1" timestamp="2022-04-06T12:43:34Z" uid="5653955" user="Timmy_Tesseract" changeset="119385893" lat="7.9920115" lon="124.2490007"/>
  <node id="9645624926" version="1" timestamp="2022-04-06T12:43:34Z" uid="5653955" user="Timmy_Tesseract" changeset="119385893" lat="7.9919593" lon="124.2488669"/>
  <node id="9645624927" version="1" timestamp="2022-04-06T12:43:34Z" uid="5653955" user="Timmy_Tesseract" changeset="119385893" lat="7.9919311" lon="124.2488211"/>
  <node id="9645624928" version="1" timestamp="2022-04-06T12:43:34Z" uid="5653955" user="Timmy_Tesseract" changeset="119385893" lat="7.9918858" lon="124.2487762"/>
  <node id="9645624929" version="1" timestamp="2022-04-06T12:43:34Z" uid="5653955" user="Timmy_Tesseract" changeset="119385893" lat="7.9918097" lon="124.2487391"/>
  <node id="9645624930" version="1" timestamp="2022-04-06T12:43:34Z" uid="5653955" user="Timmy_Tesseract" changeset="119385893" lat="7.9917396" lon="124.2486994"/>
  <node id="9645624931" version="1" timestamp="2022-04-06T12:43:34Z" uid="5653955" user="Timmy_Tesseract" changeset="119385893" lat="7.9916695" lon="124.2486458"/>
  <node id="9645624932" version="1" timestamp="2022-04-06T12:43:34Z" uid="5653955" user="Timmy_Tesseract" changeset="119385893" lat="7.9916259" lon="124.2486268"/>
  <node id="9645624933" version="1" timestamp="2022-04-06T12:43:34Z" uid="5653955" user="Timmy_Tesseract" changeset="119385893" lat="7.991572" lon="124.2486173"/>
  <node id="9645624935" version="1" timestamp="2022-04-06T12:43:34Z" uid="5653955" user="Timmy_Tesseract" changeset="119385893" lat="7.9951536" lon="124.2540843"/>
  <node id="9645624936" version="1" timestamp="2022-04-06T12:43:34Z" uid="5653955" user="Timmy_Tesseract" changeset="119385893" lat="7.9951647" lon="124.2540536"/>
  <node id="9645624937" version="1" timestamp="2022-04-06T12:43:34Z" uid="5653955" user="Timmy_Tesseract" changeset="119385893" lat="7.9951664" lon="124.2540247"/>
  <node id="9645624938" version="1" timestamp="2022-04-06T12:43:34Z" uid="5653955" user="Timmy_Tesseract" changeset="119385893" lat="7.9951613" lon="124.2537312"/>
  <node id="9645624939" version="1" timestamp="2022-04-06T12:43:34Z" uid="5653955" user="Timmy_Tesseract" changeset="119385893" lat="7.9953451" lon="124.2528376"/>
  <node id="9645624940" version="1" timestamp="2022-04-06T12:43:34Z" uid="5653955" user="Timmy_Tesseract" changeset="119385893" lat="7.9955178" lon="124.2518732"/>
  <node id="9645624941" version="1" timestamp="2022-04-06T12:43:34Z" uid="5653955" user="Timmy_Tesseract" changeset="119385893" lat="7.9954811" lon="124.2517307"/>
  <node id="9645624942" version="1" timestamp="2022-04-06T12:43:34Z" uid="5653955" user="Timmy_Tesseract" changeset="119385893" lat="7.9954862" lon="124.2516539"/>
  <node id="9645624943" version="1" timestamp="2022-04-06T12:43:34Z" uid="5653955" user="Timmy_Tesseract" changeset="119385893" lat="7.9955024" lon="124.251577"/>
  <node id="9645624944" version="1" timestamp="2022-04-06T12:43:34Z" uid="5653955" user="Timmy_Tesseract" changeset="119385893" lat="7.9955264" lon="124.2515097"/>
  <node id="9645624945" version="1" timestamp="2022-04-06T12:43:34Z" uid="5653955" user="Timmy_Tesseract" changeset="119385893" lat="7.9968243" lon="124.2519353"/>
  <node id="9645624946" version="1" timestamp="2022-04-06T12:43:34Z" uid="5653955" user="Timmy_Tesseract" changeset="119385893" lat="7.9968012" lon="124.251988"/>
  <node id="9645624947" version="1" timestamp="2022-04-06T12:43:34Z" uid="5653955" user="Timmy_Tesseract" changeset="119385893" lat="7.9967789" lon="124.2520234"/>
  <node id="9645624948" version="1" timestamp="2022-04-06T12:43:34Z" uid="5653955" user="Timmy_Tesseract" changeset="119385893" lat="7.9967678" lon="124.2520631"/>
  <node id="9645624949" version="1" timestamp="2022-04-06T12:43:34Z" uid="5653955" user="Timmy_Tesseract" changeset="119385893" lat="7.9967704" lon="124.2521235"/>
  <node id="9645624950" version="1" timestamp="2022-04-06T12:43:34Z" uid="5653955" user="Timmy_Tesseract" changeset="119385893" lat="7.9967704" lon="124.2521658"/>
  <node id="9645624951" version="1" timestamp="2022-04-06T12:43:34Z" uid="5653955" user="Timmy_Tesseract" changeset="119385893" lat="7.9967635" lon="124.2521823"/>
  <node id="9645624952" version="1" timestamp="2022-04-06T12:43:34Z" uid="5653955" user="Timmy_Tesseract" changeset="119385893" lat="7.9967208" lon="124.2522289"/>
  <node id="9645624953" version="1" timestamp="2022-04-06T12:43:34Z" uid="5653955" user="Timmy_Tesseract" changeset="119385893" lat="7.9966464" lon="124.2522695"/>
  <node id="9645624954" version="1" timestamp="2022-04-06T12:43:34Z" uid="5653955" user="Timmy_Tesseract" changeset="119385893" lat="7.9965849" lon="124.2523213"/>
  <node id="9645624955" version="1" timestamp="2022-04-06T12:43:34Z" uid="5653955" user="Timmy_Tesseract" changeset="119385893" lat="7.9965481" lon="124.2523774"/>
  <node id="9645624956" version="1" timestamp="2022-04-06T12:43:34Z" uid="5653955" user="Timmy_Tesseract" changeset="119385893" lat="7.9965156" lon="124.2524706"/>
  <node id="9645624957" version="1" timestamp="2022-04-06T12:43:34Z" uid="5653955" user="Timmy_Tesseract" changeset="119385893" lat="7.9965105" lon="124.2525406"/>
  <node id="9645624958" version="1" timestamp="2022-04-06T12:43:34Z" uid="5653955" user="Timmy_Tesseract" changeset="119385893" lat="7.9965267" lon="124.2525984"/>
  <node id="9645624959" version="1" timestamp="2022-04-06T12:43:34Z" uid="5653955" user="Timmy_Tesseract" changeset="119385893" lat="7.9965549" lon="124.2526511"/>
  <node id="9645624960" version="1" timestamp="2022-04-06T12:43:34Z" uid="5653955" user="Timmy_Tesseract" changeset="119385893" lat="7.9965157" lon="124.251361"/>
  <node id="9645624961" version="1" timestamp="2022-04-06T12:43:34Z" uid="5653955" user="Timmy_Tesseract" changeset="119385893" lat="7.9964677" lon="124.2516679"/>
  <node id="9645624970" version="1" timestamp="2022-04-06T12:43:34Z" uid="5653955" user="Timmy_Tesseract" changeset="119385893" lat="7.9969765" lon="124.251449"/>
  <node id="9645624971" version="1" timestamp="2022-04-06T12:43:34Z" uid="5653955" user="Timmy_Tesseract" changeset="119385893" lat="7.9968405" lon="124.2518818"/>
  <node id="9645624972" version="1" timestamp="2022-04-06T12:43:34Z" uid="5653955" user="Timmy_Tesseract" changeset="119385893" lat="7.996879" lon="124.2517238"/>
  <node id="9645624973" version="1" timestamp="2022-04-06T12:43:34Z" uid="5653955" user="Timmy_Tesseract" changeset="119385893" lat="7.9969226" lon="124.2515667"/>
  <node id="9645624974" version="1" timestamp="2022-04-06T12:43:34Z" uid="5653955" user="Timmy_Tesseract" changeset="119385893" lat="7.9969491" lon="124.2514881"/>
  <node id="9645624975" version="1" timestamp="2022-04-06T12:43:34Z" uid="5653955" user="Timmy_Tesseract" changeset="119385893" lat="7.9968341" lon="124.2514505"/>
  <node id="9645624976" version="1" timestamp="2022-04-06T12:43:34Z" uid="5653955" user="Timmy_Tesseract" changeset="119385893" lat="7.9967439" lon="124.2514061"/>
  <node id="9645624977" version="1" timestamp="2022-04-06T12:43:34Z" uid="5653955" user="Timmy_Tesseract" changeset="119385893" lat="7.9966558" lon="124.2513759"/>
  <node id="9645624978" version="1" timestamp="2022-04-06T12:43:34Z" uid="5653955" user="Timmy_Tesseract" changeset="119385893" lat="7.9965831" lon="124.2513646"/>
  <node id="9645624979" version="1" timestamp="2022-04-06T12:43:34Z" uid="5653955" user="Timmy_Tesseract" changeset="119385893" lat="7.9964814" lon="124.251362"/>
  <node id="9645624980" version="1" timestamp="2022-04-06T12:43:34Z" uid="5653955" user="Timmy_Tesseract" changeset="119385893" lat="7.9963968" lon="124.251362"/>
  <node id="9645624981" version="1" timestamp="2022-04-06T12:43:34Z" uid="5653955" user="Timmy_Tesseract" changeset="119385893" lat="7.9963361" lon="124.2513517"/>
  <node id="9645624982" version="1" timestamp="2022-04-06T12:43:34Z" uid="5653955" user="Timmy_Tesseract" changeset="119385893" lat="7.996283" lon="124.2513223"/>
  <node id="9645624983" version="1" timestamp="2022-04-06T12:43:34Z" uid="5653955" user="Timmy_Tesseract" changeset="119385893" lat="7.9961693" lon="124.2512377"/>
  <node id="9645624984" version="1" timestamp="2022-04-06T12:43:34Z" uid="5653955" user="Timmy_Tesseract" changeset="119385893" lat="7.9960342" lon="124.2511401"/>
  <node id="9645624985" version="1" timestamp="2022-04-06T12:43:34Z" uid="5653955" user="Timmy_Tesseract" changeset="119385893" lat="7.9959847" lon="124.2511134"/>
  <node id="9645624986" version="1" timestamp="2022-04-06T12:43:34Z" uid="5653955" user="Timmy_Tesseract" changeset="119385893" lat="7.9959573" lon="124.2511125"/>
  <node id="9645624987" version="1" timestamp="2022-04-06T12:43:34Z" uid="5653955" user="Timmy_Tesseract" changeset="119385893" lat="7.9959316" lon="124.2511212"/>
  <node id="9645624988" version="1" timestamp="2022-04-06T12:43:34Z" uid="5653955" user="Timmy_Tesseract" changeset="119385893" lat="7.9959051" lon="124.2511376"/>
  <node id="9645624989" version="1" timestamp="2022-04-06T12:43:34Z" uid="5653955" user="Timmy_Tesseract" changeset="119385893" lat="7.9958838" lon="124.2511462"/>
  <node id="9645624990" version="1" timestamp="2022-04-06T12:43:34Z" uid="5653955" user="Timmy_Tesseract" changeset="119385893" lat="7.9958487" lon="124.2511471"/>
  <node id="9645624991" version="1" timestamp="2022-04-06T12:43:34Z" uid="5653955" user="Timmy_Tesseract" changeset="119385893" lat="7.9958111" lon="124.2511419"/>
  <node id="9645624992" version="1" timestamp="2022-04-06T12:43:34Z" uid="5653955" user="Timmy_Tesseract" changeset="119385893" lat="7.9957487" lon="124.251141"/>
  <node id="9645624993" version="1" timestamp="2022-04-06T12:43:34Z" uid="5653955" user="Timmy_Tesseract" changeset="119385893" lat="7.9956016" lon="124.2513992"/>
  <node id="9645624994" version="1" timestamp="2022-04-06T12:43:34Z" uid="5653955" user="Timmy_Tesseract" changeset="119385893" lat="7.9956315" lon="124.2513318"/>
  <node id="9645624995" version="1" timestamp="2022-04-06T12:43:34Z" uid="5653955" user="Timmy_Tesseract" changeset="119385893" lat="7.9956692" lon="124.2512101"/>
  <node id="9645624996" version="1" timestamp="2022-04-06T12:43:34Z" uid="5653955" user="Timmy_Tesseract" changeset="119385893" lat="7.9956692" lon="124.2511522"/>
  <node id="9645624997" version="1" timestamp="2022-04-06T12:43:34Z" uid="5653955" user="Timmy_Tesseract" changeset="119385893" lat="7.9956606" lon="124.2511194"/>
  <node id="9645624998" version="1" timestamp="2022-04-06T12:43:34Z" uid="5653955" user="Timmy_Tesseract" changeset="119385893" lat="7.9956444" lon="124.2511056"/>
  <node id="9645624999" version="1" timestamp="2022-04-06T12:43:34Z" uid="5653955" user="Timmy_Tesseract" changeset="119385893" lat="7.9956213" lon="124.2511004"/>
  <node id="9645625000" version="1" timestamp="2022-04-06T12:43:34Z" uid="5653955" user="Timmy_Tesseract" changeset="119385893" lat="7.9955768" lon="124.2511134"/>
  <node id="9645625001" version="1" timestamp="2022-04-06T12:43:34Z" uid="5653955" user="Timmy_Tesseract" changeset="119385893" lat="7.9955332" lon="124.2511332"/>
  <node id="9645625002" version="1" timestamp="2022-04-06T12:43:34Z" uid="5653955" user="Timmy_Tesseract" changeset="119385893" lat="7.9954879" lon="124.2511462"/>
  <node id="9645625003" version="1" timestamp="2022-04-06T12:43:34Z" uid="5653955" user="Timmy_Tesseract" changeset="119385893" lat="7.9954477" lon="124.2511419"/>
  <node id="9645625004" version="1" timestamp="2022-04-06T12:43:34Z" uid="5653955" user="Timmy_Tesseract" changeset="119385893" lat="7.9953973" lon="124.2511134"/>
  <node id="9645625005" version="1" timestamp="2022-04-06T12:43:34Z" uid="5653955" user="Timmy_Tesseract" changeset="119385893" lat="7.9953639" lon="124.2510858"/>
  <node id="9645625006" version="1" timestamp="2022-04-06T12:43:34Z" uid="5653955" user="Timmy_Tesseract" changeset="119385893" lat="7.9953126" lon="124.2510538"/>
  <node id="9645625007" version="1" timestamp="2022-04-06T12:43:34Z" uid="5653955" user="Timmy_Tesseract" changeset="119385893" lat="7.9952656" lon="124.2510374"/>
  <node id="9645625008" version="1" timestamp="2022-04-06T12:43:34Z" uid="5653955" user="Timmy_Tesseract" changeset="119385893" lat="7.9951972" lon="124.2510348"/>
  <node id="9645625009" version="1" timestamp="2022-04-06T12:43:34Z" uid="5653955" user="Timmy_Tesseract" changeset="119385893" lat="7.995163" lon="124.2510486"/>
  <node id="9645625010" version="1" timestamp="2022-04-06T12:43:34Z" uid="5653955" user="Timmy_Tesseract" changeset="119385893" lat="7.995104" lon="124.2510676"/>
  <node id="9645625011" version="1" timestamp="2022-04-06T12:43:34Z" uid="5653955" user="Timmy_Tesseract" changeset="119385893" lat="7.9950715" lon="124.2510719"/>
  <node id="9645625012" version="1" timestamp="2022-04-06T12:43:34Z" uid="5653955" user="Timmy_Tesseract" changeset="119385893" lat="7.9950365" lon="124.2510763"/>
  <node id="9645625013" version="1" timestamp="2022-04-06T12:43:34Z" uid="5653955" user="Timmy_Tesseract" changeset="119385893" lat="7.994992" lon="124.2510814"/>
  <node id="9645625014" version="1" timestamp="2022-04-06T12:43:34Z" uid="5653955" user="Timmy_Tesseract" changeset="119385893" lat="7.9949253" lon="124.2511013"/>
  <node id="9645625015" version="1" timestamp="2022-04-06T12:43:34Z" uid="5653955" user="Timmy_Tesseract" changeset="119385893" lat="7.9947124" lon="124.2511609"/>
  <node id="9645625016" version="1" timestamp="2022-04-06T12:43:34Z" uid="5653955" user="Timmy_Tesseract" changeset="119385893" lat="7.9946697" lon="124.2511514"/>
  <node id="9645625017" version="1" timestamp="2022-04-06T12:43:34Z" uid="5653955" user="Timmy_Tesseract" changeset="119385893" lat="7.994638" lon="124.2511306"/>
  <node id="9645625018" version="1" timestamp="2022-04-06T12:43:34Z" uid="5653955" user="Timmy_Tesseract" changeset="119385893" lat="7.9947714" lon="124.2511566"/>
  <node id="9645625019" version="1" timestamp="2022-04-06T12:43:34Z" uid="5653955" user="Timmy_Tesseract" changeset="119385893" lat="7.9980118" lon="124.2534143"/>
  <node id="9645625020" version="1" timestamp="2022-04-06T12:43:34Z" uid="5653955" user="Timmy_Tesseract" changeset="119385893" lat="7.9979169" lon="124.2534048"/>
  <node id="9645625021" version="1" timestamp="2022-04-06T12:43:34Z" uid="5653955" user="Timmy_Tesseract" changeset="119385893" lat="7.9995008" lon="124.2534924"/>
  <node id="9645625022" version="1" timestamp="2022-04-06T12:43:34Z" uid="5653955" user="Timmy_Tesseract" changeset="119385893" lat="7.9994602" lon="124.2534484"/>
  <node id="9645625023" version="1" timestamp="2022-04-06T12:43:34Z" uid="5653955" user="Timmy_Tesseract" changeset="119385893" lat="8.0006195" lon="124.2568497"/>
  <node id="9645625024" version="2" timestamp="2022-05-24T07:25:04Z" uid="5653955" user="Timmy_Tesseract" changeset="121405934" lat="8.0007814" lon="124.2569765"/>
  <node id="9645625025" version="1" timestamp="2022-04-06T12:43:34Z" uid="5653955" user="Timmy_Tesseract" changeset="119385893" lat="8.0007555" lon="124.2568696"/>
  <node id="9645625026" version="1" timestamp="2022-04-06T12:43:34Z" uid="5653955" user="Timmy_Tesseract" changeset="119385893" lat="8.0008068" lon="124.2568402"/>
  <node id="9645625027" version="1" timestamp="2022-04-06T12:43:34Z" uid="5653955" user="Timmy_Tesseract" changeset="119385893" lat="8.0009126" lon="124.2567979"/>
  <node id="9645625028" version="1" timestamp="2022-04-06T12:43:34Z" uid="5653955" user="Timmy_Tesseract" changeset="119385893" lat="8.000811" lon="124.256513"/>
  <node id="9645625029" version="1" timestamp="2022-04-06T12:43:34Z" uid="5653955" user="Timmy_Tesseract" changeset="119385893" lat="8.0005097" lon="124.2567811"/>
  <node id="9645625030" version="1" timestamp="2022-04-06T12:43:34Z" uid="5653955" user="Timmy_Tesseract" changeset="119385893" lat="8.0013437" lon="124.2578219"/>
  <node id="9645625031" version="3" timestamp="2022-05-24T07:25:04Z" uid="5653955" user="Timmy_Tesseract" changeset="121405934" lat="8.001141" lon="124.2582061"/>
  <node id="9645625032" version="1" timestamp="2022-04-06T12:43:34Z" uid="5653955" user="Timmy_Tesseract" changeset="119385893" lat="8.0010928" lon="124.2583477"/>
  <node id="9645625033" version="1" timestamp="2022-04-06T12:43:34Z" uid="5653955" user="Timmy_Tesseract" changeset="119385893" lat="8.0010303" lon="124.2583071"/>
  <node id="9645625034" version="1" timestamp="2022-04-06T12:43:34Z" uid="5653955" user="Timmy_Tesseract" changeset="119385893" lat="8.000994" lon="124.2582769"/>
  <node id="9645625035" version="1" timestamp="2022-04-06T12:43:34Z" uid="5653955" user="Timmy_Tesseract" changeset="119385893" lat="8.0011212" lon="124.2583816"/>
  <node id="9645625036" version="2" timestamp="2022-05-24T07:25:04Z" uid="5653955" user="Timmy_Tesseract" changeset="121405934" lat="8.0010285" lon="124.2583878"/>
  <node id="9645625037" version="1" timestamp="2022-04-06T12:43:34Z" uid="5653955" user="Timmy_Tesseract" changeset="119385893" lat="8.0009829" lon="124.2584349"/>
  <node id="9645625038" version="3" timestamp="2022-05-24T07:25:04Z" uid="5653955" user="Timmy_Tesseract" changeset="121405934" lat="8.0011104" lon="124.2582808"/>
  <node id="9645625039" version="1" timestamp="2022-04-06T12:43:34Z" uid="5653955" user="Timmy_Tesseract" changeset="119385893" lat="8.0009085" lon="124.2581983"/>
  <node id="9645625040" version="1" timestamp="2022-04-06T12:43:34Z" uid="5653955" user="Timmy_Tesseract" changeset="119385893" lat="7.9995021" lon="124.257366"/>
  <node id="9645625041" version="1" timestamp="2022-04-06T12:43:34Z" uid="5653955" user="Timmy_Tesseract" changeset="119385893" lat="7.9978776" lon="124.2571597"/>
  <node id="9653170723" version="3" timestamp="2026-05-22T19:41:40Z" uid="24046365" user="Ainie Mac" changeset="183039183" lat="7.9971362" lon="124.2566277"/>
  <node id="9653170729" version="2" timestamp="2022-05-24T07:25:04Z" uid="5653955" user="Timmy_Tesseract" changeset="121405934" lat="7.9980462" lon="124.2630649"/>
  <node id="9653170730" version="1" timestamp="2022-04-09T05:45:19Z" uid="1041828" user="GOwin" changeset="119491577" lat="7.9980492" lon="124.2634003"/>
  <node id="9653170731" version="2" timestamp="2022-05-24T07:25:04Z" uid="5653955" user="Timmy_Tesseract" changeset="121405934" lat="7.9980758" lon="124.2635465"/>
  <node id="9653170732" version="2" timestamp="2022-05-24T07:25:04Z" uid="5653955" user="Timmy_Tesseract" changeset="121405934" lat="7.9981249" lon="124.2637972"/>
  <node id="9653170733" version="2" timestamp="2022-05-24T07:25:04Z" uid="5653955" user="Timmy_Tesseract" changeset="121405934" lat="7.9979436" lon="124.2640675"/>
  <node id="9653170734" version="2" timestamp="2022-05-24T07:25:04Z" uid="5653955" user="Timmy_Tesseract" changeset="121405934" lat="7.9992799" lon="124.2653009"/>
  <node id="9653170735" version="2" timestamp="2022-05-24T07:25:04Z" uid="5653955" user="Timmy_Tesseract" changeset="121405934" lat="7.9992538" lon="124.2654924"/>
  <node id="9653170736" version="2" timestamp="2022-05-24T07:25:04Z" uid="5653955" user="Timmy_Tesseract" changeset="121405934" lat="7.9992711" lon="124.2656681"/>
  <node id="9653170741" version="2" timestamp="2022-05-24T07:25:04Z" uid="5653955" user="Timmy_Tesseract" changeset="121405934" lat="7.9984352" lon="124.2667564"/>
  <node id="9653212338" version="2" timestamp="2022-05-24T07:40:28Z" uid="5653955" user="Timmy_Tesseract" changeset="121406855" lat="8.0057824" lon="124.2651498"/>
  <node id="9653212339" version="2" timestamp="2022-05-24T07:40:28Z" uid="5653955" user="Timmy_Tesseract" changeset="121406855" lat="8.0059086" lon="124.2650981"/>
  <node id="9653212340" version="2" timestamp="2022-05-24T07:40:28Z" uid="5653955" user="Timmy_Tesseract" changeset="121406855" lat="8.0059623" lon="124.2650223"/>
  <node id="9653212341" version="2" timestamp="2022-05-24T07:40:28Z" uid="5653955" user="Timmy_Tesseract" changeset="121406855" lat="8.0061118" lon="124.2647347"/>
  <node id="9653212342" version="1" timestamp="2022-04-09T06:12:54Z" uid="1041828" user="GOwin" changeset="119491964" lat="8.0063402" lon="124.2646515"/>
  <node id="9653212343" version="2" timestamp="2022-05-24T07:40:28Z" uid="5653955" user="Timmy_Tesseract" changeset="121406855" lat="8.0069736" lon="124.2644738"/>
  <node id="9653212344" version="2" timestamp="2022-05-24T07:40:28Z" uid="5653955" user="Timmy_Tesseract" changeset="121406855" lat="8.0075679" lon="124.2642317"/>
  <node id="9653212345" version="2" timestamp="2022-05-24T07:40:28Z" uid="5653955" user="Timmy_Tesseract" changeset="121406855" lat="8.0077061" lon="124.2640916"/>
  <node id="9653212346" version="2" timestamp="2022-05-24T07:40:28Z" uid="5653955" user="Timmy_Tesseract" changeset="121406855" lat="8.0077279" lon="124.2639541"/>
  <node id="9653212347" version="1" timestamp="2022-04-09T06:12:54Z" uid="1041828" user="GOwin" changeset="119491964" lat="8.0075062" lon="124.2631026"/>
  <node id="9653212348" version="2" timestamp="2022-05-24T07:40:28Z" uid="5653955" user="Timmy_Tesseract" changeset="121406855" lat="8.0073561" lon="124.2625359"/>
  <node id="9653212349" version="2" timestamp="2022-05-24T07:40:28Z" uid="5653955" user="Timmy_Tesseract" changeset="121406855" lat="8.0073362" lon="124.262367"/>
  <node id="9653212350" version="2" timestamp="2022-05-24T07:40:28Z" uid="5653955" user="Timmy_Tesseract" changeset="121406855" lat="8.0074418" lon="124.262078"/>
  <node id="9653212351" version="2" timestamp="2022-05-24T07:40:28Z" uid="5653955" user="Timmy_Tesseract" changeset="121406855" lat="8.0081237" lon="124.2613149"/>
  <node id="9653212352" version="2" timestamp="2022-05-24T07:40:28Z" uid="5653955" user="Timmy_Tesseract" changeset="121406855" lat="8.0082526" lon="124.2610721"/>
  <node id="9766260904" version="1" timestamp="2022-05-24T07:25:04Z" uid="5653955" user="Timmy_Tesseract" changeset="121405934" lat="8.0010326" lon="124.2601343"/>
  <node id="9766260905" version="1" timestamp="2022-05-24T07:25:04Z" uid="5653955" user="Timmy_Tesseract" changeset="121405934" lat="8.0009781" lon="124.2602132"/>
  <node id="9766260906" version="1" timestamp="2022-05-24T07:25:04Z" uid="5653955" user="Timmy_Tesseract" changeset="121405934" lat="8.0005818" lon="124.2655233"/>
  <node id="9766260907" version="1" timestamp="2022-05-24T07:25:04Z" uid="5653955" user="Timmy_Tesseract" changeset="121405934" lat="8.0005606" lon="124.2654589"/>
  <node id="9766260908" version="1" timestamp="2022-05-24T07:25:04Z" uid="5653955" user="Timmy_Tesseract" changeset="121405934" lat="8.0005048" lon="124.2653435"/>
  <node id="9766260911" version="1" timestamp="2022-05-24T07:25:04Z" uid="5653955" user="Timmy_Tesseract" changeset="121405934" lat="7.9982551" lon="124.2571762"/>
  <node id="9766260912" version="1" timestamp="2022-05-24T07:25:04Z" uid="5653955" user="Timmy_Tesseract" changeset="121405934" lat="7.9984516" lon="124.2554234"/>
  <node id="9766260913" version="1" timestamp="2022-05-24T07:25:04Z" uid="5653955" user="Timmy_Tesseract" changeset="121405934" lat="7.9986468" lon="124.2554542"/>
  <node id="9766260914" version="1" timestamp="2022-05-24T07:25:04Z" uid="5653955" user="Timmy_Tesseract" changeset="121405934" lat="7.9969157" lon="124.2554723"/>
  <node id="9766260915" version="1" timestamp="2022-05-24T07:25:04Z" uid="5653955" user="Timmy_Tesseract" changeset="121405934" lat="7.9969429" lon="124.2554958"/>
  <node id="9766260916" version="1" timestamp="2022-05-24T07:25:04Z" uid="5653955" user="Timmy_Tesseract" changeset="121405934" lat="7.997022" lon="124.2555226"/>
  <node id="9766266017" version="1" timestamp="2022-05-24T07:25:04Z" uid="5653955" user="Timmy_Tesseract" changeset="121405934" lat="7.9969635" lon="124.255587"/>
  <node id="9766266018" version="1" timestamp="2022-05-24T07:25:04Z" uid="5653955" user="Timmy_Tesseract" changeset="121405934" lat="7.9969635" lon="124.2557687"/>
  <node id="9766266019" version="1" timestamp="2022-05-24T07:25:04Z" uid="5653955" user="Timmy_Tesseract" changeset="121405934" lat="7.9969582" lon="124.2556339"/>
  <node id="9766266020" version="1" timestamp="2022-05-24T07:25:04Z" uid="5653955" user="Timmy_Tesseract" changeset="121405934" lat="7.9973666" lon="124.2577234"/>
  <node id="9766266021" version="1" timestamp="2022-05-24T07:25:04Z" uid="5653955" user="Timmy_Tesseract" changeset="121405934" lat="7.9935723" lon="124.2560028"/>
  <node id="9766266023" version="1" timestamp="2022-05-24T07:25:04Z" uid="5653955" user="Timmy_Tesseract" changeset="121405934" lat="7.992972" lon="124.2565405"/>
  <node id="9766266024" version="1" timestamp="2022-05-24T07:25:04Z" uid="5653955" user="Timmy_Tesseract" changeset="121405934" lat="7.9928976" lon="124.2565151"/>
  <node id="9766266025" version="1" timestamp="2022-05-24T07:25:04Z" uid="5653955" user="Timmy_Tesseract" changeset="121405934" lat="7.9928531" lon="124.2568778"/>
  <node id="9766266026" version="1" timestamp="2022-05-24T07:25:04Z" uid="5653955" user="Timmy_Tesseract" changeset="121405934" lat="7.992897" lon="124.2568255"/>
  <node id="9766266027" version="1" timestamp="2022-05-24T07:25:04Z" uid="5653955" user="Timmy_Tesseract" changeset="121405934" lat="7.9985043" lon="124.2664415"/>
  <node id="9766266028" version="1" timestamp="2022-05-24T07:25:04Z" uid="5653955" user="Timmy_Tesseract" changeset="121405934" lat="7.9985829" lon="124.26645"/>
  <node id="9766266075" version="1" timestamp="2022-05-24T07:25:04Z" uid="5653955" user="Timmy_Tesseract" changeset="121405934" lat="8.0001794" lon="124.2597686"/>
  <node id="9766266076" version="1" timestamp="2022-05-24T07:25:04Z" uid="5653955" user="Timmy_Tesseract" changeset="121405934" lat="8.0004224" lon="124.2598517"/>
  <node id="9766266102" version="1" timestamp="2022-05-24T07:25:04Z" uid="5653955" user="Timmy_Tesseract" changeset="121405934" lat="7.9923797" lon="124.2603064"/>
  <node id="9766266103" version="1" timestamp="2022-05-24T07:25:04Z" uid="5653955" user="Timmy_Tesseract" changeset="121405934" lat="7.9924129" lon="124.2602487"/>
  <node id="9766266104" version="1" timestamp="2022-05-24T07:25:04Z" uid="5653955" user="Timmy_Tesseract" changeset="121405934" lat="7.9924766" lon="124.2601481"/>
  <node id="9766266123" version="1" timestamp="2022-05-24T07:25:04Z" uid="5653955" user="Timmy_Tesseract" changeset="121405934" lat="7.9973387" lon="124.2574458"/>
  <node id="9766266124" version="1" timestamp="2022-05-24T07:25:04Z" uid="5653955" user="Timmy_Tesseract" changeset="121405934" lat="7.9990579" lon="124.2622583"/>
  <node id="9766266125" version="1" timestamp="2022-05-24T07:25:04Z" uid="5653955" user="Timmy_Tesseract" changeset="121405934" lat="7.9991415" lon="124.2620015"/>
  <node id="9766266126" version="1" timestamp="2022-05-24T07:25:04Z" uid="5653955" user="Timmy_Tesseract" changeset="121405934" lat="7.9994583" lon="124.2615536"/>
  <node id="9766266127" version="1" timestamp="2022-05-24T07:25:04Z" uid="5653955" user="Timmy_Tesseract" changeset="121405934" lat="8.0000791" lon="124.2594025"/>
  <node id="9766266128" version="1" timestamp="2022-05-24T07:25:04Z" uid="5653955" user="Timmy_Tesseract" changeset="121405934" lat="8.0000353" lon="124.259501"/>
  <node id="9766266129" version="1" timestamp="2022-05-24T07:25:04Z" uid="5653955" user="Timmy_Tesseract" changeset="121405934" lat="7.9992407" lon="124.2583546"/>
  <node id="9766266130" version="1" timestamp="2022-05-24T07:25:04Z" uid="5653955" user="Timmy_Tesseract" changeset="121405934" lat="7.999269" lon="124.258278"/>
  <node id="9766266131" version="1" timestamp="2022-05-24T07:25:04Z" uid="5653955" user="Timmy_Tesseract" changeset="121405934" lat="7.9992823" lon="124.2581639"/>
  <node id="9766266132" version="1" timestamp="2022-05-24T07:25:04Z" uid="5653955" user="Timmy_Tesseract" changeset="121405934" lat="7.999277" lon="124.2580882"/>
  <node id="9766266133" version="1" timestamp="2022-05-24T07:25:04Z" uid="5653955" user="Timmy_Tesseract" changeset="121405934" lat="7.9992624" lon="124.2580278"/>
  <node id="9766266134" version="1" timestamp="2022-05-24T07:25:04Z" uid="5653955" user="Timmy_Tesseract" changeset="121405934" lat="7.9992445" lon="124.2579903"/>
  <node id="9766266135" version="1" timestamp="2022-05-24T07:25:04Z" uid="5653955" user="Timmy_Tesseract" changeset="121405934" lat="7.9992152" lon="124.2579668"/>
  <node id="9766266136" version="1" timestamp="2022-05-24T07:25:04Z" uid="5653955" user="Timmy_Tesseract" changeset="121405934" lat="7.9989403" lon="124.257887"/>
  <node id="9766266137" version="1" timestamp="2022-05-24T07:25:04Z" uid="5653955" user="Timmy_Tesseract" changeset="121405934" lat="7.9988872" lon="124.257885"/>
  <node id="9766266138" version="1" timestamp="2022-05-24T07:25:04Z" uid="5653955" user="Timmy_Tesseract" changeset="121405934" lat="7.998852" lon="124.2578984"/>
  <node id="9766266139" version="1" timestamp="2022-05-24T07:25:04Z" uid="5653955" user="Timmy_Tesseract" changeset="121405934" lat="7.9988115" lon="124.2579246"/>
  <node id="9766266140" version="1" timestamp="2022-05-24T07:25:04Z" uid="5653955" user="Timmy_Tesseract" changeset="121405934" lat="7.9986986" lon="124.2580992"/>
  <node id="9766266141" version="1" timestamp="2022-05-24T07:25:04Z" uid="5653955" user="Timmy_Tesseract" changeset="121405934" lat="7.9987358" lon="124.2580111"/>
  <node id="9766266142" version="1" timestamp="2022-05-24T07:25:04Z" uid="5653955" user="Timmy_Tesseract" changeset="121405934" lat="7.998674" lon="124.2581771"/>
  <node id="9766266151" version="1" timestamp="2022-05-24T07:25:04Z" uid="5653955" user="Timmy_Tesseract" changeset="121405934" lat="8.000568" lon="124.2591238"/>
  <node id="9766266152" version="1" timestamp="2022-05-24T07:25:04Z" uid="5653955" user="Timmy_Tesseract" changeset="121405934" lat="8.0003832" lon="124.2589982"/>
  <node id="9766266153" version="1" timestamp="2022-05-24T07:25:04Z" uid="5653955" user="Timmy_Tesseract" changeset="121405934" lat="7.9973936" lon="124.2581408"/>
  <node id="9766266154" version="1" timestamp="2022-05-24T07:25:04Z" uid="5653955" user="Timmy_Tesseract" changeset="121405934" lat="7.9979216" lon="124.2581305"/>
  <node id="9766266155" version="1" timestamp="2022-05-24T07:25:04Z" uid="5653955" user="Timmy_Tesseract" changeset="121405934" lat="7.9982507" lon="124.2581345"/>
  <node id="9766266156" version="1" timestamp="2022-05-24T07:25:04Z" uid="5653955" user="Timmy_Tesseract" changeset="121405934" lat="7.9984589" lon="124.2581428"/>
  <node id="9766266157" version="2" timestamp="2026-05-23T18:04:04Z" uid="24046365" user="Ainie Mac" changeset="183079088" lat="7.9989675" lon="124.258269">
    <tag k="facility:nature" v="building"/>
    <tag k="name" v="Antonio Isidro Admin"/>
  </node>
  <node id="9766266158" version="1" timestamp="2022-05-24T07:25:04Z" uid="5653955" user="Timmy_Tesseract" changeset="121405934" lat="7.9995238" lon="124.2584708"/>
  <node id="9766266159" version="1" timestamp="2022-05-24T07:25:04Z" uid="5653955" user="Timmy_Tesseract" changeset="121405934" lat="7.9998641" lon="124.2586507"/>
  <node id="9766266160" version="1" timestamp="2022-05-24T07:25:04Z" uid="5653955" user="Timmy_Tesseract" changeset="121405934" lat="8.0000789" lon="124.2587764"/>
  <node id="9766266161" version="1" timestamp="2022-05-24T07:25:04Z" uid="5653955" user="Timmy_Tesseract" changeset="121405934" lat="8.0002317" lon="124.2588787"/>
  <node id="9766266162" version="1" timestamp="2022-05-24T07:25:04Z" uid="5653955" user="Timmy_Tesseract" changeset="121405934" lat="7.9984662" lon="124.2580613"/>
  <node id="9766266163" version="1" timestamp="2022-05-24T07:25:04Z" uid="5653955" user="Timmy_Tesseract" changeset="121405934" lat="7.9995579" lon="124.2583966"/>
  <node id="9766266164" version="1" timestamp="2022-05-24T07:25:04Z" uid="5653955" user="Timmy_Tesseract" changeset="121405934" lat="8.000279" lon="124.2588124"/>
  <node id="9766266165" version="1" timestamp="2022-05-24T07:25:04Z" uid="5653955" user="Timmy_Tesseract" changeset="121405934" lat="8.0005174" lon="124.2588506"/>
  <node id="9766266166" version="1" timestamp="2022-05-24T07:25:04Z" uid="5653955" user="Timmy_Tesseract" changeset="121405934" lat="7.9985173" lon="124.2631294"/>
  <node id="9766266167" version="1" timestamp="2022-05-24T07:25:04Z" uid="5653955" user="Timmy_Tesseract" changeset="121405934" lat="7.9979064" lon="124.2642894"/>
  <node id="9766266168" version="1" timestamp="2022-05-24T07:25:04Z" uid="5653955" user="Timmy_Tesseract" changeset="121405934" lat="7.9978394" lon="124.2640956"/>
  <node id="9766266169" version="1" timestamp="2022-05-24T07:25:04Z" uid="5653955" user="Timmy_Tesseract" changeset="121405934" lat="7.9978195" lon="124.2640682"/>
  <node id="9766266170" version="1" timestamp="2022-05-24T07:25:04Z" uid="5653955" user="Timmy_Tesseract" changeset="121405934" lat="7.9979098" lon="124.2640923"/>
  <node id="9766266171" version="1" timestamp="2022-05-24T07:25:04Z" uid="5653955" user="Timmy_Tesseract" changeset="121405934" lat="7.9979934" lon="124.2640145"/>
  <node id="9766266172" version="1" timestamp="2022-05-24T07:25:04Z" uid="5653955" user="Timmy_Tesseract" changeset="121405934" lat="7.9980784" lon="124.2638858"/>
  <node id="9766266173" version="1" timestamp="2022-05-24T07:25:04Z" uid="5653955" user="Timmy_Tesseract" changeset="121405934" lat="7.9981355" lon="124.2637034"/>
  <node id="9766266174" version="1" timestamp="2022-05-24T07:25:04Z" uid="5653955" user="Timmy_Tesseract" changeset="121405934" lat="7.9981183" lon="124.2636296"/>
  <node id="9766266175" version="1" timestamp="2022-05-24T07:25:04Z" uid="5653955" user="Timmy_Tesseract" changeset="121405934" lat="7.9985489" lon="124.2662338"/>
  <node id="9766266176" version="1" timestamp="2022-05-24T07:25:04Z" uid="5653955" user="Timmy_Tesseract" changeset="121405934" lat="7.9986109" lon="124.2662446"/>
  <node id="9766266177" version="1" timestamp="2022-05-24T07:25:04Z" uid="5653955" user="Timmy_Tesseract" changeset="121405934" lat="7.9992896" lon="124.2640152"/>
  <node id="9766266178" version="1" timestamp="2022-05-24T07:25:04Z" uid="5653955" user="Timmy_Tesseract" changeset="121405934" lat="7.9994098" lon="124.2639904"/>
  <node id="9766266179" version="1" timestamp="2022-05-24T07:25:04Z" uid="5653955" user="Timmy_Tesseract" changeset="121405934" lat="7.9992265" lon="124.2640179"/>
  <node id="9766266180" version="1" timestamp="2022-05-24T07:25:04Z" uid="5653955" user="Timmy_Tesseract" changeset="121405934" lat="7.9991409" lon="124.2640132"/>
  <node id="9766266181" version="1" timestamp="2022-05-24T07:25:04Z" uid="5653955" user="Timmy_Tesseract" changeset="121405934" lat="7.9990578" lon="124.2632441"/>
  <node id="9766266182" version="1" timestamp="2022-05-24T07:25:04Z" uid="5653955" user="Timmy_Tesseract" changeset="121405934" lat="7.9986005" lon="124.265929"/>
  <node id="9766266183" version="1" timestamp="2022-05-24T07:25:04Z" uid="5653955" user="Timmy_Tesseract" changeset="121405934" lat="7.9987226" lon="124.2651962"/>
  <node id="9766266184" version="1" timestamp="2022-05-24T07:25:04Z" uid="5653955" user="Timmy_Tesseract" changeset="121405934" lat="7.9988074" lon="124.2648055"/>
  <node id="9766266185" version="1" timestamp="2022-05-24T07:25:04Z" uid="5653955" user="Timmy_Tesseract" changeset="121405934" lat="7.9988699" lon="124.2645288"/>
  <node id="9766266186" version="1" timestamp="2022-05-24T07:25:04Z" uid="5653955" user="Timmy_Tesseract" changeset="121405934" lat="7.9989375" lon="124.2642638"/>
  <node id="9766266187" version="1" timestamp="2022-05-24T07:25:04Z" uid="5653955" user="Timmy_Tesseract" changeset="121405934" lat="7.9989862" lon="124.2639965"/>
  <node id="9766266188" version="1" timestamp="2022-05-24T07:25:04Z" uid="5653955" user="Timmy_Tesseract" changeset="121405934" lat="7.999006" lon="124.2638212"/>
  <node id="9766266189" version="1" timestamp="2022-05-24T07:25:04Z" uid="5653955" user="Timmy_Tesseract" changeset="121405934" lat="7.9990217" lon="124.263596"/>
  <node id="9766266190" version="1" timestamp="2022-05-24T07:25:04Z" uid="5653955" user="Timmy_Tesseract" changeset="121405934" lat="7.9990258" lon="124.2633555"/>
  <node id="9766266191" version="1" timestamp="2022-05-24T07:25:04Z" uid="5653955" user="Timmy_Tesseract" changeset="121405934" lat="7.9986625" lon="124.2659396"/>
  <node id="9766266192" version="1" timestamp="2022-05-24T07:25:04Z" uid="5653955" user="Timmy_Tesseract" changeset="121405934" lat="7.9987844" lon="124.2652082"/>
  <node id="9766266193" version="1" timestamp="2022-05-24T07:25:04Z" uid="5653955" user="Timmy_Tesseract" changeset="121405934" lat="7.9988688" lon="124.2648194"/>
  <node id="9766266194" version="1" timestamp="2022-05-24T07:25:04Z" uid="5653955" user="Timmy_Tesseract" changeset="121405934" lat="7.998931" lon="124.2645437"/>
  <node id="9766266195" version="1" timestamp="2022-05-24T07:25:04Z" uid="5653955" user="Timmy_Tesseract" changeset="121405934" lat="7.998999" lon="124.2642775"/>
  <node id="9766266196" version="1" timestamp="2022-05-24T07:25:04Z" uid="5653955" user="Timmy_Tesseract" changeset="121405934" lat="7.9990484" lon="124.2640058"/>
  <node id="9766266197" version="1" timestamp="2022-05-24T07:25:04Z" uid="5653955" user="Timmy_Tesseract" changeset="121405934" lat="7.9990687" lon="124.263827"/>
  <node id="9766266198" version="1" timestamp="2022-05-24T07:25:04Z" uid="5653955" user="Timmy_Tesseract" changeset="121405934" lat="7.9990846" lon="124.2635988"/>
  <node id="9766266199" version="1" timestamp="2022-05-24T07:25:04Z" uid="5653955" user="Timmy_Tesseract" changeset="121405934" lat="7.9990887" lon="124.2633566"/>
  <node id="9766266204" version="1" timestamp="2022-05-24T07:25:04Z" uid="5653955" user="Timmy_Tesseract" changeset="121405934" lat="7.9992538" lon="124.2655903"/>
  <node id="9766266205" version="1" timestamp="2022-05-24T07:25:04Z" uid="5653955" user="Timmy_Tesseract" changeset="121405934" lat="7.9993255" lon="124.2657419"/>
  <node id="9766266206" version="1" timestamp="2022-05-24T07:25:04Z" uid="5653955" user="Timmy_Tesseract" changeset="121405934" lat="7.9993839" lon="124.2657942"/>
  <node id="9766266207" version="1" timestamp="2022-05-24T07:25:04Z" uid="5653955" user="Timmy_Tesseract" changeset="121405934" lat="8.0001032" lon="124.2655937"/>
  <node id="9766266208" version="1" timestamp="2022-05-24T07:25:04Z" uid="5653955" user="Timmy_Tesseract" changeset="121405934" lat="8.0001028" lon="124.265536"/>
  <node id="9766266209" version="1" timestamp="2022-05-24T07:25:04Z" uid="5653955" user="Timmy_Tesseract" changeset="121405934" lat="8.0000771" lon="124.2654555"/>
  <node id="9766266210" version="1" timestamp="2022-05-24T07:25:04Z" uid="5653955" user="Timmy_Tesseract" changeset="121405934" lat="8.0000499" lon="124.2654347"/>
  <node id="9766266211" version="1" timestamp="2022-05-24T07:25:04Z" uid="5653955" user="Timmy_Tesseract" changeset="121405934" lat="7.9999976" lon="124.2654147"/>
  <node id="9766285635" version="1" timestamp="2022-05-24T07:40:28Z" uid="5653955" user="Timmy_Tesseract" changeset="121406855" lat="8.0018581" lon="124.2671426"/>
  <node id="9766285636" version="1" timestamp="2022-05-24T07:40:28Z" uid="5653955" user="Timmy_Tesseract" changeset="121406855" lat="8.0021987" lon="124.2669877"/>
  <node id="9766285637" version="1" timestamp="2022-05-24T07:40:28Z" uid="5653955" user="Timmy_Tesseract" changeset="121406855" lat="8.0022492" lon="124.2668838"/>
  <node id="9766285638" version="1" timestamp="2022-05-24T07:40:28Z" uid="5653955" user="Timmy_Tesseract" changeset="121406855" lat="8.0034019" lon="124.2652731"/>
  <node id="9766285639" version="1" timestamp="2022-05-24T07:40:28Z" uid="5653955" user="Timmy_Tesseract" changeset="121406855" lat="8.0034869" lon="124.2652329"/>
  <node id="9766285640" version="1" timestamp="2022-05-24T07:40:28Z" uid="5653955" user="Timmy_Tesseract" changeset="121406855" lat="8.0047957" lon="124.2653234"/>
  <node id="9766285641" version="1" timestamp="2022-05-24T07:40:28Z" uid="5653955" user="Timmy_Tesseract" changeset="121406855" lat="8.0049033" lon="124.2652926"/>
  <node id="9766285642" version="1" timestamp="2022-05-24T07:40:28Z" uid="5653955" user="Timmy_Tesseract" changeset="121406855" lat="8.0050613" lon="124.2652564"/>
  <node id="9766285643" version="1" timestamp="2022-05-24T07:40:28Z" uid="5653955" user="Timmy_Tesseract" changeset="121406855" lat="8.0045985" lon="124.2653751"/>
  <node id="9766285644" version="1" timestamp="2022-05-24T07:40:28Z" uid="5653955" user="Timmy_Tesseract" changeset="121406855" lat="8.0045454" lon="124.2653811"/>
  <node id="9766285645" version="1" timestamp="2022-05-24T07:40:28Z" uid="5653955" user="Timmy_Tesseract" changeset="121406855" lat="8.0039936" lon="124.2651464"/>
  <node id="9766285646" version="1" timestamp="2022-05-24T07:40:28Z" uid="5653955" user="Timmy_Tesseract" changeset="121406855" lat="8.0057519" lon="124.2671111"/>
  <node id="9766285647" version="1" timestamp="2022-05-24T07:40:28Z" uid="5653955" user="Timmy_Tesseract" changeset="121406855" lat="8.0056709" lon="124.2672157"/>
  <node id="9766285648" version="1" timestamp="2022-05-24T07:40:28Z" uid="5653955" user="Timmy_Tesseract" changeset="121406855" lat="8.0055394" lon="124.2673378"/>
  <node id="9766285649" version="1" timestamp="2022-05-24T07:40:28Z" uid="5653955" user="Timmy_Tesseract" changeset="121406855" lat="8.0053362" lon="124.2675014"/>
  <node id="9766285650" version="1" timestamp="2022-05-24T07:40:28Z" uid="5653955" user="Timmy_Tesseract" changeset="121406855" lat="8.0049006" lon="124.2678313"/>
  <node id="9766285651" version="1" timestamp="2022-05-24T07:40:28Z" uid="5653955" user="Timmy_Tesseract" changeset="121406855" lat="8.004635" lon="124.2680767"/>
  <node id="9766285652" version="1" timestamp="2022-05-24T07:40:28Z" uid="5653955" user="Timmy_Tesseract" changeset="121406855" lat="8.0045102" lon="124.2681921"/>
  <node id="9766285653" version="1" timestamp="2022-05-24T07:40:28Z" uid="5653955" user="Timmy_Tesseract" changeset="121406855" lat="8.0042618" lon="124.2683704"/>
  <node id="9766285654" version="1" timestamp="2022-05-24T07:40:28Z" uid="5653955" user="Timmy_Tesseract" changeset="121406855" lat="8.0041635" lon="124.268471"/>
  <node id="9766285655" version="1" timestamp="2022-05-24T07:40:28Z" uid="5653955" user="Timmy_Tesseract" changeset="121406855" lat="8.0040334" lon="124.2686896"/>
  <node id="9766285656" version="1" timestamp="2022-05-24T07:40:28Z" uid="5653955" user="Timmy_Tesseract" changeset="121406855" lat="8.0050852" lon="124.2676637"/>
  <node id="9766285657" version="1" timestamp="2022-05-24T07:40:28Z" uid="5653955" user="Timmy_Tesseract" changeset="121406855" lat="8.0034291" lon="124.2697746"/>
  <node id="9766285658" version="1" timestamp="2022-05-24T07:40:28Z" uid="5653955" user="Timmy_Tesseract" changeset="121406855" lat="8.0041635" lon="124.2690195"/>
  <node id="9766285659" version="1" timestamp="2022-05-24T07:40:28Z" uid="5653955" user="Timmy_Tesseract" changeset="121406855" lat="8.006566" lon="124.2645932"/>
  <node id="9766285660" version="1" timestamp="2022-05-24T07:40:28Z" uid="5653955" user="Timmy_Tesseract" changeset="121406855" lat="8.007145" lon="124.2644155"/>
  <node id="9766285661" version="1" timestamp="2022-05-24T07:40:28Z" uid="5653955" user="Timmy_Tesseract" changeset="121406855" lat="8.0073249" lon="124.2643491"/>
  <node id="9766285662" version="1" timestamp="2022-05-24T07:40:28Z" uid="5653955" user="Timmy_Tesseract" changeset="121406855" lat="8.0076271" lon="124.2641935"/>
  <node id="9766285663" version="1" timestamp="2022-05-24T07:40:28Z" uid="5653955" user="Timmy_Tesseract" changeset="121406855" lat="8.0076742" lon="124.264148"/>
  <node id="9766285664" version="1" timestamp="2022-05-24T07:40:28Z" uid="5653955" user="Timmy_Tesseract" changeset="121406855" lat="8.007726" lon="124.2640212"/>
  <node id="9766285665" version="1" timestamp="2022-05-24T07:40:28Z" uid="5653955" user="Timmy_Tesseract" changeset="121406855" lat="8.0077178" lon="124.263882"/>
  <node id="9766285666" version="1" timestamp="2022-05-24T07:40:28Z" uid="5653955" user="Timmy_Tesseract" changeset="121406855" lat="8.0073415" lon="124.2624548"/>
  <node id="9766285667" version="1" timestamp="2022-05-24T07:40:28Z" uid="5653955" user="Timmy_Tesseract" changeset="121406855" lat="8.0073402" lon="124.2622771"/>
  <node id="9766285668" version="1" timestamp="2022-05-24T07:40:28Z" uid="5653955" user="Timmy_Tesseract" changeset="121406855" lat="8.0073588" lon="124.262204"/>
  <node id="9766285669" version="1" timestamp="2022-05-24T07:40:28Z" uid="5653955" user="Timmy_Tesseract" changeset="121406855" lat="8.007388" lon="124.262145"/>
  <node id="9766285670" version="1" timestamp="2022-05-24T07:40:28Z" uid="5653955" user="Timmy_Tesseract" changeset="121406855" lat="8.0079509" lon="124.26152"/>
  <node id="9766285671" version="1" timestamp="2022-05-24T07:40:28Z" uid="5653955" user="Timmy_Tesseract" changeset="121406855" lat="8.008075" lon="124.261382"/>
  <node id="9766285672" version="1" timestamp="2022-05-24T07:40:28Z" uid="5653955" user="Timmy_Tesseract" changeset="121406855" lat="8.0081669" lon="124.2612384"/>
  <node id="9766285673" version="1" timestamp="2022-05-24T07:40:28Z" uid="5653955" user="Timmy_Tesseract" changeset="121406855" lat="8.008218" lon="124.2611251"/>
  <node id="9766285674" version="1" timestamp="2022-05-24T07:40:28Z" uid="5653955" user="Timmy_Tesseract" changeset="121406855" lat="8.0058322" lon="124.2651357"/>
  <node id="9766285675" version="1" timestamp="2022-05-24T07:40:28Z" uid="5653955" user="Timmy_Tesseract" changeset="121406855" lat="8.0062818" lon="124.2664298"/>
  <node id="9766285676" version="1" timestamp="2022-05-24T07:40:28Z" uid="5653955" user="Timmy_Tesseract" changeset="121406855" lat="8.0061968" lon="124.2662099"/>
  <node id="9766285677" version="1" timestamp="2022-05-24T07:40:28Z" uid="5653955" user="Timmy_Tesseract" changeset="121406855" lat="8.0060653" lon="124.2657365"/>
  <node id="9766285678" version="1" timestamp="2022-05-24T07:40:28Z" uid="5653955" user="Timmy_Tesseract" changeset="121406855" lat="8.0059402" lon="124.2652804"/>
  <node id="9766285679" version="1" timestamp="2022-05-24T07:40:28Z" uid="5653955" user="Timmy_Tesseract" changeset="121406855" lat="8.0059319" lon="124.2652182"/>
  <node id="9766285680" version="1" timestamp="2022-05-24T07:40:28Z" uid="5653955" user="Timmy_Tesseract" changeset="121406855" lat="8.0063152" lon="124.2651005"/>
  <node id="9766285681" version="1" timestamp="2022-05-24T07:40:28Z" uid="5653955" user="Timmy_Tesseract" changeset="121406855" lat="8.0058853" lon="124.2651135"/>
  <node id="9766285682" version="1" timestamp="2022-05-24T07:40:28Z" uid="5653955" user="Timmy_Tesseract" changeset="121406855" lat="8.0060487" lon="124.2648225"/>
  <node id="9766285683" version="1" timestamp="2022-05-24T07:40:28Z" uid="5653955" user="Timmy_Tesseract" changeset="121406855" lat="8.0060819" lon="124.2647649"/>
  <node id="9766285684" version="1" timestamp="2022-05-24T07:40:28Z" uid="5653955" user="Timmy_Tesseract" changeset="121406855" lat="8.0061596" lon="124.2647072"/>
  <node id="9766285685" version="1" timestamp="2022-05-24T07:40:28Z" uid="5653955" user="Timmy_Tesseract" changeset="121406855" lat="8.006228" lon="124.2646831"/>
  <node id="9766285686" version="1" timestamp="2022-05-24T07:40:28Z" uid="5653955" user="Timmy_Tesseract" changeset="121406855" lat="8.0059418" lon="124.2650572"/>
  <node id="9766285687" version="1" timestamp="2022-05-24T07:40:28Z" uid="5653955" user="Timmy_Tesseract" changeset="121406855" lat="8.0059883" lon="124.2651652"/>
  <node id="9766285688" version="1" timestamp="2022-05-24T07:40:28Z" uid="5653955" user="Timmy_Tesseract" changeset="121406855" lat="8.006052" lon="124.2651732"/>
  <node id="9766285689" version="1" timestamp="2022-05-24T07:40:28Z" uid="5653955" user="Timmy_Tesseract" changeset="121406855" lat="8.0061038" lon="124.2651672"/>
  <node id="9766285690" version="1" timestamp="2022-05-24T07:40:28Z" uid="5653955" user="Timmy_Tesseract" changeset="121406855" lat="8.0061609" lon="124.2651531"/>
  <node id="9766285691" version="1" timestamp="2022-05-24T07:40:28Z" uid="5653955" user="Timmy_Tesseract" changeset="121406855" lat="8.0017877" lon="124.2672003"/>
  <node id="9766285692" version="1" timestamp="2022-05-24T07:40:28Z" uid="5653955" user="Timmy_Tesseract" changeset="121406855" lat="8.0019271" lon="124.2670991"/>
  <node id="9766285693" version="1" timestamp="2022-05-24T07:40:28Z" uid="5653955" user="Timmy_Tesseract" changeset="121406855" lat="8.001611" lon="124.267386"/>
  <node id="11229894097" version="1" timestamp="2023-09-30T20:07:57Z" uid="5653955" user="Timmy_Tesseract" changeset="141966461" lat="7.9951437" lon="124.2571735"/>
  <node id="11229894098" version="1" timestamp="2023-09-30T20:07:57Z" uid="5653955" user="Timmy_Tesseract" changeset="141966461" lat="7.9951173" lon="124.2572569"/>
  <node id="11229894099" version="1" timestamp="2023-09-30T20:07:57Z" uid="5653955" user="Timmy_Tesseract" changeset="141966461" lat="7.9950697" lon="124.2572041"/>
  <node id="11229894100" version="1" timestamp="2023-09-30T20:07:57Z" uid="5653955" user="Timmy_Tesseract" changeset="141966461" lat="7.9950844" lon="124.2571759"/>
  <node id="11229894101" version="1" timestamp="2023-09-30T20:07:57Z" uid="5653955" user="Timmy_Tesseract" changeset="141966461" lat="7.9951544" lon="124.2571854"/>
  <node id="12029659519" version="1" timestamp="2024-07-02T17:54:16Z" uid="18414168" user="KatpanaDesert" changeset="153469694" lat="7.9956507" lon="124.2537993"/>
  <node id="12029659520" version="1" timestamp="2024-07-02T17:54:16Z" uid="18414168" user="KatpanaDesert" changeset="153469694" lat="7.9955139" lon="124.2538154"/>
  <node id="12313814802" version="1" timestamp="2024-11-05T07:41:22Z" uid="22011056" user="Dkboy" changeset="158767749" lat="7.9946891" lon="124.2575007"/>
  <node id="12850434022" version="1" timestamp="2025-05-20T07:55:03Z" uid="20109068" user="CharaSands" changeset="166510299" lat="8.0116475" lon="124.2709315"/>
  <node id="12850434027" version="1" timestamp="2025-05-20T07:55:03Z" uid="20109068" user="CharaSands" changeset="166510299" lat="8.0117093" lon="124.2712076"/>
  <node id="12972970283" version="1" timestamp="2025-07-03T07:44:25Z" uid="23055017" user="angeloiligan" changeset="168431484" lat="7.9977311" lon="124.2590658"/>
  <node id="13005640676" version="1" timestamp="2025-07-17T02:58:17Z" uid="23055017" user="angeloiligan" changeset="169039813" lat="7.9862723" lon="124.236648"/>
  <node id="13854227827" version="1" timestamp="2026-05-20T19:59:19Z" uid="24046365" user="Ainie Mac" changeset="182946126" lat="7.9994637" lon="124.2586739"/>
  <node id="13854227828" version="1" timestamp="2026-05-20T19:59:19Z" uid="24046365" user="Ainie Mac" changeset="182946126" lat="7.9994653" lon="124.2589301"/>
  <node id="13854227829" version="1" timestamp="2026-05-20T19:59:19Z" uid="24046365" user="Ainie Mac" changeset="182946126" lat="7.9992983" lon="124.2594032"/>
  <node id="13854227830" version="1" timestamp="2026-05-20T19:59:19Z" uid="24046365" user="Ainie Mac" changeset="182946126" lat="7.9985462" lon="124.2586094"/>
  <node id="13854227831" version="1" timestamp="2026-05-20T19:59:19Z" uid="24046365" user="Ainie Mac" changeset="182946126" lat="7.9983627" lon="124.2591577"/>
  <node id="13854227836" version="1" timestamp="2026-05-20T19:59:19Z" uid="24046365" user="Ainie Mac" changeset="182946126" lat="7.9993103" lon="124.2583832"/>
  <node id="13854227837" version="2" timestamp="2026-07-16T04:46:54Z" uid="24304747" user="SOMAWD" changeset="185823026" lat="7.9992056" lon="124.25861"/>
  <node id="13854227838" version="2" timestamp="2026-07-16T04:46:54Z" uid="24304747" user="SOMAWD" changeset="185823026" lat="7.9990407" lon="124.258709"/>
  <node id="13854227839" version="2" timestamp="2026-07-16T04:46:54Z" uid="24304747" user="SOMAWD" changeset="185823026" lat="7.9987976" lon="124.2572175"/>
  <node id="13854227840" version="2" timestamp="2026-07-16T04:46:54Z" uid="24304747" user="SOMAWD" changeset="185823026" lat="7.9986515" lon="124.2577861"/>
  <node id="13854227841" version="1" timestamp="2026-05-20T19:59:19Z" uid="24046365" user="Ainie Mac" changeset="182946126" lat="7.9972801" lon="124.2571544"/>
  <node id="13854227842" version="1" timestamp="2026-05-20T19:59:19Z" uid="24046365" user="Ainie Mac" changeset="182946126" lat="7.9973424" lon="124.2576411"/>
  <node id="13854227843" version="1" timestamp="2026-05-20T19:59:19Z" uid="24046365" user="Ainie Mac" changeset="182946126" lat="7.9973794" lon="124.2582041"/>
  <node id="13854227844" version="1" timestamp="2026-05-20T19:59:19Z" uid="24046365" user="Ainie Mac" changeset="182946126" lat="7.9974263" lon="124.2590315"/>
  <node id="13854227845" version="1" timestamp="2026-05-20T19:59:19Z" uid="24046365" user="Ainie Mac" changeset="182946126" lat="7.9981691" lon="124.2591287"/>
  <node id="13854227846" version="1" timestamp="2026-05-20T19:59:19Z" uid="24046365" user="Ainie Mac" changeset="182946126" lat="7.9975179" lon="124.259131"/>
  <node id="13854227847" version="1" timestamp="2026-05-20T19:59:19Z" uid="24046365" user="Ainie Mac" changeset="182946126" lat="7.9973604" lon="124.2595956"/>
  <node id="13854227854" version="1" timestamp="2026-05-20T19:59:19Z" uid="24046365" user="Ainie Mac" changeset="182946126" lat="7.9950971" lon="124.2565926"/>
  <node id="13854227855" version="1" timestamp="2026-05-20T19:59:19Z" uid="24046365" user="Ainie Mac" changeset="182946126" lat="7.9972982" lon="124.2598498"/>
  <node id="13854227856" version="1" timestamp="2026-05-20T19:59:19Z" uid="24046365" user="Ainie Mac" changeset="182946126" lat="7.9971936" lon="124.2601607"/>
  <node id="13854227857" version="1" timestamp="2026-05-20T19:59:19Z" uid="24046365" user="Ainie Mac" changeset="182946126" lat="7.9980978" lon="124.2592792"/>
  <node id="13854227858" version="1" timestamp="2026-05-20T19:59:19Z" uid="24046365" user="Ainie Mac" changeset="182946126" lat="7.9980037" lon="124.2598211"/>
  <node id="13854227859" version="2" timestamp="2026-07-16T04:46:54Z" uid="24304747" user="SOMAWD" changeset="185823026" lat="7.9978503" lon="124.2600326"/>
  <node id="13854227860" version="1" timestamp="2026-05-20T19:59:19Z" uid="24046365" user="Ainie Mac" changeset="182946126" lat="7.9976584" lon="124.2600535"/>
  <node id="13854227861" version="2" timestamp="2026-05-23T18:04:04Z" uid="24046365" user="Ainie Mac" changeset="183079088" lat="7.9976001" lon="124.2602558">
    <tag k="college" v="building"/>
    <tag k="name" v="College of Natural Sciences and Mathematics"/>
  </node>
  <node id="13854227862" version="1" timestamp="2026-05-20T19:59:19Z" uid="24046365" user="Ainie Mac" changeset="182946126" lat="7.9972038" lon="124.2601304"/>
  <node id="13854227866" version="1" timestamp="2026-05-20T19:59:19Z" uid="24046365" user="Ainie Mac" changeset="182946126" lat="7.9996008" lon="124.2584193"/>
  <node id="13854227867" version="1" timestamp="2026-05-20T19:59:19Z" uid="24046365" user="Ainie Mac" changeset="182946126" lat="7.9997307" lon="124.2580934"/>
  <node id="13854227868" version="1" timestamp="2026-05-20T19:59:19Z" uid="24046365" user="Ainie Mac" changeset="182946126" lat="7.9992707" lon="124.2579504"/>
  <node id="13854227875" version="1" timestamp="2026-05-20T19:59:19Z" uid="24046365" user="Ainie Mac" changeset="182946126" lat="7.9963724" lon="124.2563929"/>
  <node id="13861364848" version="2" timestamp="2026-07-16T04:46:54Z" uid="24304747" user="SOMAWD" changeset="185823026" lat="7.9999613" lon="124.2581323"/>
  <node id="13861364849" version="1" timestamp="2026-05-22T19:41:40Z" uid="24046365" user="Ainie Mac" changeset="183039183" lat="8.0002492" lon="124.2576973"/>
  <node id="13861364852" version="1" timestamp="2026-05-22T19:41:40Z" uid="24046365" user="Ainie Mac" changeset="183039183" lat="7.9955422" lon="124.256477"/>
  <node id="13861364853" version="1" timestamp="2026-05-22T19:41:40Z" uid="24046365" user="Ainie Mac" changeset="183039183" lat="7.99583" lon="124.2567553"/>
  <node id="13861364854" version="1" timestamp="2026-05-22T19:41:40Z" uid="24046365" user="Ainie Mac" changeset="183039183" lat="7.9958514" lon="124.2562286"/>
  <node id="13866838502" version="5" timestamp="2026-07-16T04:46:54Z" uid="24304747" user="SOMAWD" changeset="185823026" lat="7.9997687" lon="124.2580931">
    <tag k="college" v="building"/>
    <tag k="name" v="College of Information and Computing Sciences"/>
  </node>
  <node id="13866845154" version="3" timestamp="2026-07-16T04:46:54Z" uid="24304747" user="SOMAWD" changeset="185823026" lat="7.9939662" lon="124.258213">
    <tag k="college" v="building"/>
    <tag k="name" v="College of Business Administration and Accountancy"/>
  </node>
  <node id="13866845155" version="2" timestamp="2026-05-23T18:04:04Z" uid="24046365" user="Ainie Mac" changeset="183079088" lat="7.9932209" lon="124.2584953">
    <tag k="college" v="building"/>
    <tag k="name" v="College of Agriculture"/>
  </node>
  <node id="13866845157" version="2" timestamp="2026-05-23T18:04:04Z" uid="24046365" user="Ainie Mac" changeset="183079088" lat="7.9934013" lon="124.2592671">
    <tag k="college" v="building"/>
    <tag k="name" v="College of Education - Old Building"/>
  </node>
  <node id="13866845158" version="2" timestamp="2026-05-23T18:04:04Z" uid="24046365" user="Ainie Mac" changeset="183079088" lat="7.9932039" lon="124.259115">
    <tag k="college" v="building"/>
    <tag k="name" v="College of Law"/>
  </node>
  <node id="13867858841" version="1" timestamp="2026-05-23T18:04:04Z" uid="24046365" user="Ainie Mac" changeset="183079088" lat="7.9940807" lon="124.2582777"/>
  <node id="13867858842" version="1" timestamp="2026-05-23T18:04:04Z" uid="24046365" user="Ainie Mac" changeset="183079088" lat="7.993683" lon="124.2587262"/>
  <node id="13867858843" version="2" timestamp="2026-07-16T04:46:54Z" uid="24304747" user="SOMAWD" changeset="185823026" lat="7.9935888" lon="124.258625"/>
  <node id="13867858844" version="1" timestamp="2026-05-23T18:04:04Z" uid="24046365" user="Ainie Mac" changeset="183079088" lat="7.993583" lon="124.2588373"/>
  <node id="13867858845" version="1" timestamp="2026-05-23T18:04:04Z" uid="24046365" user="Ainie Mac" changeset="183079088" lat="7.9933012" lon="124.2591753"/>
  <node id="13867858846" version="1" timestamp="2026-05-23T18:04:04Z" uid="24046365" user="Ainie Mac" changeset="183079088" lat="7.9933731" lon="124.2590879"/>
  <node id="13867858847" version="1" timestamp="2026-05-23T18:04:04Z" uid="24046365" user="Ainie Mac" changeset="183079088" lat="7.9933167" lon="124.2590678"/>
  <node id="13867858848" version="1" timestamp="2026-05-23T18:04:04Z" uid="24046365" user="Ainie Mac" changeset="183079088" lat="7.9932813" lon="124.2590605"/>
  <node id="13867858849" version="1" timestamp="2026-05-23T18:04:04Z" uid="24046365" user="Ainie Mac" changeset="183079088" lat="7.993249" lon="124.2590646"/>
  <node id="13867858850" version="1" timestamp="2026-05-23T18:04:04Z" uid="24046365" user="Ainie Mac" changeset="183079088" lat="7.9931669" lon="124.2591565"/>
  <node id="13867858851" version="1" timestamp="2026-05-23T18:04:04Z" uid="24046365" user="Ainie Mac" changeset="183079088" lat="7.9931298" lon="124.2591979"/>
  <node id="13867858852" version="1" timestamp="2026-05-23T18:04:04Z" uid="24046365" user="Ainie Mac" changeset="183079088" lat="7.9931363" lon="124.2592402"/>
  <node id="13867858853" version="1" timestamp="2026-05-23T18:04:04Z" uid="24046365" user="Ainie Mac" changeset="183079088" lat="7.9931588" lon="124.2593134"/>
  <node id="13867858854" version="1" timestamp="2026-05-23T18:04:04Z" uid="24046365" user="Ainie Mac" changeset="183079088" lat="7.9931732" lon="124.259326"/>
  <node id="13867858855" version="1" timestamp="2026-05-23T18:04:04Z" uid="24046365" user="Ainie Mac" changeset="183079088" lat="7.9936518" lon="124.2587609"/>
  <node id="13867858856" version="1" timestamp="2026-05-23T18:04:04Z" uid="24046365" user="Ainie Mac" changeset="183079088" lat="7.9937384" lon="124.2588734"/>
  <node id="13867858857" version="1" timestamp="2026-05-23T18:04:04Z" uid="24046365" user="Ainie Mac" changeset="183079088" lat="7.9953256" lon="124.2589395"/>
  <node id="13867858858" version="2" timestamp="2026-05-23T18:18:04Z" uid="24046365" user="Ainie Mac" changeset="183079560" lat="7.9952798" lon="124.259036">
    <tag k="college" v="Building"/>
    <tag k="name" v="College of Public Affairs"/>
  </node>
  <node id="13867858859" version="1" timestamp="2026-05-23T18:04:04Z" uid="24046365" user="Ainie Mac" changeset="183079088" lat="7.9951473" lon="124.2569677"/>
  <node id="13867858861" version="1" timestamp="2026-05-23T18:04:04Z" uid="24046365" user="Ainie Mac" changeset="183079088" lat="7.9965612" lon="124.257018"/>
  <node id="13867858862" version="1" timestamp="2026-05-23T18:04:04Z" uid="24046365" user="Ainie Mac" changeset="183079088" lat="7.9965731" lon="124.2570489"/>
  <node id="13867858863" version="1" timestamp="2026-05-23T18:04:04Z" uid="24046365" user="Ainie Mac" changeset="183079088" lat="7.9965572" lon="124.2571053"/>
  <node id="13867858864" version="1" timestamp="2026-05-23T18:04:04Z" uid="24046365" user="Ainie Mac" changeset="183079088" lat="7.9965208" lon="124.2571778"/>
  <node id="13867858865" version="1" timestamp="2026-05-23T18:04:04Z" uid="24046365" user="Ainie Mac" changeset="183079088" lat="7.9965031" lon="124.2572091"/>
  <node id="13867858866" version="2" timestamp="2026-07-15T05:22:39Z" uid="24304747" user="SOMAWD" changeset="185761239" lat="7.9964809" lon="124.2572319"/>
  <node id="13867858867" version="2" timestamp="2026-07-15T05:22:39Z" uid="24304747" user="SOMAWD" changeset="185761239" lat="7.9964637" lon="124.2572032"/>
  <node id="13867858869" version="1" timestamp="2026-05-23T18:04:04Z" uid="24046365" user="Ainie Mac" changeset="183079088" lat="7.9982195" lon="124.2591362"/>
  <node id="13867858870" version="1" timestamp="2026-05-23T18:04:04Z" uid="24046365" user="Ainie Mac" changeset="183079088" lat="7.9981939" lon="124.2592411">
    <tag k="facility:nature" v="building"/>
    <tag k="name" v="ICTC"/>
  </node>
  <node id="13867858871" version="1" timestamp="2026-05-23T18:04:04Z" uid="24046365" user="Ainie Mac" changeset="183079088" lat="7.9988503" lon="124.2592517"/>
  <node id="13867858872" version="1" timestamp="2026-05-23T18:04:04Z" uid="24046365" user="Ainie Mac" changeset="183079088" lat="7.9988244" lon="124.2593253">
    <tag k="name" v="MSU Library"/>
  </node>
  <node id="13867858873" version="1" timestamp="2026-05-23T18:04:04Z" uid="24046365" user="Ainie Mac" changeset="183079088" lat="7.9986169" lon="124.2591978"/>
  <node id="13867858874" version="1" timestamp="2026-05-23T18:04:04Z" uid="24046365" user="Ainie Mac" changeset="183079088" lat="7.9986299" lon="124.2591778"/>
  <node id="13867858875" version="1" timestamp="2026-05-23T18:04:04Z" uid="24046365" user="Ainie Mac" changeset="183079088" lat="7.9986811" lon="124.2591405"/>
  <node id="13867858876" version="1" timestamp="2026-05-23T18:04:04Z" uid="24046365" user="Ainie Mac" changeset="183079088" lat="7.9987435" lon="124.2591219"/>
  <node id="13867858877" version="1" timestamp="2026-05-23T18:04:04Z" uid="24046365" user="Ainie Mac" changeset="183079088" lat="7.9988049" lon="124.2591126"/>
  <node id="13867858878" version="1" timestamp="2026-05-23T18:04:04Z" uid="24046365" user="Ainie Mac" changeset="183079088" lat="7.9988602" lon="124.2591147"/>
  <node id="13867858879" version="1" timestamp="2026-05-23T18:04:04Z" uid="24046365" user="Ainie Mac" changeset="183079088" lat="7.9989124" lon="124.2591261">
    <tag k="facility:nature" v="Building"/>
    <tag k="name" v="Ahmad Domocao Alonto Admin"/>
  </node>
  <node id="13867858880" version="1" timestamp="2026-05-23T18:04:04Z" uid="24046365" user="Ainie Mac" changeset="183079088" lat="7.9989677" lon="124.2591416"/>
  <node id="13867858881" version="1" timestamp="2026-05-23T18:04:04Z" uid="24046365" user="Ainie Mac" changeset="183079088" lat="7.9990229" lon="124.2591674"/>
  <node id="13867858882" version="1" timestamp="2026-05-23T18:04:04Z" uid="24046365" user="Ainie Mac" changeset="183079088" lat="7.9990823" lon="124.2592046"/>
  <node id="13867858883" version="1" timestamp="2026-05-23T18:04:04Z" uid="24046365" user="Ainie Mac" changeset="183079088" lat="7.999114" lon="124.2592501"/>
  <node id="13867858884" version="1" timestamp="2026-05-23T18:04:04Z" uid="24046365" user="Ainie Mac" changeset="183079088" lat="7.9991457" lon="124.2592997"/>
  <node id="13867858885" version="1" timestamp="2026-05-23T18:04:04Z" uid="24046365" user="Ainie Mac" changeset="183079088" lat="7.9991696" lon="124.2593553"/>
  <node id="13867858886" version="1" timestamp="2026-05-23T18:04:04Z" uid="24046365" user="Ainie Mac" changeset="183079088" lat="7.9995928" lon="124.2585073"/>
  <node id="13867858887" version="1" timestamp="2026-05-23T18:04:04Z" uid="24046365" user="Ainie Mac" changeset="183079088" lat="7.9995802" lon="124.2585412">
    <tag k="name" v="MSU Pioneer Cafeteria"/>
  </node>
  <node id="13867858888" version="1" timestamp="2026-05-23T18:04:04Z" uid="24046365" user="Ainie Mac" changeset="183079088" lat="7.9998887" lon="124.2581689"/>
  <node id="13867858889" version="1" timestamp="2026-05-23T18:04:04Z" uid="24046365" user="Ainie Mac" changeset="183079088" lat="7.9990751" lon="124.2579261">
    <tag k="facility:nature" v="building"/>
    <tag k="name" v="International Convention Center"/>
  </node>
  <node id="13867858890" version="1" timestamp="2026-05-23T18:04:04Z" uid="24046365" user="Ainie Mac" changeset="183079088" lat="8.0001276" lon="124.2584389">
    <tag k="facility:nature" v="building"/>
    <tag k="name" v="Rajah inadarapatra Hall"/>
  </node>
  <node id="13867858891" version="1" timestamp="2026-05-23T18:04:04Z" uid="24046365" user="Ainie Mac" changeset="183079088" lat="8.0000115" lon="124.2586426"/>
  <node id="13867858892" version="1" timestamp="2026-05-23T18:04:04Z" uid="24046365" user="Ainie Mac" changeset="183079088" lat="8.0005752" lon="124.2601092"/>
  <node id="13867858893" version="1" timestamp="2026-05-23T18:04:04Z" uid="24046365" user="Ainie Mac" changeset="183079088" lat="8.0005103" lon="124.2603387">
    <tag k="college" v="building"/>
    <tag k="name" v="College of Hospitality and Tourism Management"/>
  </node>
  <node id="13867858896" version="2" timestamp="2026-05-23T18:18:04Z" uid="24046365" user="Ainie Mac" changeset="183079560" lat="8.0008564" lon="124.26019">
    <tag k="facility:nature" v="building"/>
    <tag k="name" v="CHTM Pavilion"/>
  </node>
  <node id="13867858897" version="1" timestamp="2026-05-23T18:04:04Z" uid="24046365" user="Ainie Mac" changeset="183079088" lat="8.0006744" lon="124.2613042"/>
  <node id="13867858898" version="1" timestamp="2026-05-23T18:04:04Z" uid="24046365" user="Ainie Mac" changeset="183079088" lat="8.0006231" lon="124.261415">
    <tag k="college" v="building"/>
    <tag k="name" v="College of Fisheries and Aquatic Sciences"/>
  </node>
  <node id="13867858899" version="1" timestamp="2026-05-23T18:04:04Z" uid="24046365" user="Ainie Mac" changeset="183079088" lat="7.9990583" lon="124.2631632"/>
  <node id="13867858900" version="1" timestamp="2026-05-23T18:04:04Z" uid="24046365" user="Ainie Mac" changeset="183079088" lat="7.9991584" lon="124.2631817"/>
  <node id="13867880301" version="1" timestamp="2026-05-23T18:04:04Z" uid="24046365" user="Ainie Mac" changeset="183079088" lat="7.9992263" lon="124.2632135"/>
  <node id="13867880302" version="1" timestamp="2026-05-23T18:04:04Z" uid="24046365" user="Ainie Mac" changeset="183079088" lat="7.9992827" lon="124.2632001"/>
  <node id="13867880303" version="1" timestamp="2026-05-23T18:04:04Z" uid="24046365" user="Ainie Mac" changeset="183079088" lat="7.9993009" lon="124.263098"/>
  <node id="13867880304" version="1" timestamp="2026-05-23T18:04:04Z" uid="24046365" user="Ainie Mac" changeset="183079088" lat="7.9993623" lon="124.2630913">
    <tag k="college" v="building"/>
    <tag k="name" v="College of Forestry and Environmental Sciences"/>
  </node>
  <node id="13867880305" version="1" timestamp="2026-05-23T18:04:04Z" uid="24046365" user="Ainie Mac" changeset="183079088" lat="7.9988975" lon="124.2652294">
    <tag k="college" v="building"/>
    <tag k="name" v="King Faisal Center for Islamic Arabic and Asian Studies"/>
  </node>
  <node id="13867880306" version="1" timestamp="2026-05-23T18:04:04Z" uid="24046365" user="Ainie Mac" changeset="183079088" lat="7.9989603" lon="124.264885"/>
  <node id="13867880307" version="1" timestamp="2026-05-23T18:04:04Z" uid="24046365" user="Ainie Mac" changeset="183079088" lat="7.9989696" lon="124.2650717"/>
  <node id="13867880308" version="1" timestamp="2026-05-23T18:04:04Z" uid="24046365" user="Ainie Mac" changeset="183079088" lat="7.9989275" lon="124.2650649"/>
  <node id="13867880309" version="1" timestamp="2026-05-23T18:04:04Z" uid="24046365" user="Ainie Mac" changeset="183079088" lat="7.9990864" lon="124.2652647"/>
  <node id="13867880311" version="1" timestamp="2026-05-23T18:04:04Z" uid="24046365" user="Ainie Mac" changeset="183079088" lat="7.9992598" lon="124.2656172"/>
  <node id="13867880312" version="1" timestamp="2026-05-23T18:04:04Z" uid="24046365" user="Ainie Mac" changeset="183079088" lat="7.9990019" lon="124.2655898"/>
  <node id="13867880313" version="1" timestamp="2026-05-23T18:04:04Z" uid="24046365" user="Ainie Mac" changeset="183079088" lat="7.9987262" lon="124.2666937"/>
  <node id="13867880314" version="1" timestamp="2026-05-23T18:04:04Z" uid="24046365" user="Ainie Mac" changeset="183079088" lat="7.9987685" lon="124.2669019"/>
  <node id="13867880315" version="1" timestamp="2026-05-23T18:04:04Z" uid="24046365" user="Ainie Mac" changeset="183079088" lat="7.998804" lon="124.2670947"/>
  <node id="13867880316" version="1" timestamp="2026-05-23T18:04:04Z" uid="24046365" user="Ainie Mac" changeset="183079088" lat="7.998907" lon="124.2672773"/>
  <node id="13867880317" version="1" timestamp="2026-05-23T18:04:04Z" uid="24046365" user="Ainie Mac" changeset="183079088" lat="7.9990355" lon="124.2673815"/>
  <node id="13867880318" version="1" timestamp="2026-05-23T18:04:04Z" uid="24046365" user="Ainie Mac" changeset="183079088" lat="7.9993769" lon="124.2676989"/>
  <node id="13867880319" version="1" timestamp="2026-05-23T18:04:04Z" uid="24046365" user="Ainie Mac" changeset="183079088" lat="7.9995188" lon="124.2677688"/>
  <node id="13867880320" version="1" timestamp="2026-05-23T18:04:04Z" uid="24046365" user="Ainie Mac" changeset="183079088" lat="7.9996337" lon="124.2676921">
    <tag k="college" v="building"/>
    <tag k="name" v="College of Health Sciences"/>
  </node>
  <node id="13867880321" version="1" timestamp="2026-05-23T18:04:04Z" uid="24046365" user="Ainie Mac" changeset="183079088" lat="7.9992882" lon="124.2678013"/>
  <node id="13867880322" version="1" timestamp="2026-05-23T18:04:04Z" uid="24046365" user="Ainie Mac" changeset="183079088" lat="7.9990714" lon="124.2672873">
    <tag k="college" v="building"/>
    <tag k="name" v="College of Medicine"/>
  </node>
  <node id="13867880323" version="1" timestamp="2026-05-23T18:04:04Z" uid="24046365" user="Ainie Mac" changeset="183079088" lat="7.9990398" lon="124.2673854"/>
  <node id="13867880324" version="1" timestamp="2026-05-23T18:04:04Z" uid="24046365" user="Ainie Mac" changeset="183079088" lat="7.9990714" lon="124.2673451"/>
  <node id="13867880325" version="2" timestamp="2026-07-16T04:46:54Z" uid="24304747" user="SOMAWD" changeset="185823026" lat="7.9963302" lon="124.2601142"/>
  <node id="13867880326" version="2" timestamp="2026-07-16T04:46:54Z" uid="24304747" user="SOMAWD" changeset="185823026" lat="7.9962354" lon="124.2604308"/>
  <node id="13867880327" version="2" timestamp="2026-07-16T04:46:54Z" uid="24304747" user="SOMAWD" changeset="185823026" lat="7.9966716" lon="124.2608526"/>
  <node id="13867880328" version="1" timestamp="2026-05-23T18:04:04Z" uid="24046365" user="Ainie Mac" changeset="183079088" lat="7.996463" lon="124.2607393"/>
  <node id="13867880329" version="1" timestamp="2026-05-23T18:04:04Z" uid="24046365" user="Ainie Mac" changeset="183079088" lat="7.9961536" lon="124.2606026"/>
  <node id="13867880330" version="2" timestamp="2026-07-16T04:46:54Z" uid="24304747" user="SOMAWD" changeset="185823026" lat="7.9958348" lon="124.2604713"/>
  <node id="13867880332" version="1" timestamp="2026-05-23T18:04:04Z" uid="24046365" user="Ainie Mac" changeset="183079088" lat="7.9973731" lon="124.2595583">
    <tag k="ground" v="annex"/>
    <tag k="name" v="CNSM ANNEX"/>
  </node>
  <node id="13867880358" version="2" timestamp="2026-07-16T04:46:54Z" uid="24304747" user="SOMAWD" changeset="185823026" lat="7.9966693" lon="124.2600777">
    <tag k="ground" v="annex"/>
    <tag k="name" v="CSSH ANNEX"/>
  </node>
  <node id="13867880368" version="1" timestamp="2026-05-23T18:04:04Z" uid="24046365" user="Ainie Mac" changeset="183079088" lat="7.9930485" lon="124.2595573"/>
  <node id="13867880369" version="1" timestamp="2026-05-23T18:04:04Z" uid="24046365" user="Ainie Mac" changeset="183079088" lat="7.9931359" lon="124.2597379"/>
  <node id="13867880370" version="1" timestamp="2026-05-23T18:04:04Z" uid="24046365" user="Ainie Mac" changeset="183079088" lat="7.9931482" lon="124.2598317"/>
  <node id="13867880371" version="1" timestamp="2026-05-23T18:04:04Z" uid="24046365" user="Ainie Mac" changeset="183079088" lat="7.9932056" lon="124.2599503"/>
  <node id="13867880372" version="1" timestamp="2026-05-23T18:04:04Z" uid="24046365" user="Ainie Mac" changeset="183079088" lat="7.9931141" lon="124.2603005"/>
  <node id="13867880373" version="1" timestamp="2026-05-23T18:04:04Z" uid="24046365" user="Ainie Mac" changeset="183079088" lat="7.9932902" lon="124.2603515"/>
  <node id="13867880374" version="1" timestamp="2026-05-23T18:04:04Z" uid="24046365" user="Ainie Mac" changeset="183079088" lat="7.9931483" lon="124.260894"/>
  <node id="13867880375" version="1" timestamp="2026-05-23T18:04:04Z" uid="24046365" user="Ainie Mac" changeset="183079088" lat="7.9944569" lon="124.2581285"/>
  <node id="13867880376" version="1" timestamp="2026-05-23T18:04:04Z" uid="24046365" user="Ainie Mac" changeset="183079088" lat="7.9943669" lon="124.2582371"/>
  <node id="13867880377" version="1" timestamp="2026-05-23T18:04:04Z" uid="24046365" user="Ainie Mac" changeset="183079088" lat="7.9930937" lon="124.2610448">
    <tag k="facility:nature" v="building"/>
    <tag k="name" v="Meranaw Cultural Heritage Center"/>
  </node>
  <node id="13867880378" version="1" timestamp="2026-05-23T18:04:04Z" uid="24046365" user="Ainie Mac" changeset="183079088" lat="7.9935333" lon="124.2604246">
    <tag k="college" v="building"/>
    <tag k="name" v="College of Engineering"/>
  </node>
  <node id="13867880379" version="1" timestamp="2026-05-23T18:04:04Z" uid="24046365" user="Ainie Mac" changeset="183079088" lat="8.0006839" lon="124.2578659">
    <tag k="facility:nature" v="building"/>
    <tag k="name" v="MSU Infirmary"/>
  </node>
  <node id="13867880380" version="1" timestamp="2026-05-23T18:04:04Z" uid="24046365" user="Ainie Mac" changeset="183079088" lat="8.0006027" lon="124.257941"/>
  <node id="13867880381" version="2" timestamp="2026-07-17T07:36:12Z" uid="24304747" user="SOMAWD" changeset="185889271" lat="7.9978943" lon="124.2578496">
    <tag k="facility:nature" v="building"/>
    <tag k="name" v="Princess Lawanen Hall"/>
  </node>
  <node id="13867880382" version="1" timestamp="2026-05-23T18:04:04Z" uid="24046365" user="Ainie Mac" changeset="183079088" lat="7.9978909" lon="124.2580495"/>
  <node id="13867880383" version="1" timestamp="2026-05-23T18:04:04Z" uid="24046365" user="Ainie Mac" changeset="183079088" lat="7.9945615" lon="124.2612946"/>
  <node id="13867880384" version="1" timestamp="2026-05-23T18:04:04Z" uid="24046365" user="Ainie Mac" changeset="183079088" lat="7.9948118" lon="124.261361"/>
  <node id="13867880385" version="1" timestamp="2026-05-23T18:04:04Z" uid="24046365" user="Ainie Mac" changeset="183079088" lat="7.9947941" lon="124.2613561"/>
  <node id="13867880386" version="1" timestamp="2026-05-23T18:04:04Z" uid="24046365" user="Ainie Mac" changeset="183079088" lat="7.9948257" lon="124.2612881"/>
  <node id="13867880387" version="1" timestamp="2026-05-23T18:04:04Z" uid="24046365" user="Ainie Mac" changeset="183079088" lat="7.9948635" lon="124.2611902"/>
  <node id="13867880388" version="1" timestamp="2026-05-23T18:04:04Z" uid="24046365" user="Ainie Mac" changeset="183079088" lat="7.9948772" lon="124.2611336"/>
  <node id="13867880389" version="1" timestamp="2026-05-23T18:04:04Z" uid="24046365" user="Ainie Mac" changeset="183079088" lat="7.9948681" lon="124.2610999"/>
  <node id="13867880390" version="1" timestamp="2026-05-23T18:04:04Z" uid="24046365" user="Ainie Mac" changeset="183079088" lat="7.9947681" lon="124.2610632"/>
  <node id="13867880391" version="1" timestamp="2026-05-23T18:04:04Z" uid="24046365" user="Ainie Mac" changeset="183079088" lat="7.9946771" lon="124.2610402"/>
  <node id="13867880392" version="1" timestamp="2026-05-23T18:04:04Z" uid="24046365" user="Ainie Mac" changeset="183079088" lat="7.9946393" lon="124.2610555"/>
  <node id="13867880393" version="1" timestamp="2026-05-23T18:04:04Z" uid="24046365" user="Ainie Mac" changeset="183079088" lat="7.9946135" lon="124.2610923"/>
  <node id="13867880394" version="1" timestamp="2026-05-23T18:04:04Z" uid="24046365" user="Ainie Mac" changeset="183079088" lat="7.9945391" lon="124.2612889"/>
  <node id="13867880395" version="1" timestamp="2026-05-23T18:04:04Z" uid="24046365" user="Ainie Mac" changeset="183079088" lat="7.9948238" lon="124.2604611"/>
  <node id="13867880396" version="1" timestamp="2026-05-23T18:04:04Z" uid="24046365" user="Ainie Mac" changeset="183079088" lat="7.9947196" lon="124.2607418"/>
  <node id="13897975803" version="1" timestamp="2026-05-31T02:07:15Z" uid="24046365" user="Ainie Mac" changeset="183423889" lat="7.998137" lon="124.258836"/>
  <node id="13897975804" version="1" timestamp="2026-05-31T02:07:15Z" uid="24046365" user="Ainie Mac" changeset="183423889" lat="7.9980814" lon="124.2591159"/>
  <node id="13944412743" version="1" timestamp="2026-06-16T04:46:18Z" uid="22435321" user="SaladoRiver" changeset="184163394" lat="8.004311" lon="124.2712109"/>
  <node id="13944412744" version="1" timestamp="2026-06-16T04:46:18Z" uid="22435321" user="SaladoRiver" changeset="184163394" lat="8.0045872" lon="124.271801"/>
  <node id="13944412745" version="1" timestamp="2026-06-16T04:46:18Z" uid="22435321" user="SaladoRiver" changeset="184163394" lat="8.0046775" lon="124.272045"/>
  <node id="13944412746" version="1" timestamp="2026-06-16T04:46:18Z" uid="22435321" user="SaladoRiver" changeset="184163394" lat="8.0049272" lon="124.2728148"/>
  <node id="14019152066" version="1" timestamp="2026-07-16T04:46:54Z" uid="24304747" user="SOMAWD" changeset="185823026" lat="7.9964441" lon="124.2601919"/>
  <node id="14019152067" version="1" timestamp="2026-07-16T04:46:54Z" uid="24304747" user="SOMAWD" changeset="185823026" lat="7.9990838" lon="124.2572679"/>
  <node id="14019152068" version="1" timestamp="2026-07-16T04:46:54Z" uid="24304747" user="SOMAWD" changeset="185823026" lat="7.9990664" lon="124.257378"/>
  <node id="14021753939" version="1" timestamp="2026-07-17T07:36:12Z" uid="24304747" user="SOMAWD" changeset="185889271" lat="8.0010743" lon="124.2637082"/>
  <node id="14021754776" version="1" timestamp="2026-07-17T07:36:12Z" uid="24304747" user="SOMAWD" changeset="185889271" lat="7.9980377" lon="124.2520193"/>
  <way id="99988887" version="11" timestamp="2022-05-24T07:40:28Z" uid="5653955" user="Timmy_Tesseract" changeset="121406855">
    <nd ref="7980666466"/>
    <nd ref="9766285642"/>
    <nd ref="9766285641"/>
    <nd ref="9766285640"/>
    <nd ref="7980666467"/>
    <nd ref="9766285643"/>
    <nd ref="9766285644"/>
    <nd ref="7980666452"/>
    <nd ref="7980666453"/>
    <nd ref="7980666468"/>
    <nd ref="7980666454"/>
    <nd ref="9766285645"/>
    <nd ref="7980666469"/>
    <nd ref="7980666455"/>
    <nd ref="7980666456"/>
    <nd ref="7980666457"/>
    <nd ref="7980666470"/>
    <nd ref="7980666471"/>
    <nd ref="9766285639"/>
    <nd ref="9766285638"/>
    <nd ref="1180898548"/>
    <nd ref="7980666477"/>
    <nd ref="7980848515"/>
    <nd ref="7980666478"/>
    <nd ref="7980666480"/>
    <nd ref="7980666479"/>
    <nd ref="1180904519"/>
    <nd ref="4933305441"/>
    <nd ref="7980666481"/>
    <nd ref="1180928987"/>
    <nd ref="7981104291"/>
    <nd ref="7980666451"/>
    <nd ref="7980898582"/>
    <nd ref="9766285637"/>
    <nd ref="1171601909"/>
    <nd ref="7980666483"/>
    <nd ref="9766285636"/>
    <nd ref="1156114976"/>
    <nd ref="7980666482"/>
    <nd ref="9766285692"/>
    <nd ref="9766285635"/>
    <nd ref="9766285691"/>
    <nd ref="9766285693"/>
    <nd ref="1181130788"/>
    <nd ref="1180924483"/>
    <nd ref="1156114977"/>
    <tag k="highway" v="unclassified"/>
    <tag k="lanes" v="2"/>
    <tag k="name" v="PHQ Road"/>
    <tag k="surface" v="concrete"/>
  </way>
  <way id="101465130" version="5" timestamp="2025-11-16T07:12:56Z" uid="5653955" user="Timmy_Tesseract" changeset="174714479">
    <nd ref="1171601908"/>
    <nd ref="1171601914"/>
    <nd ref="1171601915"/>
    <tag k="highway" v="residential"/>
  </way>
  <way id="102308663" version="4" timestamp="2022-05-24T07:25:04Z" uid="5653955" user="Timmy_Tesseract" changeset="121405934">
    <nd ref="1180898735"/>
    <nd ref="1180902635"/>
    <nd ref="9766266166"/>
    <nd ref="1180897454"/>
    <nd ref="1180900093"/>
    <tag k="highway" v="service"/>
    <tag k="lanes" v="2"/>
    <tag k="name" v="Marawi Resort Drive"/>
    <tag k="surface" v="concrete"/>
  </way>
  <way id="102308666" version="5" timestamp="2022-04-06T12:43:34Z" uid="5653955" user="Timmy_Tesseract" changeset="119385893">
    <nd ref="1176856267"/>
    <nd ref="1176856271"/>
    <nd ref="4933563253"/>
    <nd ref="7984595627"/>
    <nd ref="7984595626"/>
    <nd ref="1180904767"/>
    <tag k="highway" v="residential"/>
  </way>
  <way id="102308677" version="15" timestamp="2026-05-20T19:59:19Z" uid="24046365" user="Ainie Mac" changeset="182946126">
    <nd ref="1176856102"/>
    <nd ref="9766266153"/>
    <nd ref="1176856134"/>
    <nd ref="9766266020"/>
    <nd ref="9766266123"/>
    <nd ref="1246859863"/>
    <nd ref="9653170723"/>
    <nd ref="1564992466"/>
    <tag k="crossing:markings" v="lines"/>
    <tag k="highway" v="living_street"/>
    <tag k="lanes" v="2"/>
    <tag k="maxspeed" v="40"/>
    <tag k="road_marking" v="solid_stop_line"/>
    <tag k="sidewalk:both" v="yes"/>
    <tag k="surface" v="concrete"/>
  </way>
  <way id="102308678" version="17" timestamp="2026-08-13T15:48:13Z" uid="23866543" user="KametMountain" changeset="187399047">
    <nd ref="9766266181"/>
    <nd ref="13867858899"/>
    <nd ref="1180898735"/>
    <nd ref="6501184734"/>
    <nd ref="9766266124"/>
    <nd ref="6501184735"/>
    <nd ref="9766266125"/>
    <nd ref="1180896853"/>
    <nd ref="1180903832"/>
    <nd ref="9766266126"/>
    <nd ref="6501184733"/>
    <nd ref="1180910622"/>
    <nd ref="8090598477"/>
    <nd ref="7882523491"/>
    <nd ref="1180896097"/>
    <tag k="designation" v="national_tertiary_road"/>
    <tag k="highway" v="unclassified"/>
    <tag k="lanes" v="2"/>
    <tag k="maxspeed" v="40"/>
    <tag k="name" v="Ahmad Domocao A. Alonto Sr. Avenue"/>
    <tag k="nat_name" v="Marawi-MSU Road"/>
    <tag k="surface" v="concrete"/>
    <tag k="tree_lined" v="both"/>
  </way>
  <way id="102308681" version="17" timestamp="2024-10-22T11:32:00Z" uid="6591426" user="uᴉʍOꓨ" changeset="158207347">
    <nd ref="5753169038"/>
    <nd ref="7984651812"/>
    <nd ref="7984561264"/>
    <nd ref="7984561263"/>
    <nd ref="7984561262"/>
    <nd ref="1181129141"/>
    <nd ref="1183460487"/>
    <nd ref="7984651861"/>
    <nd ref="7984651862"/>
    <nd ref="7984651863"/>
    <nd ref="7984651864"/>
    <nd ref="1176856301"/>
    <nd ref="2385159010"/>
    <tag k="highway" v="tertiary"/>
    <tag k="lanes" v="2"/>
    <tag k="name" v="Mamintal A. J.Tamano Street"/>
    <tag k="name:etymology" v="Mamintal A.J. Tamano"/>
    <tag k="name:etymology:wikidata" v="Q6745685"/>
    <tag k="old_name" v="Cabingan Road"/>
    <tag k="surface" v="concrete"/>
  </way>
  <way id="102308698" version="6" timestamp="2025-07-03T07:44:25Z" uid="23055017" user="angeloiligan" changeset="168431484">
    <nd ref="1183455851"/>
    <nd ref="1180920644"/>
    <nd ref="1487110882"/>
    <nd ref="7984595618"/>
    <nd ref="1180929327"/>
    <nd ref="7984595619"/>
    <nd ref="7984595620"/>
    <nd ref="7984595621"/>
    <nd ref="7984595622"/>
    <nd ref="1180909022"/>
    <nd ref="1180915013"/>
    <nd ref="7984595623"/>
    <nd ref="7984595624"/>
    <nd ref="7984595625"/>
    <nd ref="4933563254"/>
    <nd ref="1180904767"/>
    <tag k="crossing" v="pedestrian_signals"/>
    <tag k="highway" v="residential"/>
  </way>
  <way id="102308713" version="4" timestamp="2022-04-06T12:43:34Z" uid="5653955" user="Timmy_Tesseract" changeset="119385893">
    <nd ref="7984651851"/>
    <nd ref="7984651852"/>
    <nd ref="7984651849"/>
    <nd ref="7984651853"/>
    <nd ref="7984651854"/>
    <nd ref="7984651855"/>
    <nd ref="7984651856"/>
    <nd ref="1176856290"/>
    <nd ref="1176856288"/>
    <nd ref="1176856286"/>
    <nd ref="1176856283"/>
    <nd ref="1176856282"/>
    <nd ref="1176856281"/>
    <nd ref="7984651857"/>
    <nd ref="7984651858"/>
    <nd ref="7984651859"/>
    <nd ref="1176856279"/>
    <nd ref="1176856276"/>
    <nd ref="1176856273"/>
    <nd ref="1180904767"/>
    <tag k="highway" v="residential"/>
    <tag k="name" v="6th Street"/>
  </way>
  <way id="102308740" version="10" timestamp="2022-05-24T07:40:28Z" uid="5653955" user="Timmy_Tesseract" changeset="121406855">
    <nd ref="8090505327"/>
    <nd ref="9653212352"/>
    <nd ref="9766285673"/>
    <nd ref="9766285672"/>
    <nd ref="9653212351"/>
    <nd ref="9766285671"/>
    <nd ref="9766285670"/>
    <nd ref="9653212350"/>
    <nd ref="9766285669"/>
    <nd ref="9766285668"/>
    <nd ref="9766285667"/>
    <nd ref="9653212349"/>
    <nd ref="9766285666"/>
    <nd ref="9653212348"/>
    <nd ref="9653212347"/>
    <nd ref="9766285665"/>
    <nd ref="9653212346"/>
    <nd ref="9766285664"/>
    <nd ref="9653212345"/>
    <nd ref="9766285663"/>
    <nd ref="9766285662"/>
    <nd ref="9653212344"/>
    <nd ref="9766285661"/>
    <nd ref="9766285660"/>
    <nd ref="9653212343"/>
    <nd ref="9766285659"/>
    <nd ref="9653212342"/>
    <nd ref="9766285685"/>
    <nd ref="9766285684"/>
    <nd ref="9653212341"/>
    <nd ref="9766285683"/>
    <nd ref="9766285682"/>
    <nd ref="9653212340"/>
    <nd ref="9766285686"/>
    <nd ref="9653212339"/>
    <nd ref="9766285681"/>
    <nd ref="9766285674"/>
    <nd ref="9653212338"/>
    <nd ref="7980666466"/>
    <tag k="highway" v="unclassified"/>
    <tag k="lanes" v="2"/>
    <tag k="name" v="PHQ Road"/>
    <tag k="surface" v="concrete"/>
  </way>
  <way id="102308893" version="3" timestamp="2017-10-29T13:42:49Z" uid="349964" user="jmbangate" changeset="53342341">
    <nd ref="1180917750"/>
    <nd ref="5198210755"/>
    <nd ref="5198210756"/>
    <nd ref="1180896278"/>
    <tag k="highway" v="footway"/>
  </way>
  <way id="102308975" version="5" timestamp="2025-11-16T07:12:56Z" uid="5653955" user="Timmy_Tesseract" changeset="174714479">
    <nd ref="1180924483"/>
    <nd ref="1180917750"/>
    <nd ref="1180896461"/>
    <tag k="highway" v="residential"/>
  </way>
  <way id="102309015" version="12" timestamp="2026-05-31T02:07:15Z" uid="24046365" user="Ainie Mac" changeset="183423889">
    <nd ref="1176856102"/>
    <nd ref="12972970283"/>
    <nd ref="13897975804"/>
    <nd ref="1176856092"/>
    <nd ref="13854227845"/>
    <nd ref="13867858869"/>
    <nd ref="13854227831"/>
    <nd ref="7984390236"/>
    <nd ref="13867858873"/>
    <nd ref="13867858871"/>
    <nd ref="7984390235"/>
    <nd ref="13867858885"/>
    <nd ref="13854227829"/>
    <nd ref="1180896934"/>
    <nd ref="1180896097"/>
    <tag k="cycleway:crossing:markings" v="lines"/>
    <tag k="designation" v="national_tertiary_road"/>
    <tag k="highway" v="living_street"/>
    <tag k="lanes" v="1"/>
    <tag k="maxspeed" v="40"/>
    <tag k="name" v="1st Street"/>
    <tag k="nat_name" v="Marawi-MSU Road"/>
    <tag k="oneway" v="yes"/>
    <tag k="sidewalk:both" v="yes"/>
    <tag k="surface" v="concrete"/>
  </way>
  <way id="102309160" version="16" timestamp="2026-05-20T19:59:19Z" uid="24046365" user="Ainie Mac" changeset="182946126">
    <nd ref="1180919114"/>
    <nd ref="1180918162"/>
    <nd ref="7984561217"/>
    <nd ref="1180899729"/>
    <nd ref="7984561224"/>
    <nd ref="7984561218"/>
    <nd ref="7984561219"/>
    <nd ref="1180905008"/>
    <nd ref="1487110884"/>
    <nd ref="7984561220"/>
    <nd ref="1564992466"/>
    <tag k="crossing" v="traffic_signals"/>
    <tag k="highway" v="living_street"/>
    <tag k="lanes" v="2"/>
    <tag k="name" v="4th Street"/>
    <tag k="sidewalk:both" v="yes"/>
    <tag k="surface" v="concrete"/>
  </way>
  <way id="102309182" version="5" timestamp="2022-05-24T07:25:04Z" uid="5653955" user="Timmy_Tesseract" changeset="121405934">
    <nd ref="1180912159"/>
    <nd ref="1180921050"/>
    <nd ref="1180918818"/>
    <nd ref="1180895788"/>
    <nd ref="1180897378"/>
    <nd ref="7984312389"/>
    <nd ref="7984312388"/>
    <nd ref="1180915363"/>
    <nd ref="1180895852"/>
    <nd ref="9653170729"/>
    <nd ref="1180921587"/>
    <nd ref="1180900093"/>
    <tag k="highway" v="service"/>
    <tag k="lanes" v="2"/>
    <tag k="name" v="Marawi Resort Drive"/>
    <tag k="surface" v="concrete"/>
  </way>
  <way id="102309230" version="5" timestamp="2025-07-03T07:44:25Z" uid="23055017" user="angeloiligan" changeset="168431484">
    <nd ref="1176856301"/>
    <nd ref="7984651847"/>
    <nd ref="4933614993"/>
    <nd ref="1176856298"/>
    <nd ref="1176856295"/>
    <nd ref="1180896619"/>
    <nd ref="1180898644"/>
    <nd ref="1180920644"/>
    <tag k="crossing" v="traffic_signals"/>
    <tag k="highway" v="residential"/>
    <tag k="name" v="7th Street"/>
  </way>
  <way id="102309240" version="10" timestamp="2025-11-16T07:12:56Z" uid="5653955" user="Timmy_Tesseract" changeset="174714479">
    <nd ref="1183460126"/>
    <nd ref="9645624935"/>
    <nd ref="9645624936"/>
    <nd ref="9645624937"/>
    <nd ref="4933683783"/>
    <nd ref="9645624938"/>
    <nd ref="7984720545"/>
    <nd ref="7984720546"/>
    <nd ref="1183460311"/>
    <tag k="highway" v="residential"/>
  </way>
  <way id="102309248" version="8" timestamp="2022-05-24T07:25:04Z" uid="5653955" user="Timmy_Tesseract" changeset="121405934">
    <nd ref="6894852305"/>
    <nd ref="1183459686"/>
    <nd ref="7984651842"/>
    <nd ref="7984651841"/>
    <nd ref="7984651840"/>
    <nd ref="7984651839"/>
    <nd ref="7984651838"/>
    <nd ref="7984651837"/>
    <nd ref="7984651836"/>
    <nd ref="7984651835"/>
    <nd ref="9645625019"/>
    <nd ref="9645625020"/>
    <nd ref="1183455851"/>
    <tag k="highway" v="residential"/>
  </way>
  <way id="102476950" version="5" timestamp="2026-05-22T19:41:40Z" uid="24046365" user="Ainie Mac" changeset="183039183">
    <nd ref="1183460006"/>
    <nd ref="1487110837"/>
    <nd ref="7984773319"/>
    <nd ref="4933614923"/>
    <nd ref="8574010766"/>
    <nd ref="13861364854"/>
    <nd ref="1183459833"/>
    <tag k="highway" v="unclassified"/>
    <tag k="name" v="Fa&apos;il Khair Street"/>
  </way>
  <way id="102476953" version="5" timestamp="2025-11-16T07:12:56Z" uid="5653955" user="Timmy_Tesseract" changeset="174714479">
    <nd ref="1181127943"/>
    <nd ref="7984416363"/>
    <nd ref="7984416364"/>
    <nd ref="7984416362"/>
    <nd ref="1183459952"/>
    <tag k="highway" v="residential"/>
  </way>
  <way id="102476957" version="4" timestamp="2025-11-16T07:12:56Z" uid="5653955" user="Timmy_Tesseract" changeset="174714479">
    <nd ref="1183460352"/>
    <nd ref="7977101722"/>
    <nd ref="1183459783"/>
    <nd ref="7977101721"/>
    <nd ref="7977101720"/>
    <nd ref="7977101719"/>
    <nd ref="7977101718"/>
    <nd ref="7977101717"/>
    <nd ref="7977101716"/>
    <tag k="highway" v="residential"/>
  </way>
  <way id="102476958" version="6" timestamp="2025-11-16T07:12:56Z" uid="5653955" user="Timmy_Tesseract" changeset="174714479">
    <nd ref="1183460231"/>
    <nd ref="7984595641"/>
    <nd ref="7984595640"/>
    <nd ref="7984595642"/>
    <nd ref="1181134768"/>
    <nd ref="7984595645"/>
    <nd ref="7984595644"/>
    <nd ref="7984226461"/>
    <nd ref="1183455595"/>
    <nd ref="1183459754"/>
    <tag k="highway" v="residential"/>
  </way>
  <way id="102476967" version="6" timestamp="2025-11-16T07:12:56Z" uid="5653955" user="Timmy_Tesseract" changeset="174714479">
    <nd ref="1183460064"/>
    <nd ref="1183459926"/>
    <nd ref="7984561240"/>
    <nd ref="7984561241"/>
    <nd ref="7984561242"/>
    <nd ref="7984561243"/>
    <nd ref="7984561244"/>
    <nd ref="1181122398"/>
    <nd ref="4933683784"/>
    <nd ref="1183460007"/>
    <tag k="highway" v="residential"/>
  </way>
  <way id="102476969" version="15" timestamp="2026-05-23T18:04:04Z" uid="24046365" user="Ainie Mac" changeset="183079088">
    <nd ref="1183460357"/>
    <nd ref="1215650457"/>
    <nd ref="4894892086"/>
    <nd ref="1181130994"/>
    <nd ref="5509774813"/>
    <nd ref="1487095080"/>
    <nd ref="13867880376"/>
    <nd ref="1183459709"/>
    <nd ref="7984362780"/>
    <nd ref="1183459972"/>
    <nd ref="13867858857"/>
    <nd ref="1487095121"/>
    <nd ref="1183459803"/>
    <tag k="highway" v="living_street"/>
  </way>
  <way id="102476977" version="4" timestamp="2025-11-16T07:12:56Z" uid="5653955" user="Timmy_Tesseract" changeset="174714479">
    <nd ref="1181134768"/>
    <nd ref="1183459569"/>
    <tag k="highway" v="residential"/>
  </way>
  <way id="102476981" version="5" timestamp="2026-07-17T07:36:12Z" uid="24304747" user="SOMAWD" changeset="185889271">
    <nd ref="4933569078"/>
    <nd ref="1183460026"/>
    <nd ref="7984773361"/>
    <nd ref="7984773360"/>
    <nd ref="7984773359"/>
    <nd ref="7984773358"/>
    <nd ref="7984773357"/>
    <nd ref="7984773356"/>
    <nd ref="7984773355"/>
    <nd ref="7984773354"/>
    <nd ref="7984773353"/>
    <nd ref="7984773352"/>
    <nd ref="7984773351"/>
    <nd ref="7984773350"/>
    <nd ref="7984773349"/>
    <nd ref="14021754776"/>
    <nd ref="7984773347"/>
    <tag k="highway" v="residential"/>
  </way>
  <way id="102476983" version="7" timestamp="2025-11-16T07:12:56Z" uid="5653955" user="Timmy_Tesseract" changeset="174714479">
    <nd ref="7984436425"/>
    <nd ref="7984436449"/>
    <nd ref="1183460315"/>
    <nd ref="7984436448"/>
    <nd ref="1183460464"/>
    <nd ref="1183460296"/>
    <nd ref="7984436447"/>
    <nd ref="7984436446"/>
    <nd ref="7984436445"/>
    <nd ref="7984436444"/>
    <nd ref="7984436443"/>
    <nd ref="7984436442"/>
    <nd ref="2385159002"/>
    <nd ref="1181131646"/>
    <nd ref="1183459542"/>
    <nd ref="1183459821"/>
    <tag k="highway" v="residential"/>
  </way>
  <way id="102476984" version="7" timestamp="2025-11-16T07:12:56Z" uid="5653955" user="Timmy_Tesseract" changeset="174714479">
    <nd ref="1183460126"/>
    <nd ref="1183460007"/>
    <nd ref="1181126559"/>
    <nd ref="1183455526"/>
    <nd ref="7984226466"/>
    <nd ref="1183460462"/>
    <nd ref="1183459821"/>
    <nd ref="1183459655"/>
    <nd ref="7984226460"/>
    <nd ref="7984226459"/>
    <nd ref="7984226458"/>
    <nd ref="7984226457"/>
    <nd ref="7984226453"/>
    <nd ref="7984226456"/>
    <nd ref="7984226455"/>
    <nd ref="1183455499"/>
    <nd ref="7984226454"/>
    <nd ref="1183459981"/>
    <nd ref="7984436441"/>
    <nd ref="7984226450"/>
    <nd ref="1183459820"/>
    <nd ref="7984226449"/>
    <nd ref="7984226448"/>
    <nd ref="7984226447"/>
    <nd ref="7984226446"/>
    <nd ref="7984226445"/>
    <nd ref="7984226444"/>
    <nd ref="7984226443"/>
    <nd ref="7984226442"/>
    <tag k="highway" v="residential"/>
  </way>
  <way id="102476987" version="7" timestamp="2025-11-16T07:12:56Z" uid="5653955" user="Timmy_Tesseract" changeset="174714479">
    <nd ref="1180896776"/>
    <nd ref="9645625030"/>
    <nd ref="1487110911"/>
    <nd ref="1183459963"/>
    <tag k="highway" v="residential"/>
  </way>
  <way id="102476995" version="11" timestamp="2026-05-23T18:04:04Z" uid="24046365" user="Ainie Mac" changeset="183079088">
    <nd ref="1183459852"/>
    <nd ref="9766266164"/>
    <nd ref="1181128302"/>
    <nd ref="13867858891"/>
    <nd ref="1183459950"/>
    <nd ref="13854227866"/>
    <nd ref="9766266163"/>
    <nd ref="9766266130"/>
    <nd ref="1183460259"/>
    <nd ref="9766266140"/>
    <nd ref="9766266162"/>
    <nd ref="1183460234"/>
    <nd ref="4933628099"/>
    <nd ref="13867880382"/>
    <nd ref="1176856134"/>
    <tag k="crossing:markings" v="yes"/>
    <tag k="highway" v="service"/>
    <tag k="horse" v="no"/>
    <tag k="name" v="2nd Street"/>
    <tag k="old_name" v="2nd Street"/>
    <tag k="oneway" v="yes"/>
    <tag k="surface" v="concrete"/>
  </way>
  <way id="102476999" version="9" timestamp="2022-05-24T07:25:04Z" uid="5653955" user="Timmy_Tesseract" changeset="121405934">
    <nd ref="1183459934"/>
    <nd ref="1183460158"/>
    <nd ref="7984390243"/>
    <nd ref="7984390244"/>
    <nd ref="7984390245"/>
    <nd ref="1183460024"/>
    <nd ref="1183460492"/>
    <nd ref="1183460329"/>
    <nd ref="1181126255"/>
    <nd ref="1183460418"/>
    <nd ref="9766266178"/>
    <nd ref="1183459851"/>
    <nd ref="9766266177"/>
    <nd ref="9766266179"/>
    <nd ref="9766266180"/>
    <nd ref="9766266196"/>
    <nd ref="9766266187"/>
    <tag k="highway" v="residential"/>
  </way>
  <way id="102477000" version="6" timestamp="2025-11-16T07:12:56Z" uid="5653955" user="Timmy_Tesseract" changeset="174714479">
    <nd ref="1183460464"/>
    <nd ref="1183459658"/>
    <nd ref="7984561237"/>
    <nd ref="7984561236"/>
    <nd ref="7984561235"/>
    <nd ref="7984561234"/>
    <nd ref="7984561233"/>
    <nd ref="7984561232"/>
    <nd ref="1183460129"/>
    <nd ref="7984561245"/>
    <nd ref="7984561246"/>
    <nd ref="7984561247"/>
    <nd ref="1183459984"/>
    <nd ref="1183459910"/>
    <nd ref="1181123230"/>
    <nd ref="1183460462"/>
    <tag k="highway" v="residential"/>
  </way>
  <way id="102477002" version="9" timestamp="2022-05-24T07:25:04Z" uid="5653955" user="Timmy_Tesseract" changeset="121405934">
    <nd ref="1183460380"/>
    <nd ref="9766266021"/>
    <nd ref="7984561275"/>
    <nd ref="1183460105"/>
    <nd ref="1183460372"/>
    <nd ref="1183459599"/>
    <nd ref="1181127943"/>
    <nd ref="7984389481"/>
    <nd ref="7984416380"/>
    <nd ref="1183459907"/>
    <nd ref="7984416376"/>
    <nd ref="7984416375"/>
    <nd ref="7984416374"/>
    <nd ref="7984416368"/>
    <nd ref="7984416369"/>
    <nd ref="7984416373"/>
    <nd ref="7984416372"/>
    <nd ref="7984416367"/>
    <nd ref="7984416366"/>
    <nd ref="7984416371"/>
    <nd ref="7984416370"/>
    <tag k="highway" v="residential"/>
  </way>
  <way id="102477005" version="12" timestamp="2022-04-09T06:12:54Z" uid="1041828" user="GOwin" changeset="119491964">
    <nd ref="1183459870"/>
    <nd ref="9645625025"/>
    <nd ref="9645625026"/>
    <nd ref="9645625027"/>
    <nd ref="1487110907"/>
    <nd ref="4933614983"/>
    <nd ref="1183459697"/>
    <nd ref="1215650458"/>
    <nd ref="1181129881"/>
    <nd ref="8090506919"/>
    <nd ref="1183460268"/>
    <nd ref="6894757767"/>
    <nd ref="1183460098"/>
    <nd ref="8090505348"/>
    <nd ref="8090505359"/>
    <nd ref="8090505361"/>
    <nd ref="8090505344"/>
    <nd ref="6501184745"/>
    <nd ref="6501184744"/>
    <nd ref="8090444895"/>
    <nd ref="8090444894"/>
    <nd ref="6501184743"/>
    <nd ref="6501184742"/>
    <nd ref="6501184741"/>
    <nd ref="6501184740"/>
    <nd ref="6501184739"/>
    <nd ref="6501184738"/>
    <nd ref="6501184737"/>
    <tag k="highway" v="residential"/>
  </way>
  <way id="102477012" version="8" timestamp="2025-11-16T07:12:56Z" uid="5653955" user="Timmy_Tesseract" changeset="174714479">
    <nd ref="1183459655"/>
    <nd ref="7984561248"/>
    <nd ref="7984561249"/>
    <nd ref="7984561250"/>
    <nd ref="5196155763"/>
    <nd ref="1183459754"/>
    <nd ref="7984416355"/>
    <nd ref="7984416352"/>
    <nd ref="7984416356"/>
    <nd ref="1181134318"/>
    <nd ref="7984416357"/>
    <nd ref="7984416358"/>
    <nd ref="7984416359"/>
    <nd ref="4933674146"/>
    <nd ref="7984416360"/>
    <nd ref="1183460105"/>
    <tag k="highway" v="residential"/>
  </way>
  <way id="102477016" version="7" timestamp="2025-07-03T07:44:25Z" uid="23055017" user="angeloiligan" changeset="168431484">
    <nd ref="7984595628"/>
    <nd ref="7984595629"/>
    <nd ref="7984595630"/>
    <nd ref="7984595631"/>
    <nd ref="7984595633"/>
    <nd ref="7984595634"/>
    <nd ref="7984595635"/>
    <nd ref="7984595636"/>
    <nd ref="7984595637"/>
    <nd ref="7984595638"/>
    <nd ref="7984595639"/>
    <nd ref="1183459579"/>
    <nd ref="9766260913"/>
    <nd ref="9766260912"/>
    <nd ref="1176856267"/>
    <nd ref="1487110883"/>
    <nd ref="1176856263"/>
    <nd ref="1176856262"/>
    <nd ref="1176856258"/>
    <nd ref="9766260916"/>
    <nd ref="1487110868"/>
    <tag k="crossing" v="traffic_signals"/>
    <tag k="crossing:markings" v="lines"/>
    <tag k="highway" v="residential"/>
    <tag k="name" v="5th Street"/>
  </way>
  <way id="102477018" version="7" timestamp="2026-05-23T18:04:04Z" uid="24046365" user="Ainie Mac" changeset="183079088">
    <nd ref="7976935959"/>
    <nd ref="7976935958"/>
    <nd ref="1183460398"/>
    <nd ref="7976935948"/>
    <nd ref="7976935957"/>
    <nd ref="7976935956"/>
    <nd ref="7976935949"/>
    <nd ref="7976935950"/>
    <nd ref="7976935951"/>
    <nd ref="7976935952"/>
    <nd ref="7976935953"/>
    <nd ref="7976935954"/>
    <nd ref="7976935939"/>
    <nd ref="1183459757"/>
    <nd ref="1183459845"/>
    <nd ref="9766266206"/>
    <nd ref="9766266205"/>
    <nd ref="9653170736"/>
    <nd ref="13867880311"/>
    <nd ref="9766266204"/>
    <nd ref="9653170735"/>
    <nd ref="9653170734"/>
    <tag k="highway" v="service"/>
  </way>
  <way id="102477022" version="5" timestamp="2025-11-16T07:12:56Z" uid="5653955" user="Timmy_Tesseract" changeset="174714479">
    <nd ref="1183455526"/>
    <nd ref="1183460381"/>
    <nd ref="7984561261"/>
    <nd ref="7984561260"/>
    <nd ref="7984561259"/>
    <nd ref="7984561258"/>
    <nd ref="7984561257"/>
    <nd ref="7984561256"/>
    <nd ref="7984561255"/>
    <nd ref="7984561254"/>
    <nd ref="7984561251"/>
    <nd ref="7984561253"/>
    <nd ref="7984561252"/>
    <nd ref="1183459910"/>
    <nd ref="7984561238"/>
    <nd ref="7984561239"/>
    <nd ref="2385159002"/>
    <tag k="highway" v="residential"/>
  </way>
  <way id="102477024" version="17" timestamp="2026-05-20T19:59:19Z" uid="24046365" user="Ainie Mac" changeset="182946126">
    <nd ref="1030434879"/>
    <nd ref="7976977642"/>
    <nd ref="7976977641"/>
    <nd ref="7976977643"/>
    <nd ref="1181125304"/>
    <nd ref="7976977644"/>
    <nd ref="6501184732"/>
    <nd ref="6501184731"/>
    <nd ref="7976977645"/>
    <nd ref="1183460229"/>
    <nd ref="6501184729"/>
    <nd ref="6501184730"/>
    <nd ref="7976977646"/>
    <nd ref="1183459998"/>
    <nd ref="6501184728"/>
    <nd ref="1183460132"/>
    <nd ref="6501184726"/>
    <nd ref="6501184727"/>
    <nd ref="6501184723"/>
    <nd ref="6501184724"/>
    <nd ref="1183459662"/>
    <nd ref="6501184725"/>
    <nd ref="1183459825"/>
    <nd ref="6501184722"/>
    <nd ref="1183459680"/>
    <nd ref="1183460391"/>
    <nd ref="1181132244"/>
    <nd ref="1183460413"/>
    <nd ref="1487095111"/>
    <nd ref="1183455733"/>
    <nd ref="1183459803"/>
    <nd ref="6501184720"/>
    <nd ref="1183460321"/>
    <nd ref="6501184719"/>
    <nd ref="6501184721"/>
    <nd ref="2381970966"/>
    <nd ref="6501184718"/>
    <nd ref="2381970967"/>
    <nd ref="13854227844"/>
    <nd ref="1176856102"/>
    <tag k="designation" v="national_tertiary_road"/>
    <tag k="highway" v="living_street"/>
    <tag k="lanes" v="2"/>
    <tag k="maxspeed" v="40"/>
    <tag k="nat_name" v="Marawi-MSU Road"/>
    <tag k="oneway" v="yes"/>
    <tag k="sidewalk:left" v="yes"/>
    <tag k="surface" v="concrete"/>
  </way>
  <way id="102477027" version="6" timestamp="2025-11-16T07:12:56Z" uid="5653955" user="Timmy_Tesseract" changeset="174714479">
    <nd ref="1181130788"/>
    <nd ref="7980848522"/>
    <nd ref="7980848521"/>
    <nd ref="7980848520"/>
    <nd ref="7980848519"/>
    <nd ref="1183459732"/>
    <tag k="highway" v="residential"/>
  </way>
  <way id="102477032" version="6" timestamp="2025-11-16T07:12:56Z" uid="5653955" user="Timmy_Tesseract" changeset="174714479">
    <nd ref="1183460372"/>
    <nd ref="1183460196"/>
    <nd ref="1183460522"/>
    <nd ref="7984416361"/>
    <nd ref="1183459952"/>
    <nd ref="7984416365"/>
    <nd ref="7984416377"/>
    <nd ref="4933674145"/>
    <nd ref="7984416370"/>
    <nd ref="5196154908"/>
    <nd ref="1183459634"/>
    <tag k="highway" v="residential"/>
  </way>
  <way id="102477041" version="11" timestamp="2022-05-24T07:25:04Z" uid="5653955" user="Timmy_Tesseract" changeset="121405934">
    <nd ref="1215650457"/>
    <nd ref="7984312398"/>
    <nd ref="7984312399"/>
    <nd ref="4933579975"/>
    <nd ref="7984312400"/>
    <nd ref="7984312401"/>
    <nd ref="7984312402"/>
    <nd ref="1487110822"/>
    <nd ref="7984312403"/>
    <nd ref="7984312404"/>
    <nd ref="5196029806"/>
    <nd ref="7984312405"/>
    <nd ref="7984312406"/>
    <nd ref="7984312407"/>
    <nd ref="5196029807"/>
    <nd ref="5196029800"/>
    <nd ref="1183460299"/>
    <nd ref="7984312408"/>
    <nd ref="7984808786"/>
    <nd ref="7984808785"/>
    <nd ref="7984783184"/>
    <nd ref="7984783183"/>
    <nd ref="7984783182"/>
    <nd ref="7984783181"/>
    <nd ref="7984783165"/>
    <nd ref="7984783180"/>
    <tag k="highway" v="unclassified"/>
    <tag k="lanes" v="2"/>
    <tag k="surface" v="concrete"/>
  </way>
  <way id="102477050" version="3" timestamp="2025-11-16T07:12:56Z" uid="5653955" user="Timmy_Tesseract" changeset="174714479">
    <nd ref="1183460522"/>
    <nd ref="1183459599"/>
    <tag k="highway" v="residential"/>
  </way>
  <way id="108746523" version="6" timestamp="2022-04-06T12:43:34Z" uid="5653955" user="Timmy_Tesseract" changeset="119385893">
    <nd ref="5414791443"/>
    <nd ref="5414791444"/>
    <nd ref="5414791445"/>
    <nd ref="5414791446"/>
    <nd ref="8090559329"/>
    <nd ref="1246856343"/>
    <nd ref="1246853575"/>
    <nd ref="1246861482"/>
    <nd ref="1246875573"/>
    <nd ref="1246877171"/>
    <nd ref="1246872861"/>
    <nd ref="1246876358"/>
    <nd ref="1246863948"/>
    <nd ref="1246868839"/>
    <nd ref="1246876481"/>
    <nd ref="1246878206"/>
    <nd ref="1246869408"/>
    <nd ref="1246872963"/>
    <nd ref="1246865665"/>
    <nd ref="1246869703"/>
    <nd ref="8090559646"/>
    <nd ref="8090559645"/>
    <tag k="highway" v="residential"/>
  </way>
  <way id="135405434" version="7" timestamp="2025-11-16T07:12:56Z" uid="5653955" user="Timmy_Tesseract" changeset="174714479">
    <nd ref="1487095063"/>
    <nd ref="7984312352"/>
    <nd ref="7984312353"/>
    <nd ref="7984312354"/>
    <nd ref="7984312355"/>
    <nd ref="1487095075"/>
    <nd ref="7984312351"/>
    <nd ref="7984312350"/>
    <nd ref="7984312349"/>
    <nd ref="7984312348"/>
    <nd ref="7984312347"/>
    <nd ref="7984312346"/>
    <nd ref="7984312345"/>
    <nd ref="7984312344"/>
    <nd ref="7984312343"/>
    <nd ref="7984312342"/>
    <nd ref="7984312341"/>
    <nd ref="7984312340"/>
    <nd ref="7984312339"/>
    <nd ref="7984312338"/>
    <nd ref="7984312337"/>
    <nd ref="7984312336"/>
    <nd ref="7984312335"/>
    <nd ref="7984312334"/>
    <nd ref="7984312333"/>
    <nd ref="7984312332"/>
    <nd ref="7984312299"/>
    <nd ref="7984312331"/>
    <nd ref="7984312330"/>
    <nd ref="7984312329"/>
    <nd ref="7984312328"/>
    <nd ref="7984312327"/>
    <nd ref="7984312326"/>
    <nd ref="7984312325"/>
    <nd ref="7984312324"/>
    <nd ref="7984312323"/>
    <nd ref="7984312322"/>
    <nd ref="7984312321"/>
    <nd ref="7984312320"/>
    <tag k="highway" v="residential"/>
  </way>
  <way id="135405435" version="9" timestamp="2026-05-23T18:04:04Z" uid="24046365" user="Ainie Mac" changeset="183079088">
    <nd ref="1183460391"/>
    <nd ref="7984312415"/>
    <nd ref="1183459562"/>
    <nd ref="13867880384"/>
    <nd ref="13867880385"/>
    <nd ref="7984312416"/>
    <nd ref="13867880383"/>
    <nd ref="13867880394"/>
    <nd ref="1183460475"/>
    <nd ref="1487095085"/>
    <nd ref="7984312417"/>
    <nd ref="1487095063"/>
    <nd ref="1487095061"/>
    <nd ref="7984312418"/>
    <nd ref="13867880374"/>
    <nd ref="1487095043"/>
    <nd ref="7984312419"/>
    <nd ref="7984312420"/>
    <nd ref="1487095041"/>
    <nd ref="7984312421"/>
    <nd ref="1487095037"/>
    <nd ref="7984312422"/>
    <nd ref="1487095025"/>
    <nd ref="1487095023"/>
    <tag k="highway" v="unclassified"/>
    <tag k="lanes" v="2"/>
    <tag k="surface" v="concrete"/>
  </way>
  <way id="135405436" version="4" timestamp="2025-11-16T07:12:56Z" uid="5653955" user="Timmy_Tesseract" changeset="174714479">
    <nd ref="1487095107"/>
    <nd ref="7984362782"/>
    <nd ref="7984362783"/>
    <nd ref="7984362784"/>
    <nd ref="7984362985"/>
    <nd ref="7984362986"/>
    <nd ref="7984362987"/>
    <nd ref="1487095105"/>
    <tag k="highway" v="residential"/>
  </way>
  <way id="135405437" version="6" timestamp="2026-05-23T18:04:04Z" uid="24046365" user="Ainie Mac" changeset="183079088">
    <nd ref="1487095086"/>
    <nd ref="4038578496"/>
    <nd ref="4038578495"/>
    <nd ref="13867880395"/>
    <nd ref="1487095105"/>
    <tag k="highway" v="residential"/>
  </way>
  <way id="135405438" version="5" timestamp="2025-11-16T07:12:56Z" uid="5653955" user="Timmy_Tesseract" changeset="174714479">
    <nd ref="1183460475"/>
    <nd ref="7984363007"/>
    <nd ref="7984363008"/>
    <nd ref="7984363009"/>
    <nd ref="7984363010"/>
    <nd ref="1183459913"/>
    <nd ref="7984363006"/>
    <nd ref="4934410730"/>
    <nd ref="1181132873"/>
    <tag k="highway" v="residential"/>
  </way>
  <way id="135405439" version="5" timestamp="2025-11-16T07:12:56Z" uid="5653955" user="Timmy_Tesseract" changeset="174714479">
    <nd ref="1487095003"/>
    <nd ref="1487095014"/>
    <nd ref="1487095016"/>
    <nd ref="7984202769"/>
    <nd ref="7984202768"/>
    <nd ref="7984202767"/>
    <nd ref="7984202766"/>
    <nd ref="7984202765"/>
    <nd ref="7984202764"/>
    <nd ref="7984202762"/>
    <nd ref="7984202763"/>
    <nd ref="7984202761"/>
    <nd ref="7984202760"/>
    <nd ref="7984312424"/>
    <nd ref="7984312423"/>
    <nd ref="1487095023"/>
    <tag k="highway" v="residential"/>
  </way>
  <way id="135405440" version="4" timestamp="2025-11-16T07:12:56Z" uid="5653955" user="Timmy_Tesseract" changeset="174714479">
    <nd ref="1487095045"/>
    <nd ref="7984312396"/>
    <nd ref="1487095039"/>
    <nd ref="1487095028"/>
    <nd ref="7984312395"/>
    <nd ref="7984312394"/>
    <nd ref="7984312393"/>
    <nd ref="7984312392"/>
    <nd ref="7984312391"/>
    <nd ref="7984312390"/>
    <nd ref="1487095019"/>
    <nd ref="1487095018"/>
    <nd ref="1487095017"/>
    <tag k="highway" v="residential"/>
  </way>
  <way id="135405441" version="6" timestamp="2025-11-16T07:12:56Z" uid="5653955" user="Timmy_Tesseract" changeset="174714479">
    <nd ref="1487095085"/>
    <nd ref="8574010783"/>
    <nd ref="1487095086"/>
    <nd ref="1487095088"/>
    <nd ref="1487095100"/>
    <nd ref="1487095102"/>
    <nd ref="1487095107"/>
    <nd ref="1487095108"/>
    <nd ref="4038578499"/>
    <tag k="highway" v="residential"/>
  </way>
  <way id="135405442" version="5" timestamp="2025-11-16T07:12:56Z" uid="5653955" user="Timmy_Tesseract" changeset="174714479">
    <nd ref="1487095078"/>
    <nd ref="1487095084"/>
    <nd ref="7984362994"/>
    <nd ref="7984362993"/>
    <nd ref="7984362992"/>
    <nd ref="7984362991"/>
    <nd ref="7984362990"/>
    <nd ref="7984362989"/>
    <nd ref="7984362988"/>
    <tag k="highway" v="residential"/>
  </way>
  <way id="135405839" version="1" timestamp="2011-10-31T11:28:34Z" uid="191298" user="docsam" changeset="9702498">
    <nd ref="1487110883"/>
    <nd ref="1487110884"/>
    <tag k="highway" v="residential"/>
  </way>
  <way id="135405840" version="5" timestamp="2026-05-22T19:41:40Z" uid="24046365" user="Ainie Mac" changeset="183039183">
    <nd ref="1487110836"/>
    <nd ref="13861364853"/>
    <nd ref="1183459833"/>
    <tag k="highway" v="unclassified"/>
  </way>
  <way id="135405842" version="8" timestamp="2025-11-16T07:12:56Z" uid="5653955" user="Timmy_Tesseract" changeset="174714479">
    <nd ref="1183460311"/>
    <nd ref="4933603223"/>
    <nd ref="7984750715"/>
    <nd ref="4933563244"/>
    <nd ref="7984773336"/>
    <nd ref="6894779890"/>
    <nd ref="1487110863"/>
    <nd ref="1487110867"/>
    <nd ref="1487110882"/>
    <tag k="highway" v="residential"/>
  </way>
  <way id="135405843" version="6" timestamp="2026-05-20T19:59:19Z" uid="24046365" user="Ainie Mac" changeset="182946126">
    <nd ref="7984561225"/>
    <nd ref="7984561224"/>
    <tag k="highway" v="footway"/>
    <tag k="surface" v="unpaved"/>
  </way>
  <way id="135405844" version="4" timestamp="2025-11-16T07:12:56Z" uid="5653955" user="Timmy_Tesseract" changeset="174714479">
    <nd ref="1487110848"/>
    <nd ref="1487110865"/>
    <nd ref="7984773346"/>
    <nd ref="7984773340"/>
    <nd ref="7984773345"/>
    <nd ref="7984773341"/>
    <nd ref="7984773342"/>
    <nd ref="7984773343"/>
    <nd ref="7984773344"/>
    <nd ref="1487110861"/>
    <nd ref="1487110859"/>
    <nd ref="1487110863"/>
    <tag k="highway" v="residential"/>
  </way>
  <way id="135405845" version="3" timestamp="2022-04-09T06:12:54Z" uid="1041828" user="GOwin" changeset="119491964">
    <nd ref="1487110899"/>
    <nd ref="1487110901"/>
    <nd ref="7984651870"/>
    <nd ref="7984651869"/>
    <nd ref="1487110904"/>
    <nd ref="1487110906"/>
    <nd ref="1487110910"/>
    <nd ref="1487110921"/>
    <tag k="highway" v="residential"/>
  </way>
  <way id="135405846" version="7" timestamp="2026-05-23T18:04:04Z" uid="24046365" user="Ainie Mac" changeset="183079088">
    <nd ref="1487110836"/>
    <nd ref="1487110839"/>
    <nd ref="1487110843"/>
    <nd ref="13867858861"/>
    <nd ref="1487110858"/>
    <nd ref="1487110878"/>
    <nd ref="7984561228"/>
    <nd ref="7984561227"/>
    <nd ref="7984561226"/>
    <nd ref="13854227841"/>
    <nd ref="1246859863"/>
    <tag k="highway" v="footway"/>
  </way>
  <way id="135405847" version="4" timestamp="2022-05-24T07:25:04Z" uid="5653955" user="Timmy_Tesseract" changeset="121405934">
    <nd ref="1487110868"/>
    <nd ref="9766260915"/>
    <nd ref="9766260914"/>
    <nd ref="1487110862"/>
    <nd ref="1487110845"/>
    <nd ref="1487110842"/>
    <nd ref="1487110837"/>
    <tag k="highway" v="path"/>
  </way>
  <way id="135405848" version="5" timestamp="2025-11-16T07:12:56Z" uid="5653955" user="Timmy_Tesseract" changeset="174714479">
    <nd ref="7984390220"/>
    <nd ref="7984390219"/>
    <nd ref="7984390221"/>
    <nd ref="7984390222"/>
    <nd ref="7984390223"/>
    <nd ref="7984390224"/>
    <nd ref="7984390225"/>
    <nd ref="7984390226"/>
    <nd ref="7984390227"/>
    <nd ref="7984390228"/>
    <nd ref="7984390229"/>
    <nd ref="7984390230"/>
    <nd ref="7984390231"/>
    <nd ref="1487110811"/>
    <nd ref="1183460357"/>
    <nd ref="1487110816"/>
    <nd ref="7984390194"/>
    <nd ref="7984390193"/>
    <nd ref="7984390192"/>
    <nd ref="7984390191"/>
    <nd ref="1487110819"/>
    <nd ref="7984390190"/>
    <nd ref="7984390189"/>
    <nd ref="7984390188"/>
    <nd ref="7984390187"/>
    <nd ref="7984390186"/>
    <nd ref="7984390185"/>
    <nd ref="7984389484"/>
    <nd ref="7984389483"/>
    <nd ref="7984389482"/>
    <nd ref="7984389481"/>
    <tag k="highway" v="residential"/>
  </way>
  <way id="143024524" version="4" timestamp="2025-11-16T07:12:56Z" uid="5653955" user="Timmy_Tesseract" changeset="174714479">
    <nd ref="1171601915"/>
    <nd ref="1171601916"/>
    <nd ref="1171601918"/>
    <nd ref="1171601919"/>
    <nd ref="1171601922"/>
    <nd ref="1171601923"/>
    <nd ref="1171601925"/>
    <nd ref="1564992515"/>
    <nd ref="1171601926"/>
    <nd ref="1171601927"/>
    <nd ref="1171601929"/>
    <nd ref="7980666435"/>
    <tag k="highway" v="residential"/>
  </way>
  <way id="143024527" version="3" timestamp="2025-11-16T07:12:56Z" uid="5653955" user="Timmy_Tesseract" changeset="174714479">
    <nd ref="1564992492"/>
    <nd ref="1180914247"/>
    <tag k="highway" v="residential"/>
  </way>
  <way id="143024532" version="6" timestamp="2025-11-16T07:12:56Z" uid="5653955" user="Timmy_Tesseract" changeset="174714479">
    <nd ref="1180917449"/>
    <nd ref="1183459732"/>
    <nd ref="1180896278"/>
    <nd ref="7980666429"/>
    <nd ref="7980666428"/>
    <nd ref="1180914247"/>
    <nd ref="1180898281"/>
    <tag k="highway" v="residential"/>
  </way>
  <way id="143024534" version="6" timestamp="2025-11-16T07:12:56Z" uid="5653955" user="Timmy_Tesseract" changeset="174714479">
    <nd ref="1171601915"/>
    <nd ref="1180898432"/>
    <nd ref="1180918039"/>
    <nd ref="7980898581"/>
    <nd ref="1180925151"/>
    <nd ref="7980666434"/>
    <nd ref="1180901401"/>
    <nd ref="7980666433"/>
    <nd ref="7980666431"/>
    <nd ref="7980666430"/>
    <nd ref="1180917449"/>
    <tag k="highway" v="residential"/>
  </way>
  <way id="229629504" version="11" timestamp="2025-11-16T07:12:56Z" uid="5653955" user="Timmy_Tesseract" changeset="174714479">
    <nd ref="7984363011"/>
    <nd ref="7984363012"/>
    <nd ref="7984363013"/>
    <nd ref="7984363014"/>
    <nd ref="7984363015"/>
    <nd ref="7984363016"/>
    <nd ref="7984363017"/>
    <nd ref="7984363018"/>
    <nd ref="7984363019"/>
    <nd ref="7984312356"/>
    <nd ref="7984312357"/>
    <nd ref="7984312358"/>
    <nd ref="7984312359"/>
    <nd ref="7984312360"/>
    <nd ref="7984312361"/>
    <nd ref="7984312362"/>
    <nd ref="7984312363"/>
    <nd ref="7984312364"/>
    <nd ref="7984312365"/>
    <nd ref="7984312366"/>
    <nd ref="7984312367"/>
    <nd ref="7984312368"/>
    <nd ref="7984312369"/>
    <nd ref="7984312370"/>
    <nd ref="7984312371"/>
    <nd ref="7984312372"/>
    <nd ref="7984312373"/>
    <nd ref="7984312320"/>
    <nd ref="7984312374"/>
    <nd ref="7984312375"/>
    <nd ref="7984312376"/>
    <nd ref="7984312377"/>
    <nd ref="7984312378"/>
    <nd ref="7984312379"/>
    <nd ref="7984312380"/>
    <nd ref="7984312381"/>
    <nd ref="7984312382"/>
    <nd ref="7984312383"/>
    <nd ref="7984312384"/>
    <nd ref="7976977673"/>
    <nd ref="7976977674"/>
    <nd ref="7976977675"/>
    <nd ref="7976977676"/>
    <nd ref="7976977677"/>
    <nd ref="7976977672"/>
    <nd ref="7976977678"/>
    <nd ref="6501184695"/>
    <nd ref="7976935785"/>
    <nd ref="7976935788"/>
    <nd ref="7976935787"/>
    <nd ref="6501184696"/>
    <nd ref="7976935786"/>
    <nd ref="1030432527"/>
    <tag k="highway" v="residential"/>
  </way>
  <way id="229980133" version="7" timestamp="2025-11-16T07:12:56Z" uid="5653955" user="Timmy_Tesseract" changeset="174714479">
    <nd ref="2385159006"/>
    <nd ref="6501184758"/>
    <nd ref="7976935962"/>
    <nd ref="6501184759"/>
    <nd ref="2385159004"/>
    <nd ref="7976935936"/>
    <nd ref="7976935935"/>
    <nd ref="7976935934"/>
    <nd ref="7976935933"/>
    <nd ref="7976935929"/>
    <nd ref="7976935932"/>
    <nd ref="7976935931"/>
    <nd ref="7976935930"/>
    <nd ref="7976977601"/>
    <nd ref="7976977600"/>
    <nd ref="7977219972"/>
    <nd ref="7976977599"/>
    <nd ref="7976977598"/>
    <nd ref="7976977597"/>
    <tag k="highway" v="residential"/>
  </way>
  <way id="229980136" version="4" timestamp="2025-11-16T07:12:56Z" uid="5653955" user="Timmy_Tesseract" changeset="174714479">
    <nd ref="1487110816"/>
    <nd ref="7984390265"/>
    <nd ref="7984390264"/>
    <nd ref="7984390263"/>
    <nd ref="7984390262"/>
    <nd ref="2385158999"/>
    <tag k="highway" v="residential"/>
  </way>
  <way id="229980138" version="11" timestamp="2025-05-20T07:55:03Z" uid="20109068" user="CharaSands" changeset="166510299">
    <nd ref="5753169038"/>
    <nd ref="5753169039"/>
    <nd ref="8090674462"/>
    <nd ref="5753169040"/>
    <nd ref="5753169041"/>
    <nd ref="8090505333"/>
    <nd ref="8090505334"/>
    <nd ref="5753169042"/>
    <nd ref="8090505332"/>
    <nd ref="5753169043"/>
    <nd ref="5753169044"/>
    <nd ref="5753169037"/>
    <nd ref="8090559344"/>
    <nd ref="5753169045"/>
    <nd ref="8090505387"/>
    <nd ref="8090505331"/>
    <nd ref="5753169046"/>
    <nd ref="8090505414"/>
    <nd ref="5753169047"/>
    <nd ref="8090505378"/>
    <nd ref="1176856329"/>
    <nd ref="6501184736"/>
    <nd ref="8090505330"/>
    <nd ref="8090505372"/>
    <nd ref="6501184737"/>
    <nd ref="8090505329"/>
    <nd ref="1176856340"/>
    <nd ref="1176856342"/>
    <nd ref="4934430099"/>
    <nd ref="8090559352"/>
    <nd ref="8090505328"/>
    <nd ref="1176856345"/>
    <nd ref="1176856346"/>
    <nd ref="8090505327"/>
    <nd ref="1176856348"/>
    <nd ref="1176856349"/>
    <nd ref="8090505325"/>
    <nd ref="8090505326"/>
    <nd ref="8090674447"/>
    <nd ref="1175042198"/>
    <nd ref="8090505324"/>
    <nd ref="1175042199"/>
    <nd ref="7980848502"/>
    <nd ref="1175042201"/>
    <nd ref="1175042204"/>
    <nd ref="1175042205"/>
    <nd ref="1175042207"/>
    <nd ref="7980848534"/>
    <nd ref="7980898545"/>
    <nd ref="4934430098"/>
    <nd ref="7980848533"/>
    <nd ref="7980848532"/>
    <nd ref="1175042214"/>
    <nd ref="12850434022"/>
    <nd ref="12850434027"/>
    <nd ref="4934430097"/>
    <nd ref="7980848531"/>
    <nd ref="7980848529"/>
    <nd ref="7980848530"/>
    <nd ref="1175042226"/>
    <nd ref="1175042227"/>
    <nd ref="4934430096"/>
    <nd ref="1175042229"/>
    <nd ref="7980848528"/>
    <tag k="highway" v="tertiary"/>
    <tag k="lanes" v="2"/>
    <tag k="maxspeed" v="30"/>
    <tag k="name" v="Heaven Street"/>
    <tag k="surface" v="concrete"/>
  </way>
  <way id="229980142" version="4" timestamp="2022-04-09T06:12:54Z" uid="1041828" user="GOwin" changeset="119491964">
    <nd ref="1183459963"/>
    <nd ref="1183460191"/>
    <nd ref="1215650458"/>
    <nd ref="1487110921"/>
    <nd ref="8090444914"/>
    <nd ref="4933614984"/>
    <nd ref="1183460347"/>
    <nd ref="1183459597"/>
    <tag k="highway" v="residential"/>
  </way>
  <way id="409656580" version="8" timestamp="2026-07-16T04:46:54Z" uid="24304747" user="SOMAWD" changeset="185823026">
    <nd ref="1564992511"/>
    <nd ref="9645625033"/>
    <nd ref="9645625034"/>
    <nd ref="9645625039"/>
    <nd ref="1246865124"/>
    <nd ref="13867880380"/>
    <nd ref="7984561221"/>
    <nd ref="4115520071"/>
    <nd ref="13861364849"/>
    <nd ref="7984561222"/>
    <nd ref="7984561223"/>
    <nd ref="9645625040"/>
    <nd ref="1246875197"/>
    <nd ref="14019152067"/>
    <nd ref="7984561225"/>
    <nd ref="13854227839"/>
    <nd ref="1487110885"/>
    <nd ref="9766260911"/>
    <nd ref="9645625041"/>
    <nd ref="1246859863"/>
    <tag k="crossing:signals" v="yes"/>
    <tag k="highway" v="living_street"/>
    <tag k="lanes" v="2"/>
    <tag k="maxspeed" v="40"/>
    <tag k="name" v="3rd Street"/>
    <tag k="sidewalk:both" v="yes"/>
    <tag k="surface" v="concrete"/>
  </way>
  <way id="409656581" version="5" timestamp="2022-04-06T12:43:34Z" uid="5653955" user="Timmy_Tesseract" changeset="119385893">
    <nd ref="4115520074"/>
    <nd ref="8090506940"/>
    <nd ref="4115520073"/>
    <nd ref="4115520072"/>
    <nd ref="7882523493"/>
    <nd ref="9645625035"/>
    <nd ref="9645625032"/>
    <nd ref="1564992511"/>
    <tag k="highway" v="residential"/>
    <tag k="name" v="3rd Street"/>
    <tag k="surface" v="concrete"/>
  </way>
  <way id="536359550" version="5" timestamp="2025-11-16T07:12:56Z" uid="5653955" user="Timmy_Tesseract" changeset="174714479">
    <nd ref="5196029805"/>
    <nd ref="5196029804"/>
    <nd ref="7984312414"/>
    <nd ref="5196029803"/>
    <nd ref="7984312413"/>
    <nd ref="5196029802"/>
    <nd ref="7984312411"/>
    <nd ref="7984312410"/>
    <nd ref="7984312409"/>
    <nd ref="5196029801"/>
    <nd ref="5196029800"/>
    <nd ref="5196029799"/>
    <nd ref="7984783179"/>
    <nd ref="7984783178"/>
    <nd ref="7984783177"/>
    <nd ref="7984783176"/>
    <nd ref="7984783175"/>
    <nd ref="7984783174"/>
    <nd ref="7984783173"/>
    <nd ref="7984783172"/>
    <nd ref="7984783171"/>
    <nd ref="7984783170"/>
    <nd ref="7984783169"/>
    <nd ref="7984783168"/>
    <nd ref="7984783167"/>
    <nd ref="7984783166"/>
    <nd ref="7984783165"/>
    <tag k="highway" v="residential"/>
  </way>
  <way id="561584906" version="2" timestamp="2020-11-07T12:10:18Z" uid="10811350" user="Dunajec5" changeset="93704875">
    <nd ref="5414791429"/>
    <nd ref="5414791428"/>
    <nd ref="5414791427"/>
    <nd ref="5414791426"/>
    <tag k="highway" v="path"/>
  </way>
  <way id="561584907" version="3" timestamp="2020-11-07T12:13:27Z" uid="10811350" user="Dunajec5" changeset="93704975">
    <nd ref="5414791443"/>
    <nd ref="5414791438"/>
    <nd ref="5414791437"/>
    <nd ref="8090444905"/>
    <nd ref="5414791436"/>
    <nd ref="5414791435"/>
    <nd ref="5414791434"/>
    <nd ref="5414791433"/>
    <nd ref="5414791432"/>
    <nd ref="5414791429"/>
    <nd ref="5414791431"/>
    <nd ref="5414791430"/>
    <nd ref="8090703656"/>
    <nd ref="8090703655"/>
    <nd ref="8090703654"/>
    <nd ref="8090703653"/>
    <tag k="highway" v="service"/>
  </way>
  <way id="561584908" version="5" timestamp="2022-05-24T07:40:28Z" uid="5653955" user="Timmy_Tesseract" changeset="121406855">
    <nd ref="5414791460"/>
    <nd ref="5414791459"/>
    <nd ref="5414791458"/>
    <nd ref="5414791457"/>
    <nd ref="5414791456"/>
    <nd ref="5414791455"/>
    <nd ref="5414791454"/>
    <nd ref="5414791453"/>
    <nd ref="7980666443"/>
    <nd ref="5414791452"/>
    <nd ref="5414791451"/>
    <nd ref="5414791450"/>
    <nd ref="5414791449"/>
    <nd ref="5414791447"/>
    <tag k="highway" v="residential"/>
  </way>
  <way id="561584910" version="4" timestamp="2022-05-24T07:40:28Z" uid="5653955" user="Timmy_Tesseract" changeset="121406855">
    <nd ref="7980666443"/>
    <nd ref="7980666442"/>
    <nd ref="7980666444"/>
    <nd ref="7980666441"/>
    <nd ref="7980666440"/>
    <nd ref="7980666439"/>
    <nd ref="7980666438"/>
    <nd ref="7980666437"/>
    <nd ref="7980666436"/>
    <nd ref="5414791472"/>
    <nd ref="5414791471"/>
    <nd ref="5414791470"/>
    <nd ref="5414791469"/>
    <nd ref="5414791468"/>
    <nd ref="7980666472"/>
    <nd ref="5414791467"/>
    <nd ref="5414791466"/>
    <nd ref="5414791465"/>
    <tag k="highway" v="residential"/>
  </way>
  <way id="573781435" version="4" timestamp="2026-05-26T06:21:20Z" uid="22557291" user="MountFuji" changeset="183189010">
    <nd ref="1487110829"/>
    <nd ref="7984582495"/>
    <nd ref="1487110828"/>
    <tag k="highway" v="service"/>
  </way>
  <way id="573781437" version="3" timestamp="2022-05-24T07:25:04Z" uid="5653955" user="Timmy_Tesseract" changeset="121405934">
    <nd ref="1564992466"/>
    <nd ref="4933614924"/>
    <nd ref="9766266018"/>
    <nd ref="9766266019"/>
    <nd ref="9766266017"/>
    <nd ref="1487110868"/>
    <tag k="highway" v="residential"/>
    <tag k="name" v="5th Street"/>
  </way>
  <way id="573781438" version="3" timestamp="2026-05-20T19:59:19Z" uid="24046365" user="Ainie Mac" changeset="182946126">
    <nd ref="5509774813"/>
    <nd ref="5509774812"/>
    <nd ref="5509774811"/>
    <nd ref="5509774810"/>
    <nd ref="7984582508"/>
    <nd ref="7984582507"/>
    <nd ref="7984582504"/>
    <nd ref="1487110828"/>
    <tag k="highway" v="unclassified"/>
  </way>
  <way id="692493497" version="6" timestamp="2026-05-23T18:04:04Z" uid="24046365" user="Ainie Mac" changeset="183079088">
    <nd ref="1487095023"/>
    <nd ref="9766266102"/>
    <nd ref="9766266103"/>
    <nd ref="9766266104"/>
    <nd ref="5196029805"/>
    <nd ref="1487095045"/>
    <nd ref="13867858854"/>
    <nd ref="1487095057"/>
    <nd ref="13867858845"/>
    <nd ref="13867858846"/>
    <nd ref="7984362997"/>
    <nd ref="13867858844"/>
    <nd ref="13867858855"/>
    <nd ref="13867858842"/>
    <nd ref="1487095078"/>
    <nd ref="13867858841"/>
    <nd ref="1487095080"/>
    <tag k="highway" v="unclassified"/>
    <tag k="lanes" v="2"/>
    <tag k="surface" v="concrete"/>
  </way>
  <way id="692493498" version="6" timestamp="2026-05-22T19:41:40Z" uid="24046365" user="Ainie Mac" changeset="183039183">
    <nd ref="1564992466"/>
    <nd ref="7984561231"/>
    <nd ref="1180918512"/>
    <nd ref="1183459833"/>
    <nd ref="13861364852"/>
    <nd ref="1180926248"/>
    <tag k="crossing" v="pedestrian_signals"/>
    <tag k="crossing:markings" v="yes"/>
    <tag k="highway" v="living_street"/>
    <tag k="name" v="4th Street"/>
    <tag k="sidewalk:both" v="yes"/>
  </way>
  <way id="692493499" version="7" timestamp="2022-05-24T07:25:04Z" uid="5653955" user="Timmy_Tesseract" changeset="121405934">
    <nd ref="2385159010"/>
    <nd ref="1176856304"/>
    <nd ref="7984651860"/>
    <nd ref="8090461318"/>
    <nd ref="1176856308"/>
    <nd ref="8090505391"/>
    <nd ref="8090461317"/>
    <nd ref="8090444916"/>
    <nd ref="8090444915"/>
    <nd ref="6894757768"/>
    <nd ref="6894757758"/>
    <nd ref="1176856317"/>
    <nd ref="1176856320"/>
    <nd ref="1176856329"/>
    <tag k="highway" v="tertiary"/>
    <tag k="lanes" v="2"/>
    <tag k="name" v="H. Alawi Mandangan Dimakuta Street"/>
    <tag k="surface" v="concrete"/>
  </way>
  <way id="692493523" version="6" timestamp="2022-05-24T07:25:04Z" uid="5653955" user="Timmy_Tesseract" changeset="121405934">
    <nd ref="7976854493"/>
    <nd ref="6501184756"/>
    <nd ref="6501184757"/>
    <tag k="designation" v="national_tertiary_road"/>
    <tag k="highway" v="unclassified"/>
    <tag k="lanes" v="1"/>
    <tag k="maxspeed" v="40"/>
    <tag k="name" v="Ahmad Domocao A. Alonto Sr. Avenue"/>
    <tag k="nat_name" v="Marawi-MSU Road"/>
    <tag k="oneway" v="yes"/>
    <tag k="surface" v="concrete"/>
  </way>
  <way id="692493524" version="7" timestamp="2022-05-24T07:25:04Z" uid="5653955" user="Timmy_Tesseract" changeset="121405934">
    <nd ref="9766266181"/>
    <nd ref="9766266190"/>
    <nd ref="9766266189"/>
    <nd ref="9766266188"/>
    <nd ref="9766266187"/>
    <nd ref="9766266186"/>
    <nd ref="9766266185"/>
    <nd ref="9766266184"/>
    <nd ref="9766266183"/>
    <nd ref="9766266182"/>
    <nd ref="9766266175"/>
    <nd ref="9766266027"/>
    <nd ref="6501184750"/>
    <tag k="designation" v="national_tertiary_road"/>
    <tag k="highway" v="unclassified"/>
    <tag k="lanes" v="1"/>
    <tag k="lit" v="yes"/>
    <tag k="maxspeed" v="40"/>
    <tag k="name" v="Ahmad Domocao A. Alonto Sr. Avenue"/>
    <tag k="nat_name" v="Marawi-MSU Road"/>
    <tag k="oneway" v="yes"/>
    <tag k="sidewalk" v="no"/>
    <tag k="surface" v="concrete"/>
    <tag k="tree_lined" v="right"/>
  </way>
  <way id="736423004" version="2" timestamp="2020-11-07T09:46:36Z" uid="10811350" user="Dunajec5" changeset="93700605">
    <nd ref="6894757758"/>
    <nd ref="6894757759"/>
    <nd ref="6894757760"/>
    <nd ref="8090444898"/>
    <nd ref="8090444899"/>
    <nd ref="8090444902"/>
    <nd ref="8090444900"/>
    <nd ref="8090444901"/>
    <nd ref="6894757775"/>
    <nd ref="6894757762"/>
    <nd ref="6894757763"/>
    <nd ref="6894757764"/>
    <nd ref="6894757765"/>
    <nd ref="8090444910"/>
    <nd ref="6894757766"/>
    <nd ref="6894757767"/>
    <tag k="highway" v="residential"/>
  </way>
  <way id="736423005" version="2" timestamp="2020-11-07T09:46:36Z" uid="10811350" user="Dunajec5" changeset="93700605">
    <nd ref="6894757768"/>
    <nd ref="8090444896"/>
    <nd ref="6894757769"/>
    <nd ref="6894757770"/>
    <nd ref="6894757771"/>
    <nd ref="6894757772"/>
    <nd ref="6894757773"/>
    <nd ref="8090444897"/>
    <nd ref="6894757774"/>
    <nd ref="6894757775"/>
    <tag k="highway" v="residential"/>
  </way>
  <way id="736423006" version="3" timestamp="2020-11-07T10:11:33Z" uid="10811350" user="Dunajec5" changeset="93701468">
    <nd ref="6894757767"/>
    <nd ref="8090505373"/>
    <nd ref="6894779886"/>
    <nd ref="6894757777"/>
    <tag k="highway" v="residential"/>
  </way>
  <way id="736423007" version="6" timestamp="2022-04-09T06:12:54Z" uid="1041828" user="GOwin" changeset="119491964">
    <nd ref="6894757778"/>
    <nd ref="6894757779"/>
    <nd ref="6894757777"/>
    <nd ref="6894757780"/>
    <nd ref="6894757781"/>
    <nd ref="8090444908"/>
    <nd ref="8090444909"/>
    <nd ref="6894757782"/>
    <nd ref="6894757783"/>
    <nd ref="8090444907"/>
    <nd ref="6894757784"/>
    <nd ref="7882523494"/>
    <nd ref="6894779885"/>
    <tag k="highway" v="residential"/>
  </way>
  <way id="736423008" version="4" timestamp="2022-04-09T06:12:54Z" uid="1041828" user="GOwin" changeset="119491964">
    <nd ref="8090674460"/>
    <nd ref="6894779886"/>
    <nd ref="6894779887"/>
    <nd ref="8090505415"/>
    <nd ref="6894779888"/>
    <nd ref="6894779889"/>
    <tag k="highway" v="residential"/>
  </way>
  <way id="736423009" version="5" timestamp="2025-11-16T07:12:56Z" uid="5653955" user="Timmy_Tesseract" changeset="174714479">
    <nd ref="7984750710"/>
    <nd ref="6894779893"/>
    <nd ref="7984750705"/>
    <nd ref="7984750704"/>
    <nd ref="7984750703"/>
    <nd ref="7984750702"/>
    <nd ref="9645624959"/>
    <nd ref="9645624958"/>
    <nd ref="9645624957"/>
    <nd ref="9645624956"/>
    <nd ref="9645624955"/>
    <nd ref="9645624954"/>
    <nd ref="9645624953"/>
    <nd ref="9645624952"/>
    <nd ref="9645624951"/>
    <nd ref="9645624950"/>
    <nd ref="9645624949"/>
    <nd ref="9645624948"/>
    <nd ref="9645624947"/>
    <nd ref="9645624946"/>
    <nd ref="9645624945"/>
    <nd ref="9645624971"/>
    <nd ref="9645624972"/>
    <nd ref="9645624973"/>
    <nd ref="9645624974"/>
    <nd ref="9645624970"/>
    <tag k="highway" v="residential"/>
    <tag k="surface" v="unpaved"/>
  </way>
  <way id="736423010" version="5" timestamp="2025-11-16T07:12:56Z" uid="5653955" user="Timmy_Tesseract" changeset="174714479">
    <nd ref="6894779901"/>
    <nd ref="5196029802"/>
    <nd ref="7984312412"/>
    <nd ref="6894779903"/>
    <nd ref="1487095005"/>
    <nd ref="6894779904"/>
    <tag k="highway" v="residential"/>
  </way>
  <way id="736429843" version="2" timestamp="2020-10-07T10:57:19Z" uid="10210169" user="MonteGeneroso" changeset="92106360">
    <nd ref="1183460487"/>
    <nd ref="7984651813"/>
    <nd ref="7984651814"/>
    <nd ref="7984651815"/>
    <nd ref="7984651816"/>
    <nd ref="7984651817"/>
    <nd ref="7984651818"/>
    <nd ref="7984651803"/>
    <nd ref="7984651804"/>
    <nd ref="7984651819"/>
    <nd ref="7984651820"/>
    <nd ref="7984651805"/>
    <nd ref="7984651821"/>
    <nd ref="7984651822"/>
    <nd ref="7984651823"/>
    <nd ref="7984651824"/>
    <nd ref="7984651825"/>
    <nd ref="7984651826"/>
    <nd ref="7984651827"/>
    <nd ref="7984651828"/>
    <nd ref="7984651829"/>
    <nd ref="7984651830"/>
    <nd ref="7984651831"/>
    <nd ref="7984651832"/>
    <nd ref="6894852303"/>
    <nd ref="7984651833"/>
    <nd ref="7984651834"/>
    <nd ref="6894852304"/>
    <tag k="highway" v="residential"/>
  </way>
  <way id="736429844" version="3" timestamp="2020-10-07T10:57:19Z" uid="10210169" user="MonteGeneroso" changeset="92106360">
    <nd ref="6894852305"/>
    <nd ref="6894852304"/>
    <nd ref="6894852306"/>
    <nd ref="6894852307"/>
    <nd ref="7984651802"/>
    <nd ref="7984651801"/>
    <nd ref="7984651800"/>
    <nd ref="7984651799"/>
    <nd ref="7984651798"/>
    <nd ref="7984651797"/>
    <nd ref="7984651796"/>
    <nd ref="7984651795"/>
    <nd ref="7984651794"/>
    <tag k="highway" v="residential"/>
  </way>
  <way id="736429845" version="6" timestamp="2025-11-16T07:12:56Z" uid="5653955" user="Timmy_Tesseract" changeset="174714479">
    <nd ref="1487110816"/>
    <nd ref="7984362772"/>
    <nd ref="6894852308"/>
    <nd ref="7984362773"/>
    <nd ref="7984362774"/>
    <nd ref="7984362775"/>
    <nd ref="6894852309"/>
    <nd ref="6894852310"/>
    <nd ref="6894852311"/>
    <nd ref="7984362776"/>
    <nd ref="7984362777"/>
    <nd ref="6894852312"/>
    <nd ref="7984390196"/>
    <nd ref="7984362778"/>
    <nd ref="7984362779"/>
    <nd ref="6894852313"/>
    <nd ref="7984226475"/>
    <nd ref="6894852314"/>
    <nd ref="7984362771"/>
    <nd ref="7984362770"/>
    <nd ref="7984362769"/>
    <nd ref="7984362768"/>
    <nd ref="7984362767"/>
    <nd ref="7984362766"/>
    <nd ref="7984362765"/>
    <nd ref="7984362764"/>
    <nd ref="7984362763"/>
    <nd ref="7984362762"/>
    <nd ref="7984362761"/>
    <nd ref="7984362760"/>
    <nd ref="7984362759"/>
    <nd ref="7984362758"/>
    <nd ref="7984362757"/>
    <nd ref="7984362756"/>
    <nd ref="7984362755"/>
    <nd ref="7984362754"/>
    <nd ref="7984362753"/>
    <nd ref="7984362752"/>
    <nd ref="7984362751"/>
    <nd ref="7984362750"/>
    <nd ref="7984362749"/>
    <nd ref="7984362748"/>
    <tag k="highway" v="residential"/>
  </way>
  <way id="844902349" version="3" timestamp="2022-05-24T07:25:04Z" uid="5653955" user="Timmy_Tesseract" changeset="121405934">
    <nd ref="9766260904"/>
    <nd ref="8090559333"/>
    <nd ref="8090559334"/>
    <nd ref="8090559335"/>
    <nd ref="7882495372"/>
    <nd ref="9766266076"/>
    <nd ref="9766266075"/>
    <nd ref="1180896097"/>
    <tag k="highway" v="service"/>
  </way>
  <way id="844902350" version="3" timestamp="2022-05-24T07:25:04Z" uid="5653955" user="Timmy_Tesseract" changeset="121405934">
    <nd ref="7882495373"/>
    <nd ref="7882495375"/>
    <nd ref="7882495376"/>
    <nd ref="7882495377"/>
    <nd ref="7882495379"/>
    <nd ref="7882523488"/>
    <nd ref="7882495381"/>
    <nd ref="7882495383"/>
    <nd ref="7882495384"/>
    <nd ref="7882523485"/>
    <nd ref="7984390237"/>
    <nd ref="7882523486"/>
    <nd ref="7882523490"/>
    <tag k="highway" v="service"/>
    <tag k="oneway" v="yes"/>
    <tag k="service" v="driveway"/>
  </way>
  <way id="844902351" version="8" timestamp="2026-05-23T18:18:04Z" uid="24046365" user="Ainie Mac" changeset="183079560">
    <nd ref="9766260904"/>
    <nd ref="8090559332"/>
    <nd ref="8090559331"/>
    <nd ref="9766260905"/>
    <nd ref="8090559330"/>
    <nd ref="7882523492"/>
    <nd ref="13867858896"/>
    <nd ref="7984390238"/>
    <nd ref="13867858892"/>
    <nd ref="7882523490"/>
    <nd ref="7882495373"/>
    <nd ref="7882523491"/>
    <tag k="highway" v="service"/>
  </way>
  <way id="844902352" version="4" timestamp="2022-05-24T07:25:04Z" uid="5653955" user="Timmy_Tesseract" changeset="121405934">
    <nd ref="4115520074"/>
    <nd ref="8090598476"/>
    <nd ref="5414791439"/>
    <nd ref="5414791440"/>
    <nd ref="5414791441"/>
    <nd ref="5414791442"/>
    <nd ref="5414791443"/>
    <tag k="highway" v="residential"/>
    <tag k="name" v="3rd Street"/>
  </way>
  <way id="844902353" version="1" timestamp="2020-09-07T03:08:45Z" uid="1041828" user="GOwin" changeset="90499085">
    <nd ref="7882523495"/>
    <nd ref="7882523494"/>
    <tag k="highway" v="service"/>
  </way>
  <way id="844902354" version="3" timestamp="2025-11-16T07:12:56Z" uid="5653955" user="Timmy_Tesseract" changeset="174714479">
    <nd ref="1487110907"/>
    <nd ref="1487110911"/>
    <tag k="highway" v="residential"/>
  </way>
  <way id="844902355" version="3" timestamp="2025-11-16T07:12:56Z" uid="5653955" user="Timmy_Tesseract" changeset="174714479">
    <nd ref="1487110906"/>
    <nd ref="4933614983"/>
    <tag k="highway" v="residential"/>
  </way>
  <way id="844902356" version="2" timestamp="2025-11-16T07:12:56Z" uid="5653955" user="Timmy_Tesseract" changeset="174714479">
    <nd ref="6894779888"/>
    <nd ref="1183459963"/>
    <tag k="highway" v="residential"/>
  </way>
  <way id="844902357" version="3" timestamp="2025-11-16T07:12:56Z" uid="5653955" user="Timmy_Tesseract" changeset="174714479">
    <nd ref="1183459963"/>
    <nd ref="7882523500"/>
    <nd ref="7882523499"/>
    <nd ref="8090444906"/>
    <nd ref="7882523498"/>
    <nd ref="7882523497"/>
    <nd ref="7882523496"/>
    <nd ref="6894779885"/>
    <tag k="highway" v="residential"/>
  </way>
  <way id="855371731" version="2" timestamp="2020-10-05T11:38:43Z" uid="8793998" user="animalkingdom" changeset="91983231">
    <nd ref="7976935785"/>
    <nd ref="7976932684"/>
    <nd ref="7976977627"/>
    <nd ref="7976977611"/>
    <nd ref="7976977626"/>
    <nd ref="7976977625"/>
    <nd ref="7976977624"/>
    <nd ref="7976977623"/>
    <nd ref="7976977622"/>
    <nd ref="7976977621"/>
    <tag k="highway" v="residential"/>
  </way>
  <way id="855371732" version="1" timestamp="2020-10-05T11:26:24Z" uid="8793998" user="animalkingdom" changeset="91982295">
    <nd ref="7976935844"/>
    <nd ref="7976935800"/>
    <nd ref="7976935799"/>
    <nd ref="7976935798"/>
    <nd ref="7976935797"/>
    <nd ref="7976935796"/>
    <nd ref="7976935795"/>
    <nd ref="7976935793"/>
    <nd ref="7976935794"/>
    <nd ref="7976935791"/>
    <nd ref="7976935792"/>
    <nd ref="7976935790"/>
    <nd ref="7976935789"/>
    <nd ref="7976935801"/>
    <tag k="highway" v="residential"/>
  </way>
  <way id="855371733" version="1" timestamp="2020-10-05T11:26:24Z" uid="8793998" user="animalkingdom" changeset="91982295">
    <nd ref="7976935815"/>
    <nd ref="7976935813"/>
    <nd ref="7976935812"/>
    <nd ref="7976935811"/>
    <nd ref="7976935810"/>
    <nd ref="7976935809"/>
    <nd ref="7976935808"/>
    <nd ref="7976935807"/>
    <nd ref="7976935806"/>
    <nd ref="7976935805"/>
    <nd ref="7976935804"/>
    <nd ref="7976935803"/>
    <nd ref="7976935802"/>
    <nd ref="7976935814"/>
    <tag k="highway" v="residential"/>
  </way>
  <way id="855371734" version="1" timestamp="2020-10-05T11:26:24Z" uid="8793998" user="animalkingdom" changeset="91982295">
    <nd ref="7976935831"/>
    <nd ref="7976935829"/>
    <nd ref="7976935828"/>
    <nd ref="7976935827"/>
    <nd ref="7976935826"/>
    <nd ref="7976935825"/>
    <nd ref="7976935824"/>
    <nd ref="7976935823"/>
    <nd ref="7976935822"/>
    <nd ref="7976935821"/>
    <nd ref="7976935820"/>
    <nd ref="7976935819"/>
    <nd ref="7976935816"/>
    <nd ref="7976935818"/>
    <nd ref="7976935817"/>
    <nd ref="7976935830"/>
    <tag k="highway" v="residential"/>
  </way>
  <way id="855371735" version="1" timestamp="2020-10-05T11:26:24Z" uid="8793998" user="animalkingdom" changeset="91982295">
    <nd ref="7976935839"/>
    <nd ref="7976935801"/>
    <nd ref="7976935838"/>
    <nd ref="7976935837"/>
    <nd ref="7976935814"/>
    <nd ref="7976935830"/>
    <nd ref="7976935836"/>
    <nd ref="7976935835"/>
    <nd ref="7976935834"/>
    <nd ref="7976935833"/>
    <nd ref="7976935832"/>
    <tag k="highway" v="residential"/>
  </way>
  <way id="855371736" version="2" timestamp="2020-10-07T08:44:11Z" uid="10210169" user="MonteGeneroso" changeset="92096107">
    <nd ref="7976935867"/>
    <nd ref="7976935866"/>
    <nd ref="7976935865"/>
    <nd ref="7976935864"/>
    <nd ref="7976935863"/>
    <nd ref="7976935862"/>
    <nd ref="7976935861"/>
    <nd ref="7976935839"/>
    <nd ref="7984226401"/>
    <nd ref="7984226402"/>
    <nd ref="7984226403"/>
    <nd ref="7976935860"/>
    <nd ref="7984226404"/>
    <nd ref="7976935859"/>
    <nd ref="7976935858"/>
    <nd ref="7976935857"/>
    <nd ref="7976935856"/>
    <nd ref="7976935855"/>
    <nd ref="7976935854"/>
    <nd ref="7976935853"/>
    <nd ref="7976935852"/>
    <nd ref="7976935851"/>
    <nd ref="7976935850"/>
    <nd ref="7976935849"/>
    <nd ref="7976935848"/>
    <nd ref="7976935847"/>
    <nd ref="7976935846"/>
    <nd ref="7976935845"/>
    <nd ref="7976935844"/>
    <nd ref="7976935843"/>
    <nd ref="7976935842"/>
    <nd ref="7976935841"/>
    <nd ref="7976935840"/>
    <tag k="highway" v="residential"/>
  </way>
  <way id="855371737" version="3" timestamp="2020-10-07T09:23:21Z" uid="10210169" user="MonteGeneroso" changeset="92099231">
    <nd ref="7984226388"/>
    <nd ref="7984363020"/>
    <nd ref="7984363021"/>
    <nd ref="7984363022"/>
    <nd ref="7984363023"/>
    <nd ref="7976935899"/>
    <nd ref="7984226407"/>
    <nd ref="7984226405"/>
    <nd ref="7984226408"/>
    <nd ref="7976935840"/>
    <nd ref="7976935898"/>
    <nd ref="7976935897"/>
    <nd ref="7976935896"/>
    <nd ref="7976935895"/>
    <nd ref="7976935894"/>
    <nd ref="7976935893"/>
    <nd ref="7976935892"/>
    <nd ref="7976935868"/>
    <nd ref="7976935869"/>
    <nd ref="7976935870"/>
    <nd ref="7976935871"/>
    <nd ref="7976935872"/>
    <nd ref="7976935873"/>
    <nd ref="7976935874"/>
    <nd ref="7976935875"/>
    <nd ref="7976935876"/>
    <nd ref="7976935877"/>
    <nd ref="7976935878"/>
    <nd ref="7976935879"/>
    <nd ref="7976935880"/>
    <nd ref="7976935881"/>
    <nd ref="7976935882"/>
    <nd ref="7976935883"/>
    <nd ref="7976935884"/>
    <nd ref="7976935885"/>
    <nd ref="7976935886"/>
    <nd ref="7976935887"/>
    <nd ref="7976935888"/>
    <nd ref="7976935889"/>
    <nd ref="7976935890"/>
    <nd ref="7976935891"/>
    <tag k="highway" v="residential"/>
  </way>
  <way id="855371738" version="1" timestamp="2020-10-05T11:26:24Z" uid="8793998" user="animalkingdom" changeset="91982295">
    <nd ref="7976935925"/>
    <nd ref="7976935904"/>
    <nd ref="7976935903"/>
    <nd ref="7976935902"/>
    <nd ref="7976935901"/>
    <nd ref="7976935900"/>
    <tag k="highway" v="residential"/>
  </way>
  <way id="855371739" version="3" timestamp="2025-11-16T07:12:56Z" uid="5653955" user="Timmy_Tesseract" changeset="174714479">
    <nd ref="7976935933"/>
    <nd ref="7976935928"/>
    <nd ref="7976935927"/>
    <nd ref="7976935926"/>
    <nd ref="7976935925"/>
    <nd ref="7976935905"/>
    <nd ref="7976935907"/>
    <nd ref="7976935906"/>
    <nd ref="7976935908"/>
    <nd ref="7976935909"/>
    <nd ref="7976935910"/>
    <nd ref="7976935911"/>
    <nd ref="7976935912"/>
    <nd ref="7976935913"/>
    <nd ref="7976935914"/>
    <nd ref="7976935915"/>
    <nd ref="7976935916"/>
    <nd ref="7976935917"/>
    <nd ref="7976935918"/>
    <nd ref="7976935919"/>
    <nd ref="7976935920"/>
    <nd ref="7976935921"/>
    <nd ref="7976935922"/>
    <nd ref="7976935923"/>
    <nd ref="7976935924"/>
    <tag k="highway" v="residential"/>
  </way>
  <way id="855371740" version="4" timestamp="2026-05-23T18:04:04Z" uid="24046365" user="Ainie Mac" changeset="183079088">
    <nd ref="7976935938"/>
    <nd ref="9766266209"/>
    <nd ref="9766266210"/>
    <nd ref="9766266211"/>
    <nd ref="9653170734"/>
    <nd ref="13867880309"/>
    <nd ref="13867880305"/>
    <nd ref="9766266192"/>
    <nd ref="9766266183"/>
    <tag k="highway" v="service"/>
  </way>
  <way id="855371741" version="3" timestamp="2022-05-24T07:25:04Z" uid="5653955" user="Timmy_Tesseract" changeset="121405934">
    <nd ref="7976935938"/>
    <nd ref="9766266208"/>
    <nd ref="9766266207"/>
    <nd ref="7976935939"/>
    <tag k="highway" v="service"/>
  </way>
  <way id="855371742" version="3" timestamp="2022-05-24T07:25:04Z" uid="5653955" user="Timmy_Tesseract" changeset="121405934">
    <nd ref="7976935944"/>
    <nd ref="7976935943"/>
    <tag k="highway" v="residential"/>
  </way>
  <way id="855378416" version="1" timestamp="2020-10-05T11:38:43Z" uid="8793998" user="animalkingdom" changeset="91983231">
    <nd ref="7976977586"/>
    <nd ref="7976977585"/>
    <nd ref="7976934584"/>
    <nd ref="7976934583"/>
    <nd ref="7976934582"/>
    <nd ref="7976934581"/>
    <nd ref="7976934580"/>
    <tag k="highway" v="residential"/>
  </way>
  <way id="855378417" version="1" timestamp="2020-10-05T11:38:43Z" uid="8793998" user="animalkingdom" changeset="91983231">
    <nd ref="7976977596"/>
    <nd ref="7976977595"/>
    <nd ref="7976977594"/>
    <nd ref="7976977593"/>
    <nd ref="7976977592"/>
    <nd ref="7976977591"/>
    <nd ref="7976977590"/>
    <nd ref="7976977586"/>
    <nd ref="7976977589"/>
    <nd ref="7976977588"/>
    <nd ref="7976977587"/>
    <tag k="highway" v="residential"/>
  </way>
  <way id="855378418" version="2" timestamp="2022-04-09T05:45:19Z" uid="1041828" user="GOwin" changeset="119491577">
    <nd ref="1183459757"/>
    <nd ref="7976977609"/>
    <nd ref="7976977608"/>
    <nd ref="7976977607"/>
    <nd ref="7976977606"/>
    <nd ref="7976977605"/>
    <nd ref="7976977604"/>
    <nd ref="7976977603"/>
    <nd ref="7976977602"/>
    <tag k="highway" v="service"/>
  </way>
  <way id="855378419" version="1" timestamp="2020-10-05T11:38:43Z" uid="8793998" user="animalkingdom" changeset="91983231">
    <nd ref="7976977615"/>
    <nd ref="7976977616"/>
    <nd ref="7976977614"/>
    <nd ref="7976977613"/>
    <nd ref="7976977612"/>
    <nd ref="7976977611"/>
    <tag k="highway" v="residential"/>
  </way>
  <way id="855378420" version="1" timestamp="2020-10-05T11:38:43Z" uid="8793998" user="animalkingdom" changeset="91983231">
    <nd ref="7976932684"/>
    <nd ref="7976977620"/>
    <nd ref="7976977619"/>
    <nd ref="7976977618"/>
    <nd ref="7976977617"/>
    <nd ref="7976977616"/>
    <tag k="highway" v="residential"/>
  </way>
  <way id="855378421" version="3" timestamp="2025-11-16T07:12:56Z" uid="5653955" user="Timmy_Tesseract" changeset="174714479">
    <nd ref="7976977639"/>
    <nd ref="7976977637"/>
    <nd ref="7976977636"/>
    <nd ref="7976977635"/>
    <nd ref="7976977634"/>
    <nd ref="7976977633"/>
    <nd ref="7976977629"/>
    <nd ref="7976977632"/>
    <nd ref="7976977628"/>
    <nd ref="7976977631"/>
    <nd ref="7976977630"/>
    <tag k="highway" v="residential"/>
  </way>
  <way id="855378422" version="3" timestamp="2025-11-16T07:12:56Z" uid="5653955" user="Timmy_Tesseract" changeset="174714479">
    <nd ref="7976977640"/>
    <nd ref="7976977610"/>
    <nd ref="7976977639"/>
    <nd ref="7976977638"/>
    <tag k="highway" v="residential"/>
  </way>
  <way id="855378423" version="3" timestamp="2025-11-16T07:12:56Z" uid="5653955" user="Timmy_Tesseract" changeset="174714479">
    <nd ref="7976977649"/>
    <nd ref="7976977648"/>
    <nd ref="7976977647"/>
    <tag k="highway" v="residential"/>
  </way>
  <way id="855378424" version="1" timestamp="2020-10-05T11:38:43Z" uid="8793998" user="animalkingdom" changeset="91983231">
    <nd ref="7976977666"/>
    <nd ref="7976977665"/>
    <nd ref="7976977664"/>
    <nd ref="7976977663"/>
    <nd ref="7976977662"/>
    <nd ref="7976977661"/>
    <nd ref="7976977660"/>
    <nd ref="7976977659"/>
    <nd ref="7976977658"/>
    <nd ref="7976977657"/>
    <nd ref="7976977656"/>
    <nd ref="7976977655"/>
    <nd ref="7976977654"/>
    <nd ref="7976977653"/>
    <nd ref="7976977652"/>
    <nd ref="7976977651"/>
    <nd ref="7976977650"/>
    <nd ref="1030434388"/>
    <tag k="highway" v="residential"/>
  </way>
  <way id="855378425" version="2" timestamp="2020-10-07T09:08:46Z" uid="10210169" user="MonteGeneroso" changeset="92098066">
    <nd ref="7976977672"/>
    <nd ref="7976977671"/>
    <nd ref="7976977670"/>
    <nd ref="7976977669"/>
    <nd ref="7976977668"/>
    <nd ref="7976977667"/>
    <nd ref="7984312319"/>
    <nd ref="7984312318"/>
    <nd ref="7984312317"/>
    <nd ref="7984312288"/>
    <nd ref="7984312316"/>
    <nd ref="7984312315"/>
    <nd ref="7984312287"/>
    <nd ref="7984312314"/>
    <nd ref="7984312313"/>
    <nd ref="7984312312"/>
    <nd ref="7984312311"/>
    <nd ref="7984312310"/>
    <nd ref="7984312309"/>
    <nd ref="7984312308"/>
    <nd ref="7984312307"/>
    <nd ref="7984312306"/>
    <nd ref="7984312305"/>
    <nd ref="7984312304"/>
    <nd ref="7984312303"/>
    <nd ref="7984312302"/>
    <nd ref="7984312301"/>
    <nd ref="7984312300"/>
    <nd ref="7976977649"/>
    <tag k="highway" v="residential"/>
  </way>
  <way id="855383335" version="1" timestamp="2020-10-05T11:52:09Z" uid="8793998" user="animalkingdom" changeset="91984138">
    <nd ref="7977011347"/>
    <nd ref="7977011346"/>
    <nd ref="7977011345"/>
    <nd ref="7977011340"/>
    <nd ref="7977011344"/>
    <nd ref="7977011343"/>
    <nd ref="7977011342"/>
    <nd ref="7977011341"/>
    <tag k="highway" v="residential"/>
  </way>
  <way id="855383336" version="1" timestamp="2020-10-05T11:52:09Z" uid="8793998" user="animalkingdom" changeset="91984138">
    <nd ref="7977011349"/>
    <nd ref="7977011348"/>
    <tag k="highway" v="residential"/>
  </way>
  <way id="855383337" version="1" timestamp="2020-10-05T11:52:09Z" uid="8793998" user="animalkingdom" changeset="91984138">
    <nd ref="7977011376"/>
    <nd ref="7977011375"/>
    <nd ref="7977011374"/>
    <nd ref="7977011373"/>
    <nd ref="7977011372"/>
    <nd ref="7977011371"/>
    <nd ref="7977011370"/>
    <nd ref="7977011369"/>
    <nd ref="7977011368"/>
    <nd ref="7977011367"/>
    <nd ref="7977011366"/>
    <nd ref="7977011365"/>
    <nd ref="7977011364"/>
    <nd ref="7977011363"/>
    <nd ref="7977011362"/>
    <nd ref="7977011361"/>
    <nd ref="7977011360"/>
    <nd ref="7977011359"/>
    <nd ref="7977011358"/>
    <nd ref="7977011357"/>
    <nd ref="7977011356"/>
    <nd ref="7977011355"/>
    <nd ref="7977011354"/>
    <nd ref="7977011353"/>
    <nd ref="7977011352"/>
    <nd ref="7977011351"/>
    <nd ref="7977011350"/>
    <tag k="highway" v="residential"/>
  </way>
  <way id="855383338" version="1" timestamp="2020-10-05T11:52:09Z" uid="8793998" user="animalkingdom" changeset="91984138">
    <nd ref="7977011404"/>
    <nd ref="7977011387"/>
    <nd ref="7977011386"/>
    <nd ref="7977011385"/>
    <nd ref="7977011384"/>
    <nd ref="7977011383"/>
    <nd ref="7977011382"/>
    <nd ref="7977011381"/>
    <nd ref="7977011380"/>
    <nd ref="7977011379"/>
    <nd ref="7977011378"/>
    <nd ref="7977011377"/>
    <tag k="highway" v="residential"/>
  </way>
  <way id="855431296" version="3" timestamp="2025-11-16T07:12:56Z" uid="5653955" user="Timmy_Tesseract" changeset="174714479">
    <nd ref="7977242536"/>
    <nd ref="7977242535"/>
    <nd ref="7977242534"/>
    <nd ref="7977242533"/>
    <nd ref="7977242530"/>
    <nd ref="7977242532"/>
    <nd ref="7977242529"/>
    <nd ref="7977242531"/>
    <tag k="highway" v="residential"/>
  </way>
  <way id="855431299" version="1" timestamp="2020-10-05T13:39:49Z" uid="8793998" user="animalkingdom" changeset="91990479">
    <nd ref="7977242572"/>
    <nd ref="7977242571"/>
    <nd ref="7977242570"/>
    <nd ref="7977242569"/>
    <tag k="highway" v="residential"/>
  </way>
  <way id="855433555" version="3" timestamp="2025-11-16T07:12:56Z" uid="5653955" user="Timmy_Tesseract" changeset="174714479">
    <nd ref="4933304847"/>
    <nd ref="7977370931"/>
    <nd ref="7977370930"/>
    <nd ref="7977370929"/>
    <nd ref="7977370928"/>
    <nd ref="7977370924"/>
    <nd ref="7977370927"/>
    <nd ref="7977370923"/>
    <nd ref="7977370926"/>
    <nd ref="7977370925"/>
    <tag k="highway" v="residential"/>
  </way>
  <way id="855833099" version="3" timestamp="2025-11-16T07:12:56Z" uid="5653955" user="Timmy_Tesseract" changeset="174714479">
    <nd ref="7980666433"/>
    <nd ref="7980666432"/>
    <tag k="highway" v="residential"/>
  </way>
  <way id="855833100" version="3" timestamp="2022-05-24T07:40:28Z" uid="5653955" user="Timmy_Tesseract" changeset="121406855">
    <nd ref="7980666451"/>
    <nd ref="7980666449"/>
    <tag k="highway" v="residential"/>
  </way>
  <way id="855833102" version="4" timestamp="2022-05-24T07:25:04Z" uid="5653955" user="Timmy_Tesseract" changeset="121405934">
    <nd ref="7981043824"/>
    <nd ref="7980666484"/>
    <nd ref="7980676791"/>
    <nd ref="7980676790"/>
    <tag k="highway" v="residential"/>
  </way>
  <way id="855853794" version="2" timestamp="2022-05-24T07:40:28Z" uid="5653955" user="Timmy_Tesseract" changeset="121406855">
    <nd ref="7980848502"/>
    <nd ref="7980848494"/>
    <nd ref="7980848493"/>
    <nd ref="7980848492"/>
    <nd ref="7980848490"/>
    <nd ref="7980848501"/>
    <nd ref="7980848491"/>
    <nd ref="7980848489"/>
    <nd ref="7980848500"/>
    <nd ref="7980848499"/>
    <nd ref="7980848488"/>
    <nd ref="7980848487"/>
    <nd ref="7980848486"/>
    <nd ref="7980847183"/>
    <nd ref="7980848498"/>
    <nd ref="7980848485"/>
    <nd ref="7980847184"/>
    <nd ref="7980847182"/>
    <nd ref="9766285680"/>
    <nd ref="7980848497"/>
    <nd ref="9766285690"/>
    <nd ref="9766285689"/>
    <nd ref="9766285688"/>
    <nd ref="9766285687"/>
    <nd ref="7980666463"/>
    <tag k="highway" v="residential"/>
    <tag k="surface" v="unpaved"/>
  </way>
  <way id="855853795" version="3" timestamp="2025-11-16T07:12:56Z" uid="5653955" user="Timmy_Tesseract" changeset="174714479">
    <nd ref="7980848515"/>
    <nd ref="7980848514"/>
    <nd ref="7980848513"/>
    <nd ref="7980848509"/>
    <nd ref="7980848508"/>
    <nd ref="7980848507"/>
    <nd ref="7980848506"/>
    <nd ref="7980848512"/>
    <nd ref="7980848505"/>
    <nd ref="7980848511"/>
    <nd ref="7980848504"/>
    <nd ref="7980848503"/>
    <nd ref="7980848510"/>
    <tag k="highway" v="residential"/>
  </way>
  <way id="855853797" version="3" timestamp="2022-05-24T07:40:28Z" uid="5653955" user="Timmy_Tesseract" changeset="121406855">
    <nd ref="7980666471"/>
    <nd ref="1180918358"/>
    <nd ref="7980666473"/>
    <nd ref="7981104309"/>
    <nd ref="4934398700"/>
    <nd ref="1180897271"/>
    <nd ref="5414791465"/>
    <nd ref="7980848518"/>
    <nd ref="9766285656"/>
    <tag k="highway" v="residential"/>
    <tag k="surface" v="unpaved"/>
  </way>
  <way id="855859158" version="3" timestamp="2025-11-16T07:12:56Z" uid="5653955" user="Timmy_Tesseract" changeset="174714479">
    <nd ref="7980898540"/>
    <nd ref="7980898539"/>
    <nd ref="7980898538"/>
    <tag k="highway" v="residential"/>
  </way>
  <way id="855859159" version="1" timestamp="2020-10-06T10:29:56Z" uid="10334783" user="GilpinFalls" changeset="92041039">
    <nd ref="7980898544"/>
    <nd ref="7980898541"/>
    <nd ref="7980898542"/>
    <nd ref="7980898543"/>
    <tag k="highway" v="service"/>
  </way>
  <way id="855859160" version="3" timestamp="2025-11-16T07:12:56Z" uid="5653955" user="Timmy_Tesseract" changeset="174714479">
    <nd ref="7980898551"/>
    <nd ref="7980898546"/>
    <nd ref="7980898547"/>
    <nd ref="7980898548"/>
    <nd ref="7980898550"/>
    <nd ref="7980898549"/>
    <tag k="highway" v="residential"/>
  </way>
  <way id="855859161" version="3" timestamp="2025-11-16T07:12:56Z" uid="5653955" user="Timmy_Tesseract" changeset="174714479">
    <nd ref="7980898578"/>
    <nd ref="7980898564"/>
    <nd ref="7980898563"/>
    <nd ref="7980898562"/>
    <nd ref="7980898554"/>
    <nd ref="7980898553"/>
    <nd ref="7980898552"/>
    <nd ref="7980898561"/>
    <tag k="highway" v="residential"/>
  </way>
  <way id="855859162" version="3" timestamp="2022-05-24T07:40:28Z" uid="5653955" user="Timmy_Tesseract" changeset="121406855">
    <nd ref="7980898580"/>
    <nd ref="7980898579"/>
    <nd ref="7980898570"/>
    <nd ref="7980898569"/>
    <nd ref="7980898568"/>
    <nd ref="7980898567"/>
    <nd ref="7980898566"/>
    <nd ref="7980898565"/>
    <nd ref="7980898578"/>
    <nd ref="7980898551"/>
    <nd ref="7980898577"/>
    <nd ref="7980898560"/>
    <nd ref="7980898576"/>
    <tag k="highway" v="residential"/>
  </way>
  <way id="855859163" version="3" timestamp="2025-11-16T07:12:56Z" uid="5653955" user="Timmy_Tesseract" changeset="174714479">
    <nd ref="7980898583"/>
    <nd ref="7980898582"/>
    <tag k="highway" v="residential"/>
  </way>
  <way id="855862032" version="2" timestamp="2026-06-16T04:46:18Z" uid="22435321" user="SaladoRiver" changeset="184163394">
    <nd ref="13944412743"/>
    <nd ref="13944412744"/>
    <nd ref="13944412745"/>
    <nd ref="7980921292"/>
    <nd ref="13944412746"/>
    <nd ref="7980921291"/>
    <nd ref="7980921289"/>
    <nd ref="7980921290"/>
    <tag k="highway" v="residential"/>
  </way>
  <way id="855876590" version="3" timestamp="2022-05-24T07:25:04Z" uid="5653955" user="Timmy_Tesseract" changeset="121405934">
    <nd ref="1183459934"/>
    <nd ref="7981043826"/>
    <nd ref="7981043825"/>
    <nd ref="7981043823"/>
    <nd ref="7981043822"/>
    <nd ref="7981043824"/>
    <tag k="highway" v="residential"/>
  </way>
  <way id="856286753" version="4" timestamp="2025-11-16T07:12:56Z" uid="5653955" user="Timmy_Tesseract" changeset="174714479">
    <nd ref="7976935859"/>
    <nd ref="7984226400"/>
    <nd ref="7984226399"/>
    <nd ref="7984226398"/>
    <nd ref="7984226397"/>
    <nd ref="7984226396"/>
    <nd ref="7984226395"/>
    <nd ref="7984226394"/>
    <nd ref="7984226393"/>
    <nd ref="7984226392"/>
    <nd ref="7984226391"/>
    <nd ref="7984226390"/>
    <nd ref="7984226389"/>
    <nd ref="7984226388"/>
    <nd ref="7984226387"/>
    <nd ref="7984226386"/>
    <nd ref="7984226385"/>
    <nd ref="7984202784"/>
    <nd ref="7984202783"/>
    <nd ref="7984202782"/>
    <nd ref="7984202781"/>
    <nd ref="7984202780"/>
    <nd ref="7984202779"/>
    <nd ref="7984202778"/>
    <nd ref="7984202777"/>
    <nd ref="7984202776"/>
    <nd ref="7984202775"/>
    <nd ref="7984202774"/>
    <nd ref="7984202773"/>
    <nd ref="7984202772"/>
    <nd ref="7984202771"/>
    <nd ref="7984312356"/>
    <nd ref="7984202770"/>
    <nd ref="1487095003"/>
    <tag k="highway" v="residential"/>
  </way>
  <way id="856286754" version="1" timestamp="2020-10-07T08:44:11Z" uid="10210169" user="MonteGeneroso" changeset="92096107">
    <nd ref="7976935855"/>
    <nd ref="7984226406"/>
    <nd ref="7984226405"/>
    <tag k="highway" v="residential"/>
  </way>
  <way id="856286755" version="3" timestamp="2025-11-16T07:12:56Z" uid="5653955" user="Timmy_Tesseract" changeset="174714479">
    <nd ref="7984226441"/>
    <nd ref="7984226442"/>
    <nd ref="7984226440"/>
    <nd ref="7984226439"/>
    <nd ref="7984226438"/>
    <nd ref="7984226437"/>
    <nd ref="7984226436"/>
    <nd ref="7984226435"/>
    <nd ref="7984226434"/>
    <nd ref="7984226433"/>
    <nd ref="7984226432"/>
    <nd ref="7984226431"/>
    <nd ref="7984226430"/>
    <nd ref="7984226429"/>
    <nd ref="7984226428"/>
    <nd ref="7984226427"/>
    <nd ref="7984226426"/>
    <nd ref="7984226425"/>
    <nd ref="7984226424"/>
    <nd ref="7984226423"/>
    <nd ref="7984226422"/>
    <nd ref="7984226421"/>
    <nd ref="7984226420"/>
    <nd ref="7984226419"/>
    <nd ref="7984226418"/>
    <nd ref="7984226417"/>
    <nd ref="7984226416"/>
    <nd ref="7984226415"/>
    <nd ref="7984226414"/>
    <nd ref="7984226413"/>
    <nd ref="7984226412"/>
    <nd ref="7984226411"/>
    <nd ref="7984226410"/>
    <nd ref="7984226409"/>
    <nd ref="7984226475"/>
    <tag k="highway" v="residential"/>
  </way>
  <way id="856286756" version="3" timestamp="2025-11-16T07:12:56Z" uid="5653955" user="Timmy_Tesseract" changeset="174714479">
    <nd ref="7984226453"/>
    <nd ref="7984226452"/>
    <nd ref="7984226451"/>
    <tag k="highway" v="residential"/>
  </way>
  <way id="856286757" version="3" timestamp="2025-11-16T07:12:56Z" uid="5653955" user="Timmy_Tesseract" changeset="174714479">
    <nd ref="7984226466"/>
    <nd ref="7984226465"/>
    <nd ref="7984226464"/>
    <nd ref="7984226463"/>
    <nd ref="7984226462"/>
    <nd ref="7984226461"/>
    <tag k="highway" v="residential"/>
  </way>
  <way id="856297342" version="1" timestamp="2020-10-07T09:08:46Z" uid="10210169" user="MonteGeneroso" changeset="92098066">
    <nd ref="7984312287"/>
    <nd ref="7984312286"/>
    <nd ref="7984312285"/>
    <nd ref="7984298384"/>
    <nd ref="7984298383"/>
    <nd ref="7984298382"/>
    <nd ref="7984298381"/>
    <nd ref="7984298380"/>
    <nd ref="7984298379"/>
    <nd ref="7984298378"/>
    <nd ref="7984298377"/>
    <nd ref="7984298376"/>
    <nd ref="7984298375"/>
    <nd ref="7984298374"/>
    <nd ref="7984298373"/>
    <nd ref="7984298372"/>
    <nd ref="7984312294"/>
    <tag k="highway" v="residential"/>
  </way>
  <way id="856297343" version="1" timestamp="2020-10-07T09:08:46Z" uid="10210169" user="MonteGeneroso" changeset="92098066">
    <nd ref="7984312299"/>
    <nd ref="7984312298"/>
    <nd ref="7984312297"/>
    <nd ref="7984312296"/>
    <nd ref="7984312295"/>
    <nd ref="7984312294"/>
    <nd ref="7984312293"/>
    <nd ref="7984312292"/>
    <nd ref="7984312291"/>
    <nd ref="7984312290"/>
    <nd ref="7984312289"/>
    <nd ref="7984312288"/>
    <tag k="highway" v="residential"/>
  </way>
  <way id="856297344" version="4" timestamp="2022-05-24T07:25:04Z" uid="5653955" user="Timmy_Tesseract" changeset="121405934">
    <nd ref="1183460380"/>
    <nd ref="7984390258"/>
    <nd ref="7984390259"/>
    <nd ref="7984390260"/>
    <nd ref="1181129542"/>
    <nd ref="2385158999"/>
    <nd ref="7984390272"/>
    <nd ref="7984390261"/>
    <nd ref="7984390273"/>
    <nd ref="2381970962"/>
    <nd ref="2381970961"/>
    <nd ref="9766266026"/>
    <nd ref="9766266025"/>
    <nd ref="1215650457"/>
    <tag k="highway" v="unclassified"/>
    <tag k="lanes" v="2"/>
    <tag k="surface" v="concrete"/>
  </way>
  <way id="856297345" version="3" timestamp="2025-11-16T07:12:56Z" uid="5653955" user="Timmy_Tesseract" changeset="174714479">
    <nd ref="7984312426"/>
    <nd ref="7984312425"/>
    <nd ref="1487095005"/>
    <tag k="highway" v="residential"/>
  </way>
  <way id="856303326" version="3" timestamp="2025-11-16T07:12:56Z" uid="5653955" user="Timmy_Tesseract" changeset="174714479">
    <nd ref="1487095102"/>
    <nd ref="7984362781"/>
    <nd ref="7984362780"/>
    <tag k="highway" v="residential"/>
  </way>
  <way id="856303327" version="1" timestamp="2020-10-07T09:23:21Z" uid="10210169" user="MonteGeneroso" changeset="92099231">
    <nd ref="4038578499"/>
    <nd ref="4038578498"/>
    <nd ref="4038578497"/>
    <nd ref="1487095111"/>
    <tag k="highway" v="path"/>
  </way>
  <way id="856303328" version="1" timestamp="2020-10-07T09:23:21Z" uid="10210169" user="MonteGeneroso" changeset="92099231">
    <nd ref="7984362997"/>
    <nd ref="7984362996"/>
    <nd ref="7984362995"/>
    <tag k="highway" v="service"/>
  </way>
  <way id="856306335" version="3" timestamp="2025-11-16T07:12:56Z" uid="5653955" user="Timmy_Tesseract" changeset="174714479">
    <nd ref="7984390219"/>
    <nd ref="7984390218"/>
    <nd ref="7984390217"/>
    <nd ref="7984390216"/>
    <nd ref="7984390215"/>
    <nd ref="7984390214"/>
    <nd ref="7984390213"/>
    <nd ref="7984390212"/>
    <nd ref="7984390211"/>
    <nd ref="7984390210"/>
    <nd ref="7984390209"/>
    <nd ref="7984390208"/>
    <nd ref="7984390195"/>
    <nd ref="7984390207"/>
    <nd ref="7984390206"/>
    <nd ref="7984390205"/>
    <nd ref="7984390204"/>
    <nd ref="7984390203"/>
    <nd ref="7984390202"/>
    <nd ref="7984390201"/>
    <nd ref="7984390200"/>
    <nd ref="7984390199"/>
    <nd ref="7984390198"/>
    <nd ref="7984390197"/>
    <nd ref="7984390196"/>
    <tag k="highway" v="residential"/>
  </way>
  <way id="856306336" version="5" timestamp="2026-05-21T15:42:18Z" uid="20109123" user="LakePoopó" changeset="182982704">
    <nd ref="1176856102"/>
    <nd ref="7984390257"/>
    <nd ref="7984390256"/>
    <nd ref="7984390255"/>
    <nd ref="7984390246"/>
    <nd ref="7984390254"/>
    <nd ref="7984390247"/>
    <nd ref="7984390253"/>
    <nd ref="7984390248"/>
    <nd ref="7984390249"/>
    <nd ref="7984390250"/>
    <nd ref="7984390252"/>
    <nd ref="8574010787"/>
    <nd ref="7984390251"/>
    <tag k="highway" v="service"/>
  </way>
  <way id="856306337" version="3" timestamp="2022-05-24T07:25:04Z" uid="5653955" user="Timmy_Tesseract" changeset="121405934">
    <nd ref="2381970962"/>
    <nd ref="9766266023"/>
    <nd ref="9766266024"/>
    <nd ref="7984390269"/>
    <nd ref="7984390268"/>
    <nd ref="7984390267"/>
    <tag k="highway" v="residential"/>
  </way>
  <way id="856311864" version="3" timestamp="2025-11-16T07:12:56Z" uid="5653955" user="Timmy_Tesseract" changeset="174714479">
    <nd ref="1183460196"/>
    <nd ref="7984416354"/>
    <nd ref="7984416353"/>
    <nd ref="7984416352"/>
    <tag k="highway" v="residential"/>
  </way>
  <way id="856311865" version="3" timestamp="2025-11-16T07:12:56Z" uid="5653955" user="Timmy_Tesseract" changeset="174714479">
    <nd ref="7984416380"/>
    <nd ref="7984416379"/>
    <nd ref="7984416378"/>
    <nd ref="7984416377"/>
    <tag k="highway" v="residential"/>
  </way>
  <way id="856311866" version="4" timestamp="2025-11-16T07:12:56Z" uid="5653955" user="Timmy_Tesseract" changeset="174714479">
    <nd ref="7984436425"/>
    <nd ref="9645607893"/>
    <nd ref="7984436423"/>
    <nd ref="7984436422"/>
    <nd ref="7984436421"/>
    <nd ref="7984436420"/>
    <nd ref="7984436419"/>
    <nd ref="7984436418"/>
    <nd ref="7984436417"/>
    <nd ref="7984436416"/>
    <nd ref="7984436415"/>
    <nd ref="7984436412"/>
    <nd ref="7984436414"/>
    <nd ref="7984436413"/>
    <nd ref="7984436411"/>
    <nd ref="7984436410"/>
    <nd ref="7984436409"/>
    <nd ref="7984436408"/>
    <nd ref="7984436407"/>
    <nd ref="7984436406"/>
    <nd ref="7984436405"/>
    <nd ref="7984436404"/>
    <nd ref="7984436403"/>
    <nd ref="9645625017"/>
    <nd ref="9645625016"/>
    <nd ref="9645625015"/>
    <nd ref="9645625018"/>
    <nd ref="7984436402"/>
    <nd ref="9645625014"/>
    <nd ref="9645625013"/>
    <nd ref="9645625012"/>
    <nd ref="9645625011"/>
    <nd ref="9645625010"/>
    <nd ref="9645625009"/>
    <nd ref="9645625008"/>
    <nd ref="9645625007"/>
    <nd ref="9645625006"/>
    <nd ref="9645625005"/>
    <nd ref="9645625004"/>
    <nd ref="9645625003"/>
    <nd ref="9645625002"/>
    <nd ref="9645625001"/>
    <nd ref="9645625000"/>
    <nd ref="9645624999"/>
    <nd ref="9645624998"/>
    <nd ref="9645624997"/>
    <nd ref="9645624996"/>
    <tag k="highway" v="residential"/>
    <tag k="surface" v="unpaved"/>
  </way>
  <way id="856311867" version="4" timestamp="2025-11-16T07:12:56Z" uid="5653955" user="Timmy_Tesseract" changeset="174714479">
    <nd ref="9645607903"/>
    <nd ref="9645607902"/>
    <nd ref="9645607901"/>
    <nd ref="9645607877"/>
    <nd ref="9645607900"/>
    <nd ref="9645607899"/>
    <nd ref="9645607898"/>
    <nd ref="9645607897"/>
    <nd ref="9645607896"/>
    <nd ref="9645607895"/>
    <nd ref="9645607894"/>
    <nd ref="7984436462"/>
    <nd ref="9645607891"/>
    <nd ref="7984436455"/>
    <nd ref="7984436454"/>
    <nd ref="7984436453"/>
    <tag k="highway" v="residential"/>
    <tag k="surface" v="unpaved"/>
  </way>
  <way id="856326495" version="2" timestamp="2026-05-20T19:59:19Z" uid="24046365" user="Ainie Mac" changeset="182946126">
    <nd ref="13854227875"/>
    <nd ref="7984561230"/>
    <nd ref="7984561229"/>
    <tag k="highway" v="service"/>
  </way>
  <way id="856326496" version="1" timestamp="2020-10-07T10:26:27Z" uid="10210169" user="MonteGeneroso" changeset="92104137">
    <nd ref="1487110828"/>
    <nd ref="7984561282"/>
    <tag k="highway" v="service"/>
  </way>
  <way id="856326497" version="4" timestamp="2026-05-23T18:04:04Z" uid="24046365" user="Ainie Mac" changeset="183079088">
    <nd ref="7984582494"/>
    <nd ref="11229894099"/>
    <nd ref="7984582492"/>
    <nd ref="7984582491"/>
    <nd ref="7984582490"/>
    <nd ref="7984582489"/>
    <nd ref="11229894098"/>
    <nd ref="7984582488"/>
    <nd ref="7984582493"/>
    <nd ref="7984582487"/>
    <nd ref="7984582486"/>
    <nd ref="7984582485"/>
    <nd ref="11229894101"/>
    <nd ref="11229894097"/>
    <nd ref="7984561284"/>
    <nd ref="7984561282"/>
    <nd ref="7984561283"/>
    <nd ref="11229894100"/>
    <nd ref="7984582494"/>
    <tag k="highway" v="footway"/>
    <tag k="junction" v="circular"/>
    <tag k="oneway" v="yes"/>
  </way>
  <way id="856326498" version="3" timestamp="2026-05-26T06:21:20Z" uid="22557291" user="MountFuji" changeset="183189010">
    <nd ref="7984582502"/>
    <nd ref="7984582501"/>
    <nd ref="7984582500"/>
    <nd ref="7984582499"/>
    <nd ref="7984582498"/>
    <nd ref="7984582497"/>
    <nd ref="7984582496"/>
    <nd ref="7984582495"/>
    <tag k="highway" v="service"/>
  </way>
  <way id="856326499" version="5" timestamp="2024-11-05T07:41:22Z" uid="22011056" user="Dkboy" changeset="158767749">
    <nd ref="1487095080"/>
    <nd ref="1487095098"/>
    <nd ref="12313814802"/>
    <nd ref="7984582506"/>
    <nd ref="7984582505"/>
    <nd ref="7984582504"/>
    <tag k="covered" v="yes"/>
    <tag k="highway" v="footway"/>
  </way>
  <way id="856328189" version="3" timestamp="2025-11-16T07:12:56Z" uid="5653955" user="Timmy_Tesseract" changeset="174714479">
    <nd ref="7984595644"/>
    <nd ref="7984595643"/>
    <tag k="highway" v="residential"/>
  </way>
  <way id="856338841" version="1" timestamp="2020-10-07T10:57:19Z" uid="10210169" user="MonteGeneroso" changeset="92106360">
    <nd ref="7984651812"/>
    <nd ref="7984651811"/>
    <nd ref="7984651810"/>
    <nd ref="7984651809"/>
    <nd ref="7984651808"/>
    <nd ref="7984651807"/>
    <nd ref="7984651806"/>
    <nd ref="7984651817"/>
    <tag k="highway" v="residential"/>
  </way>
  <way id="856346911" version="3" timestamp="2022-04-06T12:43:34Z" uid="5653955" user="Timmy_Tesseract" changeset="119385893">
    <nd ref="1183455851"/>
    <nd ref="4933569078"/>
    <nd ref="7984773320"/>
    <tag k="highway" v="residential"/>
  </way>
  <way id="856346912" version="1" timestamp="2020-10-07T11:18:31Z" uid="10210169" user="MonteGeneroso" changeset="92107874">
    <nd ref="7984720556"/>
    <nd ref="7984720555"/>
    <nd ref="7984720554"/>
    <nd ref="7984720553"/>
    <nd ref="7984720552"/>
    <nd ref="7984720551"/>
    <nd ref="7984720550"/>
    <nd ref="7984720549"/>
    <nd ref="7984720548"/>
    <tag k="highway" v="residential"/>
  </way>
  <way id="856346914" version="2" timestamp="2022-04-06T12:43:34Z" uid="5653955" user="Timmy_Tesseract" changeset="119385893">
    <nd ref="7984750695"/>
    <nd ref="7984750694"/>
    <nd ref="7984750693"/>
    <nd ref="7984750692"/>
    <nd ref="7984750691"/>
    <nd ref="7984750690"/>
    <nd ref="7984750689"/>
    <nd ref="7984750688"/>
    <nd ref="7984750687"/>
    <nd ref="7984750686"/>
    <nd ref="7984750685"/>
    <nd ref="7984720584"/>
    <nd ref="7984720583"/>
    <nd ref="7984720582"/>
    <nd ref="7984720581"/>
    <nd ref="7984720580"/>
    <nd ref="7984720579"/>
    <nd ref="7984720578"/>
    <nd ref="7984720577"/>
    <nd ref="7984720576"/>
    <nd ref="9645624970"/>
    <tag k="highway" v="residential"/>
    <tag k="surface" v="unpaved"/>
  </way>
  <way id="856346915" version="5" timestamp="2025-11-16T07:12:56Z" uid="5653955" user="Timmy_Tesseract" changeset="174714479">
    <nd ref="7984750713"/>
    <nd ref="7984750710"/>
    <nd ref="7984773323"/>
    <tag k="highway" v="residential"/>
  </way>
  <way id="856346916" version="1" timestamp="2020-10-07T11:18:31Z" uid="10210169" user="MonteGeneroso" changeset="92107874">
    <nd ref="1487095043"/>
    <nd ref="1487095046"/>
    <nd ref="1487095047"/>
    <nd ref="1487095055"/>
    <nd ref="7984363005"/>
    <nd ref="7984363004"/>
    <nd ref="4934367777"/>
    <nd ref="1487095058"/>
    <nd ref="7984363003"/>
    <nd ref="7984363002"/>
    <nd ref="1487095059"/>
    <nd ref="7984363001"/>
    <nd ref="1487095062"/>
    <nd ref="7984363000"/>
    <nd ref="7984362999"/>
    <nd ref="1487095065"/>
    <nd ref="7984362998"/>
    <nd ref="1487095063"/>
    <tag k="highway" v="service"/>
  </way>
  <way id="856350767" version="3" timestamp="2025-11-16T07:12:56Z" uid="5653955" user="Timmy_Tesseract" changeset="174714479">
    <nd ref="7984561234"/>
    <nd ref="7984773312"/>
    <nd ref="7984773311"/>
    <nd ref="7984773310"/>
    <nd ref="7984773309"/>
    <nd ref="7984773308"/>
    <nd ref="7984773307"/>
    <tag k="highway" v="residential"/>
  </way>
  <way id="856350768" version="1" timestamp="2020-10-07T11:28:24Z" uid="10210169" user="MonteGeneroso" changeset="92108636">
    <nd ref="7984773321"/>
    <nd ref="7984773320"/>
    <tag k="highway" v="residential"/>
  </way>
  <way id="856350769" version="3" timestamp="2025-11-16T07:12:56Z" uid="5653955" user="Timmy_Tesseract" changeset="174714479">
    <nd ref="7984773336"/>
    <nd ref="7984773337"/>
    <nd ref="7984773335"/>
    <nd ref="7984773334"/>
    <nd ref="7984773333"/>
    <nd ref="7984773332"/>
    <nd ref="7984773331"/>
    <nd ref="7984773330"/>
    <nd ref="7984773329"/>
    <nd ref="7984773328"/>
    <nd ref="7984773318"/>
    <nd ref="7984773317"/>
    <nd ref="7984773316"/>
    <nd ref="7984773315"/>
    <nd ref="7984773313"/>
    <nd ref="7984773314"/>
    <nd ref="1183460006"/>
    <tag k="highway" v="residential"/>
  </way>
  <way id="856350770" version="3" timestamp="2025-11-16T07:12:56Z" uid="5653955" user="Timmy_Tesseract" changeset="174714479">
    <nd ref="1487110861"/>
    <nd ref="7984773327"/>
    <nd ref="7984773339"/>
    <nd ref="7984773338"/>
    <nd ref="7984773337"/>
    <tag k="highway" v="residential"/>
  </way>
  <way id="856735738" version="3" timestamp="2025-07-17T02:58:17Z" uid="23055017" user="angeloiligan" changeset="169039813">
    <nd ref="13005640676"/>
    <nd ref="7987736584"/>
    <nd ref="7987736583"/>
    <nd ref="5753168917"/>
    <nd ref="5753168918"/>
    <nd ref="5753168919"/>
    <nd ref="5753168920"/>
    <nd ref="5753169021"/>
    <nd ref="5753169022"/>
    <nd ref="5753169023"/>
    <nd ref="7987736576"/>
    <nd ref="7987736562"/>
    <nd ref="5753169024"/>
    <nd ref="5753169025"/>
    <nd ref="7987736563"/>
    <nd ref="5753169026"/>
    <nd ref="7987736564"/>
    <nd ref="7987736565"/>
    <nd ref="7987736567"/>
    <nd ref="7987736566"/>
    <nd ref="7987736568"/>
    <nd ref="5753169027"/>
    <nd ref="7987736569"/>
    <nd ref="7987736570"/>
    <nd ref="7987736571"/>
    <nd ref="7987736572"/>
    <nd ref="5753169028"/>
    <nd ref="5753169029"/>
    <nd ref="7987736573"/>
    <nd ref="7987736574"/>
    <nd ref="5753169030"/>
    <nd ref="7987736575"/>
    <nd ref="5753169031"/>
    <nd ref="5753169032"/>
    <nd ref="7984561274"/>
    <nd ref="5753169033"/>
    <nd ref="7984561273"/>
    <nd ref="5753169034"/>
    <nd ref="7984561272"/>
    <nd ref="5753169035"/>
    <nd ref="7984561271"/>
    <nd ref="5753169036"/>
    <nd ref="7984561270"/>
    <nd ref="7984561269"/>
    <nd ref="1183460071"/>
    <nd ref="7984561268"/>
    <nd ref="7984750695"/>
    <nd ref="7984561267"/>
    <nd ref="1183459930"/>
    <nd ref="7984561266"/>
    <nd ref="5753169038"/>
    <tag k="highway" v="tertiary"/>
  </way>
  <way id="867974303" version="3" timestamp="2022-05-24T07:25:04Z" uid="5653955" user="Timmy_Tesseract" changeset="121405934">
    <nd ref="8090505343"/>
    <nd ref="8090505339"/>
    <nd ref="8090505342"/>
    <nd ref="8090505340"/>
    <nd ref="9766266151"/>
    <nd ref="9766266152"/>
    <tag k="highway" v="residential"/>
  </way>
  <way id="867974304" version="3" timestamp="2022-04-09T06:12:54Z" uid="1041828" user="GOwin" changeset="119491964">
    <nd ref="8090505344"/>
    <nd ref="8090505345"/>
    <nd ref="8090505346"/>
    <nd ref="8090505347"/>
    <nd ref="8090505353"/>
    <nd ref="8090696099"/>
    <nd ref="8090505351"/>
    <nd ref="8090505350"/>
    <nd ref="8090505349"/>
    <nd ref="8090505348"/>
    <tag k="highway" v="residential"/>
  </way>
  <way id="867974305" version="2" timestamp="2022-04-09T06:12:54Z" uid="1041828" user="GOwin" changeset="119491964">
    <nd ref="8090505358"/>
    <nd ref="8090505357"/>
    <nd ref="8090505356"/>
    <nd ref="8090505355"/>
    <nd ref="8090505354"/>
    <nd ref="8090505353"/>
    <nd ref="8090505352"/>
    <tag k="highway" v="residential"/>
  </way>
  <way id="867974306" version="2" timestamp="2022-04-09T06:12:54Z" uid="1041828" user="GOwin" changeset="119491964">
    <nd ref="8090505360"/>
    <nd ref="8090505359"/>
    <tag k="highway" v="residential"/>
  </way>
  <way id="867974307" version="2" timestamp="2022-04-09T06:12:54Z" uid="1041828" user="GOwin" changeset="119491964">
    <nd ref="8090505372"/>
    <nd ref="8090505371"/>
    <nd ref="8090505370"/>
    <nd ref="8090505369"/>
    <nd ref="8090505368"/>
    <nd ref="8090505367"/>
    <nd ref="8090505366"/>
    <nd ref="8090505365"/>
    <nd ref="8090505364"/>
    <nd ref="8090505363"/>
    <nd ref="8090505362"/>
    <nd ref="8090505361"/>
    <tag k="highway" v="residential"/>
  </way>
  <way id="867974308" version="1" timestamp="2020-11-07T10:11:33Z" uid="10811350" user="Dunajec5" changeset="93701468">
    <nd ref="1183460098"/>
    <nd ref="8090505376"/>
    <nd ref="8090505375"/>
    <nd ref="8090505374"/>
    <nd ref="8090505373"/>
    <tag k="highway" v="residential"/>
  </way>
  <way id="867974309" version="1" timestamp="2020-11-07T10:11:33Z" uid="10811350" user="Dunajec5" changeset="93701468">
    <nd ref="8090505377"/>
    <nd ref="7882523494"/>
    <tag k="highway" v="residential"/>
  </way>
  <way id="867974310" version="2" timestamp="2022-04-09T06:12:54Z" uid="1041828" user="GOwin" changeset="119491964">
    <nd ref="8090505386"/>
    <nd ref="8090505385"/>
    <nd ref="8090505384"/>
    <nd ref="8090505383"/>
    <nd ref="8090505382"/>
    <nd ref="8090505381"/>
    <nd ref="8090505380"/>
    <nd ref="8090505379"/>
    <nd ref="8090505378"/>
    <tag k="highway" v="residential"/>
  </way>
  <way id="867974311" version="1" timestamp="2020-11-07T10:11:33Z" uid="10811350" user="Dunajec5" changeset="93701468">
    <nd ref="8090505408"/>
    <nd ref="8090505390"/>
    <nd ref="8090505389"/>
    <nd ref="8090505388"/>
    <nd ref="8090505387"/>
    <tag k="highway" v="residential"/>
  </way>
  <way id="867974312" version="2" timestamp="2020-11-07T10:45:09Z" uid="10811350" user="Dunajec5" changeset="93702432">
    <nd ref="8090505414"/>
    <nd ref="8090505413"/>
    <nd ref="8090505412"/>
    <nd ref="8090505411"/>
    <nd ref="8090505410"/>
    <nd ref="8090505409"/>
    <nd ref="8090505408"/>
    <nd ref="8090505407"/>
    <nd ref="8090505406"/>
    <nd ref="8090559341"/>
    <nd ref="8090505405"/>
    <nd ref="8090505404"/>
    <nd ref="8090505403"/>
    <nd ref="8090505402"/>
    <nd ref="8090505401"/>
    <nd ref="8090505400"/>
    <nd ref="8090505399"/>
    <nd ref="8090505398"/>
    <nd ref="8090505397"/>
    <nd ref="8090505396"/>
    <nd ref="8090505395"/>
    <nd ref="8090505394"/>
    <nd ref="8090505393"/>
    <nd ref="8090505392"/>
    <nd ref="8090505391"/>
    <tag k="highway" v="residential"/>
  </way>
  <way id="867974313" version="2" timestamp="2022-04-09T06:12:54Z" uid="1041828" user="GOwin" changeset="119491964">
    <nd ref="1183460268"/>
    <nd ref="8090506917"/>
    <nd ref="8090505416"/>
    <nd ref="8090505415"/>
    <tag k="highway" v="residential"/>
  </way>
  <way id="867974314" version="2" timestamp="2022-04-09T06:12:54Z" uid="1041828" user="GOwin" changeset="119491964">
    <nd ref="8090506919"/>
    <nd ref="8090506918"/>
    <nd ref="8090505338"/>
    <nd ref="8090505337"/>
    <nd ref="8090505336"/>
    <nd ref="8090505335"/>
    <tag k="highway" v="residential"/>
  </way>
  <way id="867974315" version="1" timestamp="2020-11-07T10:11:33Z" uid="10811350" user="Dunajec5" changeset="93701468">
    <nd ref="8090506933"/>
    <nd ref="8090506926"/>
    <nd ref="8090506925"/>
    <nd ref="8090506924"/>
    <nd ref="8090506923"/>
    <nd ref="8090506922"/>
    <nd ref="8090506921"/>
    <nd ref="8090506920"/>
    <nd ref="6894757763"/>
    <tag k="highway" v="residential"/>
  </way>
  <way id="867974316" version="1" timestamp="2020-11-07T10:11:33Z" uid="10811350" user="Dunajec5" changeset="93701468">
    <nd ref="8090506938"/>
    <nd ref="8090506937"/>
    <nd ref="8090506936"/>
    <nd ref="8090506935"/>
    <nd ref="8090506934"/>
    <nd ref="8090506933"/>
    <nd ref="8090506932"/>
    <nd ref="8090506931"/>
    <nd ref="8090506930"/>
    <nd ref="8090506929"/>
    <nd ref="8090506928"/>
    <nd ref="8090506927"/>
    <tag k="highway" v="residential"/>
  </way>
  <way id="867974317" version="2" timestamp="2020-11-07T10:45:09Z" uid="10811350" user="Dunajec5" changeset="93702432">
    <nd ref="1183460347"/>
    <nd ref="8090506938"/>
    <nd ref="8090559336"/>
    <nd ref="8090506939"/>
    <tag k="highway" v="residential"/>
  </way>
  <way id="867980210" version="1" timestamp="2020-11-07T10:45:09Z" uid="10811350" user="Dunajec5" changeset="93702432">
    <nd ref="8090559340"/>
    <nd ref="8090559339"/>
    <nd ref="8090559338"/>
    <nd ref="8090559337"/>
    <nd ref="8090559336"/>
    <tag k="highway" v="residential"/>
  </way>
  <way id="867980211" version="1" timestamp="2020-11-07T10:45:09Z" uid="10811350" user="Dunajec5" changeset="93702432">
    <nd ref="8090505389"/>
    <nd ref="8090559350"/>
    <nd ref="8090559349"/>
    <nd ref="8090559348"/>
    <nd ref="8090559347"/>
    <nd ref="8090559346"/>
    <nd ref="8090559345"/>
    <nd ref="8090559342"/>
    <nd ref="8090559343"/>
    <nd ref="8090559344"/>
    <tag k="highway" v="residential"/>
  </way>
  <way id="867993025" version="2" timestamp="2022-04-09T06:12:54Z" uid="1041828" user="GOwin" changeset="119491964">
    <nd ref="6894757779"/>
    <nd ref="8090674461"/>
    <nd ref="8090674446"/>
    <nd ref="8090674445"/>
    <nd ref="8090674444"/>
    <tag k="highway" v="residential"/>
  </way>
  <way id="867993026" version="2" timestamp="2022-04-09T06:12:54Z" uid="1041828" user="GOwin" changeset="119491964">
    <nd ref="8090505376"/>
    <nd ref="8090505350"/>
    <tag k="highway" v="residential"/>
  </way>
  <way id="867995050" version="2" timestamp="2022-04-09T06:12:54Z" uid="1041828" user="GOwin" changeset="119491964">
    <nd ref="8090696099"/>
    <nd ref="8090696098"/>
    <tag k="highway" v="residential"/>
  </way>
  <way id="868114095" version="1" timestamp="2020-11-07T20:45:24Z" uid="5653955" user="Timmy_Tesseract" changeset="93720225">
    <nd ref="1030432527"/>
    <nd ref="7977011406"/>
    <nd ref="7977011405"/>
    <nd ref="7977011404"/>
    <nd ref="7977011403"/>
    <nd ref="2381970964"/>
    <nd ref="7977011401"/>
    <nd ref="7977011402"/>
    <nd ref="7977011400"/>
    <nd ref="7977011399"/>
    <nd ref="2381970965"/>
    <nd ref="7977011398"/>
    <nd ref="6501184702"/>
    <nd ref="7977011397"/>
    <nd ref="7977011396"/>
    <nd ref="6501184701"/>
    <nd ref="7977011395"/>
    <nd ref="7977011394"/>
    <nd ref="7977011376"/>
    <nd ref="7977011349"/>
    <nd ref="7977011393"/>
    <nd ref="7977011347"/>
    <nd ref="6501184700"/>
    <nd ref="7977011392"/>
    <nd ref="7977011350"/>
    <nd ref="7977011391"/>
    <nd ref="7977011390"/>
    <nd ref="7977011389"/>
    <nd ref="6501184699"/>
    <nd ref="7977011322"/>
    <nd ref="6501184698"/>
    <nd ref="7977011388"/>
    <nd ref="6501184697"/>
    <nd ref="7977011308"/>
    <nd ref="7977011328"/>
    <nd ref="7977011327"/>
    <nd ref="7977011326"/>
    <nd ref="7977011325"/>
    <nd ref="7977011324"/>
    <nd ref="7977011323"/>
    <nd ref="7977011329"/>
    <nd ref="7977011330"/>
    <nd ref="7977011331"/>
    <nd ref="7977011332"/>
    <nd ref="7977011333"/>
    <nd ref="7977011334"/>
    <nd ref="7977011336"/>
    <nd ref="7977011335"/>
    <nd ref="7977011338"/>
    <nd ref="7977134215"/>
    <nd ref="7977011337"/>
    <nd ref="7977011339"/>
    <tag k="highway" v="secondary"/>
  </way>
  <way id="907207868" version="6" timestamp="2025-11-16T07:12:56Z" uid="5653955" user="Timmy_Tesseract" changeset="174714479">
    <nd ref="1180926248"/>
    <nd ref="8574010808"/>
    <nd ref="1183460231"/>
    <nd ref="1183460126"/>
    <tag k="crossing" v="pedestrian_signals"/>
    <tag k="highway" v="unclassified"/>
    <tag k="lanes" v="4"/>
    <tag k="sidewalk:left" v="yes"/>
    <tag k="surface" v="concrete"/>
  </way>
  <way id="923654488" version="1" timestamp="2021-03-30T07:03:54Z" uid="12954244" user="Xiamara" changeset="101960874">
    <nd ref="7984363000"/>
    <nd ref="8574010776"/>
    <tag k="highway" v="path"/>
  </way>
  <way id="923654490" version="1" timestamp="2021-03-30T07:03:54Z" uid="12954244" user="Xiamara" changeset="101960874">
    <nd ref="8574010776"/>
    <nd ref="8574010781"/>
    <tag k="highway" v="path"/>
  </way>
  <way id="923654491" version="1" timestamp="2021-03-30T07:03:54Z" uid="12954244" user="Xiamara" changeset="101960874">
    <nd ref="8574010782"/>
    <nd ref="8574010783"/>
    <tag k="highway" v="path"/>
  </way>
  <way id="923654492" version="3" timestamp="2026-07-16T04:46:54Z" uid="24304747" user="SOMAWD" changeset="185823026">
    <nd ref="8574010787"/>
    <nd ref="13867880358"/>
    <nd ref="8574010788"/>
    <nd ref="8574010789"/>
    <nd ref="8574010790"/>
    <nd ref="13867880326"/>
    <nd ref="8574010791"/>
    <nd ref="8574010792"/>
    <nd ref="13867880325"/>
    <nd ref="14019152066"/>
    <nd ref="8574010788"/>
    <tag k="highway" v="footway"/>
  </way>
  <way id="923654493" version="1" timestamp="2021-03-30T07:03:54Z" uid="12954244" user="Xiamara" changeset="101960874">
    <nd ref="8574010792"/>
    <nd ref="1487095111"/>
    <tag k="highway" v="footway"/>
  </way>
  <way id="923654495" version="2" timestamp="2026-05-23T18:04:04Z" uid="24046365" user="Ainie Mac" changeset="183079088">
    <nd ref="8574010790"/>
    <nd ref="13867880327"/>
    <nd ref="8574010797"/>
    <tag k="highway" v="footway"/>
  </way>
  <way id="923654498" version="1" timestamp="2021-03-30T07:03:54Z" uid="12954244" user="Xiamara" changeset="101960874">
    <nd ref="7984773319"/>
    <nd ref="8574010808"/>
    <tag k="highway" v="path"/>
  </way>
  <way id="1049593508" version="3" timestamp="2025-11-16T07:12:56Z" uid="5653955" user="Timmy_Tesseract" changeset="174714479">
    <nd ref="7984436453"/>
    <nd ref="7984436452"/>
    <nd ref="7984436451"/>
    <nd ref="7984436425"/>
    <tag k="highway" v="residential"/>
    <tag k="surface" v="unpaved"/>
  </way>
  <way id="1049593509" version="3" timestamp="2025-11-16T07:12:56Z" uid="5653955" user="Timmy_Tesseract" changeset="174714479">
    <nd ref="9645607872"/>
    <nd ref="7984436453"/>
    <tag k="highway" v="residential"/>
    <tag k="surface" v="unpaved"/>
  </way>
  <way id="1049593514" version="3" timestamp="2025-11-16T07:12:56Z" uid="5653955" user="Timmy_Tesseract" changeset="174714479">
    <nd ref="9645607892"/>
    <nd ref="9645607891"/>
    <tag k="highway" v="residential"/>
    <tag k="surface" v="unpaved"/>
  </way>
  <way id="1049593515" version="3" timestamp="2025-11-16T07:12:56Z" uid="5653955" user="Timmy_Tesseract" changeset="174714479">
    <nd ref="7984436441"/>
    <nd ref="7984436440"/>
    <nd ref="7984436439"/>
    <nd ref="7984436438"/>
    <nd ref="7984436437"/>
    <nd ref="7984436436"/>
    <nd ref="7984436435"/>
    <nd ref="7984436434"/>
    <nd ref="7984436433"/>
    <nd ref="7984436432"/>
    <nd ref="7984436431"/>
    <nd ref="7984436430"/>
    <nd ref="7984436429"/>
    <nd ref="7984436428"/>
    <nd ref="7984436427"/>
    <nd ref="7984436426"/>
    <nd ref="7984436425"/>
    <tag k="highway" v="residential"/>
    <tag k="surface" v="unpaved"/>
  </way>
  <way id="1049593517" version="3" timestamp="2025-11-16T07:12:56Z" uid="5653955" user="Timmy_Tesseract" changeset="174714479">
    <nd ref="7984436490"/>
    <nd ref="9645624933"/>
    <nd ref="9645624932"/>
    <nd ref="9645624931"/>
    <nd ref="9645624930"/>
    <nd ref="9645624929"/>
    <nd ref="9645624928"/>
    <nd ref="9645624927"/>
    <nd ref="9645624926"/>
    <nd ref="9645607909"/>
    <nd ref="9645624925"/>
    <nd ref="9645624924"/>
    <nd ref="9645607890"/>
    <nd ref="9645624923"/>
    <nd ref="9645624922"/>
    <nd ref="9645624921"/>
    <nd ref="9645624920"/>
    <nd ref="9645624919"/>
    <nd ref="9645624918"/>
    <nd ref="9645624917"/>
    <nd ref="9645607916"/>
    <nd ref="9645607915"/>
    <nd ref="9645607914"/>
    <nd ref="9645607913"/>
    <nd ref="9645607912"/>
    <nd ref="9645607911"/>
    <nd ref="9645607910"/>
    <nd ref="7984436421"/>
    <tag k="highway" v="residential"/>
    <tag k="surface" v="unpaved"/>
  </way>
  <way id="1049593518" version="3" timestamp="2025-11-16T07:12:56Z" uid="5653955" user="Timmy_Tesseract" changeset="174714479">
    <nd ref="7984773323"/>
    <nd ref="6894779895"/>
    <tag k="highway" v="residential"/>
  </way>
  <way id="1049593519" version="3" timestamp="2025-11-16T07:12:56Z" uid="5653955" user="Timmy_Tesseract" changeset="174714479">
    <nd ref="6894779890"/>
    <nd ref="7984750713"/>
    <tag k="highway" v="residential"/>
  </way>
  <way id="1049593520" version="3" timestamp="2025-11-16T07:12:56Z" uid="5653955" user="Timmy_Tesseract" changeset="174714479">
    <nd ref="6894779895"/>
    <nd ref="6894779897"/>
    <nd ref="6894779898"/>
    <nd ref="9645624961"/>
    <nd ref="6894779900"/>
    <nd ref="7984750697"/>
    <nd ref="9645624960"/>
    <tag k="highway" v="residential"/>
    <tag k="surface" v="unpaved"/>
  </way>
  <way id="1049593522" version="3" timestamp="2025-11-16T07:12:56Z" uid="5653955" user="Timmy_Tesseract" changeset="174714479">
    <nd ref="9645624975"/>
    <nd ref="9645624970"/>
    <tag k="highway" v="residential"/>
    <tag k="surface" v="unpaved"/>
  </way>
  <way id="1049593523" version="3" timestamp="2025-11-16T07:12:56Z" uid="5653955" user="Timmy_Tesseract" changeset="174714479">
    <nd ref="9645624996"/>
    <nd ref="9645624992"/>
    <nd ref="9645624991"/>
    <nd ref="9645624990"/>
    <nd ref="9645624989"/>
    <nd ref="9645624988"/>
    <nd ref="9645624987"/>
    <nd ref="9645624986"/>
    <nd ref="9645624985"/>
    <nd ref="9645624984"/>
    <nd ref="9645624983"/>
    <nd ref="9645624982"/>
    <nd ref="9645624981"/>
    <nd ref="9645624980"/>
    <nd ref="9645624979"/>
    <nd ref="9645624960"/>
    <nd ref="9645624978"/>
    <nd ref="9645624977"/>
    <nd ref="9645624976"/>
    <nd ref="9645624975"/>
    <tag k="highway" v="residential"/>
    <tag k="surface" v="unpaved"/>
  </way>
  <way id="1049593524" version="3" timestamp="2025-11-16T07:12:56Z" uid="5653955" user="Timmy_Tesseract" changeset="174714479">
    <nd ref="9645624996"/>
    <nd ref="9645624995"/>
    <nd ref="9645624994"/>
    <nd ref="9645624993"/>
    <nd ref="9645624944"/>
    <nd ref="9645624943"/>
    <nd ref="9645624942"/>
    <nd ref="9645624941"/>
    <nd ref="7984436389"/>
    <tag k="highway" v="residential"/>
    <tag k="surface" v="unpaved"/>
  </way>
  <way id="1049593525" version="3" timestamp="2025-11-16T07:12:56Z" uid="5653955" user="Timmy_Tesseract" changeset="174714479">
    <nd ref="7984436402"/>
    <nd ref="7984436401"/>
    <nd ref="7984436400"/>
    <nd ref="7984436399"/>
    <nd ref="7984436398"/>
    <nd ref="7984436397"/>
    <nd ref="7984436396"/>
    <nd ref="7984436395"/>
    <nd ref="7984436394"/>
    <nd ref="7984436393"/>
    <nd ref="7984436392"/>
    <nd ref="7984436391"/>
    <nd ref="7984436390"/>
    <nd ref="7984436389"/>
    <tag k="highway" v="residential"/>
    <tag k="surface" v="unpaved"/>
  </way>
  <way id="1049593526" version="3" timestamp="2025-11-16T07:12:56Z" uid="5653955" user="Timmy_Tesseract" changeset="174714479">
    <nd ref="1183460311"/>
    <nd ref="9645624939"/>
    <nd ref="1183460294"/>
    <nd ref="7984416381"/>
    <nd ref="7984416382"/>
    <nd ref="7984416383"/>
    <nd ref="9645624940"/>
    <nd ref="7984436389"/>
    <tag k="highway" v="residential"/>
    <tag k="surface" v="unpaved"/>
  </way>
  <way id="1049593527" version="1" timestamp="2022-04-06T12:43:34Z" uid="5653955" user="Timmy_Tesseract" changeset="119385893">
    <nd ref="7984651851"/>
    <nd ref="4933558479"/>
    <nd ref="7984651848"/>
    <nd ref="7984651850"/>
    <nd ref="1176856292"/>
    <nd ref="1176856295"/>
    <nd ref="7984720556"/>
    <nd ref="1183459590"/>
    <nd ref="7984651846"/>
    <nd ref="9645625021"/>
    <nd ref="7984651845"/>
    <tag k="highway" v="residential"/>
  </way>
  <way id="1049593528" version="3" timestamp="2025-11-16T07:12:56Z" uid="5653955" user="Timmy_Tesseract" changeset="174714479">
    <nd ref="9645625028"/>
    <nd ref="9645625027"/>
    <tag k="highway" v="residential"/>
  </way>
  <way id="1049593529" version="5" timestamp="2026-05-20T19:59:19Z" uid="24046365" user="Ainie Mac" changeset="182946126">
    <nd ref="1564992511"/>
    <nd ref="9645625038"/>
    <nd ref="9645625031"/>
    <nd ref="1180922969"/>
    <nd ref="8090444911"/>
    <nd ref="1180896776"/>
    <nd ref="8090444913"/>
    <nd ref="8090444912"/>
    <nd ref="1180898810"/>
    <nd ref="9645625024"/>
    <nd ref="1183459870"/>
    <nd ref="9645625023"/>
    <nd ref="9645625029"/>
    <nd ref="1180919114"/>
    <tag k="highway" v="unclassified"/>
    <tag k="lanes" v="2"/>
    <tag k="name" v="Ahmad Domocao A. Alonto Sr. Avenue"/>
    <tag k="name:etymology:wikidata" v="Q12963474"/>
    <tag k="old_name" v="4th Street"/>
    <tag k="oneway" v="yes"/>
    <tag k="surface" v="concrete"/>
  </way>
  <way id="1050449888" version="2" timestamp="2022-05-24T07:25:04Z" uid="5653955" user="Timmy_Tesseract" changeset="121405934">
    <nd ref="7984312387"/>
    <nd ref="7984312386"/>
    <nd ref="9766266167"/>
    <nd ref="7984312385"/>
    <tag k="highway" v="service"/>
    <tag k="service" v="driveway"/>
  </way>
  <way id="1050449889" version="2" timestamp="2022-05-24T07:25:04Z" uid="5653955" user="Timmy_Tesseract" changeset="121405934">
    <nd ref="1180895852"/>
    <nd ref="1180900277"/>
    <nd ref="1180906119"/>
    <nd ref="1180895932"/>
    <nd ref="1180897531"/>
    <nd ref="9766266169"/>
    <nd ref="9766266168"/>
    <nd ref="7984312387"/>
    <nd ref="9766266170"/>
    <nd ref="9653170733"/>
    <nd ref="9766266171"/>
    <nd ref="9766266172"/>
    <nd ref="9653170732"/>
    <nd ref="9766266173"/>
    <nd ref="9766266174"/>
    <nd ref="9653170731"/>
    <nd ref="9653170730"/>
    <nd ref="9653170729"/>
    <tag k="highway" v="service"/>
    <tag k="oneway" v="yes"/>
    <tag k="service" v="driveway"/>
  </way>
  <way id="1050449890" version="4" timestamp="2026-05-21T15:34:44Z" uid="20109123" user="LakePoopó" changeset="182982365">
    <nd ref="1180896097"/>
    <nd ref="9766266128"/>
    <nd ref="9766266127"/>
    <nd ref="2385159009"/>
    <nd ref="7984390233"/>
    <nd ref="9766266152"/>
    <nd ref="1183459852"/>
    <nd ref="9766266165"/>
    <nd ref="1180916804"/>
    <nd ref="7984390232"/>
    <nd ref="4933628102"/>
    <nd ref="9645625037"/>
    <nd ref="9645625036"/>
    <nd ref="1564992511"/>
    <tag k="highway" v="unclassified"/>
    <tag k="lanes" v="2"/>
    <tag k="maxspeed" v="40"/>
    <tag k="name" v="Ahmad Domocao A. Alonto Sr. Avenue"/>
    <tag k="oneway" v="yes"/>
    <tag k="surface" v="concrete"/>
    <tag k="tree_lined" v="both"/>
  </way>
  <way id="1050449892" version="2" timestamp="2022-05-24T07:25:04Z" uid="5653955" user="Timmy_Tesseract" changeset="121405934">
    <nd ref="6501184750"/>
    <nd ref="9653170741"/>
    <nd ref="6501184761"/>
    <tag k="designation" v="national_tertiary_road"/>
    <tag k="highway" v="unclassified"/>
    <tag k="lanes" v="1"/>
    <tag k="maxspeed" v="40"/>
    <tag k="name" v="Ahmad Domocao A. Alonto Sr. Avenue"/>
    <tag k="nat_name" v="Marawi-MSU Road"/>
    <tag k="oneway" v="yes"/>
    <tag k="surface" v="concrete"/>
  </way>
  <way id="1050449893" version="2" timestamp="2022-05-24T07:25:04Z" uid="5653955" user="Timmy_Tesseract" changeset="121405934">
    <nd ref="6501184757"/>
    <nd ref="9766266028"/>
    <nd ref="9766266176"/>
    <nd ref="9766266191"/>
    <nd ref="9766266192"/>
    <nd ref="9766266193"/>
    <nd ref="9766266194"/>
    <nd ref="9766266195"/>
    <nd ref="9766266196"/>
    <nd ref="9766266197"/>
    <nd ref="9766266198"/>
    <nd ref="9766266199"/>
    <nd ref="9766266181"/>
    <tag k="designation" v="national_tertiary_road"/>
    <tag k="highway" v="unclassified"/>
    <tag k="lanes" v="1"/>
    <tag k="lit" v="yes"/>
    <tag k="maxspeed" v="40"/>
    <tag k="name" v="Ahmad Domocao A. Alonto Sr. Avenue"/>
    <tag k="nat_name" v="Marawi-MSU Road"/>
    <tag k="oneway" v="yes"/>
    <tag k="sidewalk" v="no"/>
    <tag k="surface" v="concrete"/>
    <tag k="tree_lined" v="right"/>
  </way>
  <way id="1050449894" version="2" timestamp="2022-05-24T07:25:04Z" uid="5653955" user="Timmy_Tesseract" changeset="121405934">
    <nd ref="6501184756"/>
    <nd ref="9653170741"/>
    <tag k="highway" v="unclassified"/>
    <tag k="maxspeed" v="40"/>
    <tag k="noname" v="yes"/>
    <tag k="surface" v="concrete"/>
  </way>
  <way id="1050452471" version="2" timestamp="2022-05-24T07:40:28Z" uid="5653955" user="Timmy_Tesseract" changeset="121406855">
    <nd ref="7980666463"/>
    <nd ref="9766285679"/>
    <nd ref="9766285678"/>
    <nd ref="9766285677"/>
    <nd ref="9766285676"/>
    <nd ref="9766285675"/>
    <nd ref="7980848496"/>
    <nd ref="7980847177"/>
    <nd ref="7980847176"/>
    <nd ref="7980847175"/>
    <nd ref="7980847174"/>
    <nd ref="7980847173"/>
    <nd ref="7980848495"/>
    <nd ref="9766285646"/>
    <nd ref="9766285647"/>
    <nd ref="9766285648"/>
    <nd ref="9766285649"/>
    <nd ref="9766285656"/>
    <nd ref="9766285650"/>
    <nd ref="9766285651"/>
    <nd ref="9766285652"/>
    <nd ref="9766285653"/>
    <nd ref="9766285654"/>
    <nd ref="9766285655"/>
    <tag k="highway" v="residential"/>
    <tag k="surface" v="unpaved"/>
  </way>
  <way id="1063156421" version="1" timestamp="2022-05-24T07:25:04Z" uid="5653955" user="Timmy_Tesseract" changeset="121405934">
    <nd ref="1181132629"/>
    <nd ref="4933626507"/>
    <nd ref="8090444904"/>
    <nd ref="1183460075"/>
    <nd ref="1183459934"/>
    <tag k="highway" v="residential"/>
  </way>
  <way id="1063156422" version="3" timestamp="2026-07-17T07:36:12Z" uid="24304747" user="SOMAWD" changeset="185889271">
    <nd ref="8090598477"/>
    <nd ref="8090598478"/>
    <nd ref="8090506941"/>
    <nd ref="8090506942"/>
    <nd ref="13867858897"/>
    <nd ref="8090506943"/>
    <nd ref="8090506944"/>
    <nd ref="8090506945"/>
    <nd ref="8090506946"/>
    <nd ref="8090506947"/>
    <nd ref="8090506948"/>
    <nd ref="8090506949"/>
    <nd ref="8090506950"/>
    <nd ref="8090506951"/>
    <nd ref="8090506952"/>
    <nd ref="8090506953"/>
    <nd ref="1183459624"/>
    <nd ref="1183459767"/>
    <nd ref="8090444903"/>
    <nd ref="14021753939"/>
    <nd ref="1181132629"/>
    <nd ref="7981043824"/>
    <tag k="highway" v="residential"/>
  </way>
  <way id="1063156423" version="1" timestamp="2022-05-24T07:25:04Z" uid="5653955" user="Timmy_Tesseract" changeset="121405934">
    <nd ref="1183459851"/>
    <nd ref="1183459948"/>
    <nd ref="1183460257"/>
    <nd ref="7976935961"/>
    <nd ref="7976935941"/>
    <nd ref="7976935960"/>
    <nd ref="1183460233"/>
    <nd ref="7976935943"/>
    <nd ref="1183455645"/>
    <nd ref="7976935942"/>
    <nd ref="7976935959"/>
    <nd ref="9766260908"/>
    <nd ref="9766260907"/>
    <nd ref="9766260906"/>
    <tag k="highway" v="residential"/>
  </way>
  <way id="1063156424" version="2" timestamp="2026-05-23T18:04:04Z" uid="24046365" user="Ainie Mac" changeset="183079088">
    <nd ref="13867858889"/>
    <nd ref="1183460259"/>
    <nd ref="9766266157"/>
    <tag k="highway" v="footway"/>
  </way>
  <way id="1063156425" version="1" timestamp="2022-05-24T07:25:04Z" uid="5653955" user="Timmy_Tesseract" changeset="121405934">
    <nd ref="7984651845"/>
    <nd ref="9645625022"/>
    <nd ref="7984651844"/>
    <nd ref="7984651843"/>
    <nd ref="1183460493"/>
    <nd ref="6894852305"/>
    <tag k="highway" v="residential"/>
  </way>
  <way id="1063156426" version="2" timestamp="2025-07-03T07:44:25Z" uid="23055017" user="angeloiligan" changeset="168431484">
    <nd ref="1180926248"/>
    <nd ref="5509774787"/>
    <nd ref="1183459569"/>
    <nd ref="1181133906"/>
    <nd ref="7984561281"/>
    <nd ref="7984561280"/>
    <nd ref="7984561279"/>
    <nd ref="2385159003"/>
    <nd ref="7984561278"/>
    <nd ref="7984561277"/>
    <nd ref="7984561276"/>
    <nd ref="1183460380"/>
    <tag k="highway" v="unclassified"/>
    <tag k="lanes" v="2"/>
    <tag k="name" v="4th Street"/>
    <tag k="sidewalk:left" v="yes"/>
    <tag k="surface" v="concrete"/>
  </way>
  <way id="1063156427" version="2" timestamp="2024-10-22T11:32:00Z" uid="6591426" user="uᴉʍOꓨ" changeset="158207347">
    <nd ref="2385159010"/>
    <nd ref="1183459597"/>
    <nd ref="7984595628"/>
    <nd ref="1487110899"/>
    <nd ref="1180919114"/>
    <tag k="highway" v="tertiary"/>
    <tag k="lanes" v="2"/>
    <tag k="name" v="Mamintal A. J.Tamano Street"/>
    <tag k="name:etymology" v="Mamintal A.J. Tamano"/>
    <tag k="name:etymology:wikidata" v="Q6745685"/>
    <tag k="old_name" v="Cabingan Road"/>
    <tag k="surface" v="concrete"/>
  </way>
  <way id="1063156428" version="1" timestamp="2022-05-24T07:25:04Z" uid="5653955" user="Timmy_Tesseract" changeset="121405934">
    <nd ref="9766266028"/>
    <nd ref="9766266027"/>
    <tag k="highway" v="unclassified"/>
    <tag k="maxspeed" v="40"/>
    <tag k="noname" v="yes"/>
    <tag k="surface" v="concrete"/>
  </way>
  <way id="1063156429" version="4" timestamp="2026-05-23T18:04:04Z" uid="24046365" user="Ainie Mac" changeset="183079088">
    <nd ref="9766266129"/>
    <nd ref="9766266130"/>
    <nd ref="9766266131"/>
    <nd ref="9766266132"/>
    <nd ref="9766266133"/>
    <nd ref="9766266134"/>
    <nd ref="9766266135"/>
    <nd ref="13867858889"/>
    <nd ref="9766266136"/>
    <nd ref="9766266137"/>
    <nd ref="9766266138"/>
    <nd ref="9766266139"/>
    <nd ref="9766266141"/>
    <nd ref="9766266140"/>
    <nd ref="9766266142"/>
    <tag k="highway" v="footway"/>
    <tag k="oneway" v="no"/>
    <tag k="surface" v="concrete"/>
  </way>
  <way id="1063156430" version="5" timestamp="2026-05-23T18:04:04Z" uid="24046365" user="Ainie Mac" changeset="183079088">
    <nd ref="9766266153"/>
    <nd ref="9766266154"/>
    <nd ref="9766266155"/>
    <nd ref="9766266156"/>
    <nd ref="9766266142"/>
    <nd ref="9766266157"/>
    <nd ref="9766266129"/>
    <nd ref="13854227836"/>
    <nd ref="9766266158"/>
    <nd ref="13867858886"/>
    <nd ref="9766266159"/>
    <nd ref="9766266160"/>
    <nd ref="9766266161"/>
    <nd ref="9766266152"/>
    <tag k="crossing:markings" v="lines"/>
    <tag k="highway" v="service"/>
    <tag k="name" v="2nd Street"/>
    <tag k="old_name" v="2nd Street"/>
    <tag k="oneway" v="yes"/>
    <tag k="surface" v="concrete"/>
  </way>
  <way id="1063160289" version="1" timestamp="2022-05-24T07:40:28Z" uid="5653955" user="Timmy_Tesseract" changeset="121406855">
    <nd ref="7980898576"/>
    <nd ref="9766285657"/>
    <nd ref="7980898559"/>
    <nd ref="7980898575"/>
    <nd ref="7980898558"/>
    <nd ref="9766285658"/>
    <tag k="highway" v="residential"/>
    <tag k="surface" v="unpaved"/>
  </way>
  <way id="1063160290" version="1" timestamp="2022-05-24T07:40:28Z" uid="5653955" user="Timmy_Tesseract" changeset="121406855">
    <nd ref="7980666463"/>
    <nd ref="9653212339"/>
    <tag k="highway" v="residential"/>
    <tag k="surface" v="unpaved"/>
  </way>
  <way id="1063160291" version="1" timestamp="2022-05-24T07:40:28Z" uid="5653955" user="Timmy_Tesseract" changeset="121406855">
    <nd ref="1171601904"/>
    <nd ref="5414791460"/>
    <nd ref="1171601908"/>
    <nd ref="1171601909"/>
    <tag k="highway" v="residential"/>
  </way>
  <way id="1298619113" version="1" timestamp="2024-07-02T17:54:16Z" uid="18414168" user="KatpanaDesert" changeset="153469694">
    <nd ref="4933683783"/>
    <nd ref="12029659520"/>
    <nd ref="12029659519"/>
    <tag k="highway" v="residential"/>
  </way>
  <way id="1517797972" version="1" timestamp="2026-05-20T19:59:19Z" uid="24046365" user="Ainie Mac" changeset="182946126">
    <nd ref="9766266158"/>
    <nd ref="13854227827"/>
    <nd ref="13854227828"/>
    <nd ref="13854227829"/>
    <tag k="highway" v="footway"/>
  </way>
  <way id="1517797973" version="1" timestamp="2026-05-20T19:59:19Z" uid="24046365" user="Ainie Mac" changeset="182946126">
    <nd ref="9766266142"/>
    <nd ref="13854227830"/>
    <nd ref="13854227831"/>
    <tag k="highway" v="footway"/>
  </way>
  <way id="1517797975" version="1" timestamp="2026-05-20T19:59:19Z" uid="24046365" user="Ainie Mac" changeset="182946126">
    <nd ref="13854227836"/>
    <nd ref="13854227837"/>
    <nd ref="13854227838"/>
    <tag k="highway" v="footway"/>
  </way>
  <way id="1517797976" version="1" timestamp="2026-05-20T19:59:19Z" uid="24046365" user="Ainie Mac" changeset="182946126">
    <nd ref="13854227839"/>
    <nd ref="13854227840"/>
    <nd ref="9766266136"/>
    <tag k="highway" v="footway"/>
  </way>
  <way id="1517797977" version="1" timestamp="2026-05-20T19:59:19Z" uid="24046365" user="Ainie Mac" changeset="182946126">
    <nd ref="13854227841"/>
    <nd ref="13854227842"/>
    <nd ref="13854227843"/>
    <nd ref="13854227844"/>
    <tag k="highway" v="footway"/>
  </way>
  <way id="1517797978" version="2" timestamp="2026-05-23T18:04:04Z" uid="24046365" user="Ainie Mac" changeset="183079088">
    <nd ref="13854227845"/>
    <nd ref="13854227846"/>
    <nd ref="13867880332"/>
    <nd ref="13854227847"/>
    <tag k="highway" v="footway"/>
  </way>
  <way id="1517797981" version="1" timestamp="2026-05-20T19:59:19Z" uid="24046365" user="Ainie Mac" changeset="182946126">
    <nd ref="13854227847"/>
    <nd ref="13854227855"/>
    <nd ref="13854227862"/>
    <nd ref="13854227856"/>
    <tag k="highway" v="footway"/>
  </way>
  <way id="1517797982" version="1" timestamp="2026-05-20T19:59:19Z" uid="24046365" user="Ainie Mac" changeset="182946126">
    <nd ref="13854227845"/>
    <nd ref="13854227857"/>
    <nd ref="13854227858"/>
    <nd ref="13854227859"/>
    <nd ref="13854227860"/>
    <nd ref="13854227861"/>
    <nd ref="13854227862"/>
    <tag k="highway" v="footway"/>
  </way>
  <way id="1517797983" version="2" timestamp="2026-05-23T18:04:04Z" uid="24046365" user="Ainie Mac" changeset="183079088">
    <nd ref="13866838502"/>
    <nd ref="13854227867"/>
    <nd ref="13854227866"/>
    <tag k="highway" v="footway"/>
  </way>
  <way id="1517797984" version="2" timestamp="2026-05-23T18:04:04Z" uid="24046365" user="Ainie Mac" changeset="183079088">
    <nd ref="13854227867"/>
    <nd ref="13854227868"/>
    <nd ref="9766266135"/>
    <tag k="highway" v="footway"/>
  </way>
  <way id="1518328033" version="3" timestamp="2026-05-26T06:21:20Z" uid="22557291" user="MountFuji" changeset="183189010">
    <nd ref="5509774787"/>
    <nd ref="13854227854"/>
    <nd ref="7984582502"/>
    <nd ref="1487110829"/>
    <nd ref="13867858859"/>
    <nd ref="1487110836"/>
    <tag k="highway" v="service"/>
  </way>
  <way id="1518801397" version="1" timestamp="2026-05-22T19:41:40Z" uid="24046365" user="Ainie Mac" changeset="183039183">
    <nd ref="7976935938"/>
    <nd ref="7976935948"/>
    <tag k="highway" v="footway"/>
  </way>
  <way id="1518801399" version="1" timestamp="2026-05-22T19:41:40Z" uid="24046365" user="Ainie Mac" changeset="183039183">
    <nd ref="13861364848"/>
    <nd ref="13861364849"/>
    <tag k="highway" v="footway"/>
  </way>
  <way id="1519798520" version="1" timestamp="2026-05-23T18:04:04Z" uid="24046365" user="Ainie Mac" changeset="183079088">
    <nd ref="13867858841"/>
    <nd ref="13866845154"/>
    <tag k="highway" v="footway"/>
  </way>
  <way id="1519798521" version="1" timestamp="2026-05-23T18:04:04Z" uid="24046365" user="Ainie Mac" changeset="183079088">
    <nd ref="13867858842"/>
    <nd ref="13867858843"/>
    <tag k="highway" v="footway"/>
  </way>
  <way id="1519798522" version="1" timestamp="2026-05-23T18:04:04Z" uid="24046365" user="Ainie Mac" changeset="183079088">
    <nd ref="13867858844"/>
    <nd ref="13866845155"/>
    <tag k="highway" v="footway"/>
  </way>
  <way id="1519798523" version="1" timestamp="2026-05-23T18:04:04Z" uid="24046365" user="Ainie Mac" changeset="183079088">
    <nd ref="13867858845"/>
    <nd ref="13866845157"/>
    <tag k="highway" v="footway"/>
  </way>
  <way id="1519798524" version="1" timestamp="2026-05-23T18:04:04Z" uid="24046365" user="Ainie Mac" changeset="183079088">
    <nd ref="13867858846"/>
    <nd ref="13867858847"/>
    <nd ref="13867858848"/>
    <nd ref="13867858849"/>
    <nd ref="13866845158"/>
    <nd ref="13867858850"/>
    <nd ref="13867858851"/>
    <nd ref="13867858852"/>
    <nd ref="13867858853"/>
    <nd ref="13867858854"/>
    <tag k="highway" v="footway"/>
  </way>
  <way id="1519798525" version="1" timestamp="2026-05-23T18:04:04Z" uid="24046365" user="Ainie Mac" changeset="183079088">
    <nd ref="13867858855"/>
    <nd ref="13867858856"/>
    <tag k="highway" v="footway"/>
  </way>
  <way id="1519798526" version="1" timestamp="2026-05-23T18:04:04Z" uid="24046365" user="Ainie Mac" changeset="183079088">
    <nd ref="13867858857"/>
    <nd ref="13867858858"/>
    <tag k="highway" v="footway"/>
  </way>
  <way id="1519798528" version="1" timestamp="2026-05-23T18:04:04Z" uid="24046365" user="Ainie Mac" changeset="183079088">
    <nd ref="13867858861"/>
    <nd ref="13867858862"/>
    <nd ref="13867858863"/>
    <nd ref="13867858864"/>
    <nd ref="13867858865"/>
    <nd ref="13867858866"/>
    <nd ref="13867858867"/>
    <tag k="highway" v="footway"/>
  </way>
  <way id="1519798529" version="1" timestamp="2026-05-23T18:04:04Z" uid="24046365" user="Ainie Mac" changeset="183079088">
    <nd ref="13867858869"/>
    <nd ref="13867858870"/>
    <tag k="highway" v="footway"/>
  </way>
  <way id="1519798530" version="1" timestamp="2026-05-23T18:04:04Z" uid="24046365" user="Ainie Mac" changeset="183079088">
    <nd ref="13867858871"/>
    <nd ref="13867858872"/>
    <tag k="highway" v="footway"/>
  </way>
  <way id="1519798531" version="1" timestamp="2026-05-23T18:04:04Z" uid="24046365" user="Ainie Mac" changeset="183079088">
    <nd ref="13867858873"/>
    <nd ref="13867858874"/>
    <nd ref="13867858875"/>
    <nd ref="13867858876"/>
    <nd ref="13867858877"/>
    <nd ref="13867858878"/>
    <nd ref="13867858879"/>
    <nd ref="13867858880"/>
    <nd ref="13867858881"/>
    <nd ref="13867858882"/>
    <nd ref="13867858883"/>
    <nd ref="13867858884"/>
    <nd ref="13867858885"/>
    <tag k="highway" v="footway"/>
  </way>
  <way id="1519798532" version="1" timestamp="2026-05-23T18:04:04Z" uid="24046365" user="Ainie Mac" changeset="183079088">
    <nd ref="13867858886"/>
    <nd ref="13867858887"/>
    <tag k="highway" v="footway"/>
  </way>
  <way id="1519798533" version="1" timestamp="2026-05-23T18:04:04Z" uid="24046365" user="Ainie Mac" changeset="183079088">
    <nd ref="13861364848"/>
    <nd ref="13867858888"/>
    <nd ref="13854227867"/>
    <tag k="highway" v="footway"/>
  </way>
  <way id="1519798534" version="1" timestamp="2026-05-23T18:04:04Z" uid="24046365" user="Ainie Mac" changeset="183079088">
    <nd ref="13867858890"/>
    <nd ref="13867858891"/>
    <tag k="highway" v="footway"/>
  </way>
  <way id="1519798535" version="1" timestamp="2026-05-23T18:04:04Z" uid="24046365" user="Ainie Mac" changeset="183079088">
    <nd ref="13867858892"/>
    <nd ref="13867858893"/>
    <tag k="highway" v="footway"/>
  </way>
  <way id="1519798537" version="1" timestamp="2026-05-23T18:04:04Z" uid="24046365" user="Ainie Mac" changeset="183079088">
    <nd ref="13867858897"/>
    <nd ref="13867858898"/>
    <tag k="highway" v="footway"/>
  </way>
  <way id="1519798538" version="1" timestamp="2026-05-23T18:04:04Z" uid="24046365" user="Ainie Mac" changeset="183079088">
    <nd ref="13867858899"/>
    <nd ref="13867858900"/>
    <nd ref="13867880301"/>
    <nd ref="13867880302"/>
    <nd ref="13867880303"/>
    <nd ref="13867880304"/>
    <tag k="highway" v="footway"/>
  </way>
  <way id="1519798539" version="1" timestamp="2026-05-23T18:04:04Z" uid="24046365" user="Ainie Mac" changeset="183079088">
    <nd ref="13867880305"/>
    <nd ref="13867880308"/>
    <nd ref="13867880306"/>
    <tag k="highway" v="footway"/>
  </way>
  <way id="1519798540" version="1" timestamp="2026-05-23T18:04:04Z" uid="24046365" user="Ainie Mac" changeset="183079088">
    <nd ref="13867880307"/>
    <nd ref="13867880308"/>
    <tag k="highway" v="footway"/>
  </way>
  <way id="1519798542" version="1" timestamp="2026-05-23T18:04:04Z" uid="24046365" user="Ainie Mac" changeset="183079088">
    <nd ref="13867880311"/>
    <nd ref="13867880312"/>
    <tag k="highway" v="footway"/>
  </way>
  <way id="1519798543" version="1" timestamp="2026-05-23T18:04:04Z" uid="24046365" user="Ainie Mac" changeset="183079088">
    <nd ref="5437771183"/>
    <nd ref="13867880313"/>
    <nd ref="13867880314"/>
    <nd ref="13867880315"/>
    <nd ref="13867880316"/>
    <nd ref="13867880317"/>
    <nd ref="13867880323"/>
    <nd ref="13867880318"/>
    <nd ref="13867880319"/>
    <nd ref="13867880320"/>
    <tag k="highway" v="footway"/>
  </way>
  <way id="1519798544" version="1" timestamp="2026-05-23T18:04:04Z" uid="24046365" user="Ainie Mac" changeset="183079088">
    <nd ref="13867880321"/>
    <nd ref="13867880318"/>
    <tag k="highway" v="footway"/>
  </way>
  <way id="1519798545" version="1" timestamp="2026-05-23T18:04:04Z" uid="24046365" user="Ainie Mac" changeset="183079088">
    <nd ref="13867880323"/>
    <nd ref="13867880324"/>
    <nd ref="13867880322"/>
    <tag k="highway" v="footway"/>
  </way>
  <way id="1519798546" version="1" timestamp="2026-05-23T18:04:04Z" uid="24046365" user="Ainie Mac" changeset="183079088">
    <nd ref="13867880325"/>
    <nd ref="13867880326"/>
    <tag k="highway" v="footway"/>
  </way>
  <way id="1519798547" version="2" timestamp="2026-07-16T04:46:54Z" uid="24304747" user="SOMAWD" changeset="185823026">
    <nd ref="13867880327"/>
    <nd ref="13867880328"/>
    <nd ref="13867880329"/>
    <nd ref="4934254078"/>
    <nd ref="13867880330"/>
    <tag k="highway" v="footway"/>
  </way>
  <way id="1519798551" version="1" timestamp="2026-05-23T18:04:04Z" uid="24046365" user="Ainie Mac" changeset="183079088">
    <nd ref="13867880368"/>
    <nd ref="13867880369"/>
    <nd ref="13867880370"/>
    <nd ref="13867880371"/>
    <nd ref="13867880372"/>
    <nd ref="13867880373"/>
    <nd ref="13867880378"/>
    <tag k="highway" v="footway"/>
  </way>
  <way id="1519798552" version="1" timestamp="2026-05-23T18:04:04Z" uid="24046365" user="Ainie Mac" changeset="183079088">
    <nd ref="13867880378"/>
    <nd ref="7984363002"/>
    <tag k="highway" v="footway"/>
  </way>
  <way id="1519798553" version="1" timestamp="2026-05-23T18:04:04Z" uid="24046365" user="Ainie Mac" changeset="183079088">
    <nd ref="13867880374"/>
    <nd ref="13867880377"/>
    <tag k="highway" v="footway"/>
  </way>
  <way id="1519798554" version="1" timestamp="2026-05-23T18:04:04Z" uid="24046365" user="Ainie Mac" changeset="183079088">
    <nd ref="13867880375"/>
    <nd ref="13867880376"/>
    <tag k="highway" v="footway"/>
  </way>
  <way id="1519798555" version="1" timestamp="2026-05-23T18:04:04Z" uid="24046365" user="Ainie Mac" changeset="183079088">
    <nd ref="13867880379"/>
    <nd ref="13867880380"/>
    <tag k="highway" v="footway"/>
  </way>
  <way id="1519798556" version="1" timestamp="2026-05-23T18:04:04Z" uid="24046365" user="Ainie Mac" changeset="183079088">
    <nd ref="13867880381"/>
    <nd ref="13867880382"/>
    <tag k="highway" v="footway"/>
  </way>
  <way id="1519798557" version="1" timestamp="2026-05-23T18:04:04Z" uid="24046365" user="Ainie Mac" changeset="183079088">
    <nd ref="13867880385"/>
    <nd ref="13867880386"/>
    <nd ref="13867880387"/>
    <nd ref="13867880388"/>
    <nd ref="13867880389"/>
    <nd ref="13867880390"/>
    <nd ref="13867880391"/>
    <nd ref="13867880392"/>
    <nd ref="13867880393"/>
    <nd ref="13867880394"/>
    <tag k="highway" v="footway"/>
  </way>
  <way id="1519798558" version="1" timestamp="2026-05-23T18:04:04Z" uid="24046365" user="Ainie Mac" changeset="183079088">
    <nd ref="13867880395"/>
    <nd ref="13867880396"/>
    <tag k="highway" v="footway"/>
  </way>
  <way id="1524791382" version="1" timestamp="2026-05-31T02:07:15Z" uid="24046365" user="Ainie Mac" changeset="183423889">
    <nd ref="13897975803"/>
    <nd ref="13897975804"/>
    <tag k="highway" v="footway"/>
  </way>
  <way id="1539647234" version="1" timestamp="2026-07-16T04:46:54Z" uid="24304747" user="SOMAWD" changeset="185823026">
    <nd ref="14019152067"/>
    <nd ref="14019152068"/>
    <tag k="highway" v="track"/>
  </way>
</osm>
